id,remitente,destinatario,asunto,cuerpo,fecha_hora,es_phishing,tipo_phishing,puntuacion_riesgo,indicadores_sospechosos
1,maria.vargas@empresa.edu.ec,patricia.perez@techcorp.com,Solicitud de revisión de código - Pull Request #532,"Hola Patricia Perez,

¿Tendrás un espacio hoy para revisar las dudas sobre el módulo HTML5 Semántico? Quedo atento a tus comentarios.

Saludos,
Maria Vargas",2025-09-13 18:00:48,0,Ninguno (Legítimo),0.094,[]
2,fernando.mendoza@bancorivera.com,valentina.perez@servicio-cliente.com,Recordatorio: Mantenimiento programado de API REST,"Hola equipo,

Les recordamos que este fin de semana realizaremos un mantenimiento preventivo en API REST. El servicio no estará disponible entre las 02:00 y las 04:00 AM.

Gracias por su comprensión.",2026-09-03 07:39:41,0,Ninguno (Legítimo),0.024,[]
3,andres.morales@empresa.edu.ec,fernando.mendoza@bancorivera.com,Consulta sobre la entrega del módulo JavaScript Moderno ES6+,"Hola Fernando Mendoza,

Adjunto el informe correspondiente a la reunión de seguimiento del proyecto Integración API REST. Por favor revisa los puntos acordados para la próxima entrega.

Saludos cordiales,
Andres Morales",2026-03-03 20:31:22,0,Ninguno (Legítimo),0.016,[]
4,soporte@soporte-urgente-banco.xyz,patricia.rios@empresa.edu.ec,Factura vencida #69429 - Notificación final de cobro judicial,"Estimado/a Patricia Rios,

Adjunto enviamos la factura vencida #69429 correspondiente al último periodo de facturación. Si el pago no se registra hoy, iniciaremos el proceso de cobro judicial.

Descargue y revise el archivo adjunto 'Factura_Vencida_69429.exe' o 'Factura_Detalle.zip' para cancelar el saldo.

Atentamente,
Departamento de Cobranzas",2026-01-27 10:54:18,1,Fake Invoice / Malware Attachment,0.919,"[""Extensión de archivo adjunto peligrosa (.exe, .zip, .js)"", ""Amenaza de acciones legales o judiciales"", ""Remitente desconocido exigiendo pago""]"
5,patricia.lopez@servicio-cliente.com,luis.ramirez@techcorp.com,Consulta sobre la entrega del módulo CSS Responsivo,"Hola Luis Ramirez,

Adjunto el informe correspondiente a la reunión de seguimiento del proyecto Integración API REST. Por favor revisa los puntos acordados para la próxima entrega.

Saludos cordiales,
Patricia Lopez",2026-08-27 07:35:39,0,Ninguno (Legítimo),0.123,[]
6,roberto.vargas@servicio-cliente.com,gabriel.perez@servicio-cliente.com,Recordatorio: Mantenimiento programado de API REST,"Hola Gabriel Perez,

¿Tendrás un espacio hoy para revisar las dudas sobre el módulo CSS Responsivo? Quedo atento a tus comentarios.

Saludos,
Roberto Vargas",2025-10-04 15:40:53,0,Ninguno (Legítimo),0.066,[]
7,notificaciones-techcorp@actualiza-credenciales-pagos.net,camila.rodriguez@bancorivera.com,URGENTE: Suspención temporal de su cuenta bancaria por actividad sospechosa,"Estimado cliente,

Hemos detectado un intento de acceso no autorizado a su cuenta desde una dirección IP desconocida. Por su seguridad, hemos restringido temporalmente sus operaciones.

Para desbloquear su cuenta inmediatamente, ingrese a nuestro portal de verificación segura en el siguiente enlace:
http://actualiza-credenciales-pagos.net/login-verificacion?id=92240

Si no verifica sus datos en las próximas 24 horas, su cuenta será bloqueada permanentemente.

Atentamente,
Departamento de Seguridad Bancaria",2025-11-11 02:33:04,1,Credential Harvesting,0.909,"[""Urgencia extrema o amenaza de bloqueo"", ""Enlace a dominio no oficial"", ""Saludo genérico (Estimado cliente)"", ""Uso de protocolo HTTP no seguro""]"
8,notificaciones-servipagos@seguridad-cuenta-alert.online,andres.morales@gobierno.gob.ec,Su contraseña de correo expira hoy - Conserve su acceso,"Estimado usuario de ServiPagos,

Su contraseña expirará en 2 horas. Para mantener su contraseña actual y no perder el acceso a sus correos institucionales, valide sus credenciales en el portal interno:

https://seguridad-cuenta-alert.online/portal/reset-password

Soporte IT / TI",2026-03-16 05:41:44,1,Password Reset / Tech Support Scam,0.901,"[""Falsa expiración inminente de contraseña"", ""Portal de contraseña en dominio externo"", ""Sin personalización del nombre del usuario""]"
9,notificaciones-logisticaexpress@logistica-express-rastreo.info,maria.martinez@empresa.com,Solicitud urgente de transferencia de fondos - Confidencial,"Hola Maria Martinez,

Me encuentro en una reunión ejecutiva sin acceso a llamadas. Necesito que proceses con urgencia una transferencia bancaria para la adquisición de licencias internacionales.

Por favor confirma si puedes hacer el pago ahora mismo y te envío los datos de la cuenta de destino. Mantén esto de forma confidencial.

Saludos,
Dirección General",2026-07-26 20:23:07,1,Spear Phishing / CEO Fraud,0.91,"[""Suplantación de identidad ejecutiva (CEO Fraud)"", ""Petición de transferencia o pago urgente"", ""Solicitud de mantener secreto/confidencialidad"", ""Remitente spoofed o de correo gratuito""]"
10,jorge.sanchez@techcorp.com,sofia.rios@logisticaexpress.com,Minuta de la reunión de planificación del sprint #897,"Hola Sofia Rios,

Adjunto el informe correspondiente a la reunión de seguimiento del proyecto Integración API REST. Por favor revisa los puntos acordados para la próxima entrega.

Saludos cordiales,
Jorge Sanchez",2025-10-26 06:45:59,0,Ninguno (Legítimo),0.14,[]
11,luis.castro@servicio-cliente.com,ana.perez@empresa.edu.ec,Factura de servicio #878 de Septiembre,"Estimado/a Ana Perez,

Le confirmamos que hemos procesado la factura #878. Puede consultar el detalle en su panel de usuario de nuestra plataforma.

Atentamente,
Equipo de Contabilidad",2026-02-05 16:43:05,0,Ninguno (Legítimo),0.047,[]
12,roberto.vargas@mail.com,diego.castro@gobierno.gob.ec,Informe mensual de rendimiento de la plataforma,"Hola equipo,

Les recordamos que este fin de semana realizaremos un mantenimiento preventivo en Base de Datos. El servicio no estará disponible entre las 02:00 y las 04:00 AM.

Gracias por su comprensión.",2026-04-05 15:42:40,0,Ninguno (Legítimo),0.013,[]
13,patricia.rodriguez@bancorivera.com,carlos.rodriguez@bancorivera.com,Confirmación de registro al evento Integración API REST,"Hola Carlos Rodriguez,

¿Tendrás un espacio hoy para revisar las dudas sobre el módulo CSS Responsivo? Quedo atento a tus comentarios.

Saludos,
Patricia Rodriguez",2026-06-29 16:01:04,0,Ninguno (Legítimo),0.029,[]
14,valentina.perez@empresa.edu.ec,camila.perez@servicio-cliente.com,Factura de servicio #774 de Agosto,"Hola Camila Perez,

Adjunto el informe correspondiente a la reunión de seguimiento del proyecto Diseño UX/UI. Por favor revisa los puntos acordados para la próxima entrega.

Saludos cordiales,
Valentina Perez",2026-06-21 04:58:45,0,Ninguno (Legítimo),0.104,[]
15,maria.perez@logisticaexpress.com,roberto.castro@mail.com,Resumen semanal de actividades del equipo Infraestructura,"Estimado/a Roberto Castro,

Gracias por registrarse al taller sobre CSS Responsivo. Adjuntamos la agenda y los recursos de lectura previos.

Nos vemos pronto,
Comité Organizador",2025-10-21 10:12:24,0,Ninguno (Legítimo),0.045,[]
16,luis.mendoza@logisticaexpress.com,maria.gomez@bancorivera.com,Recordatorio: Mantenimiento programado de Base de Datos,"Estimado/a Maria Gomez,

Le confirmamos que hemos procesado la factura #516. Puede consultar el detalle en su panel de usuario de nuestra plataforma.

Atentamente,
Equipo de Contabilidad",2026-04-16 04:02:12,0,Ninguno (Legítimo),0.063,[]
17,jorge.perez@gobierno.gob.ec,sofia.fernandez@servicio-cliente.com,Resumen semanal de actividades del equipo Ciberseguridad,"Hola Sofia Fernandez,

Adjunto el informe correspondiente a la reunión de seguimiento del proyecto Integración API REST. Por favor revisa los puntos acordados para la próxima entrega.

Saludos cordiales,
Jorge Perez",2026-01-15 00:33:58,0,Ninguno (Legítimo),0.092,[]
18,elena.rodriguez@empresa.edu.ec,ana.morales@empresa.edu.ec,Resumen semanal de actividades del equipo Recursos Humanos,"Hola Ana Morales,

Adjunto el informe correspondiente a la reunión de seguimiento del proyecto Plataforma Web. Por favor revisa los puntos acordados para la próxima entrega.

Saludos cordiales,
Elena Rodriguez",2026-05-30 13:43:55,0,Ninguno (Legítimo),0.097,[]
19,gabriel.perez@gobierno.gob.ec,gabriel.martinez@logisticaexpress.com,Consulta sobre la entrega del módulo Arquitectura Cliente-Servidor,"Estimado/a Gabriel Martinez,

Gracias por registrarse al taller sobre Arquitectura Cliente-Servidor. Adjuntamos la agenda y los recursos de lectura previos.

Nos vemos pronto,
Comité Organizador",2026-06-27 04:34:45,0,Ninguno (Legítimo),0.097,[]
20,jorge.sanchez@empresa.edu.ec,diego.morales@gobierno.gob.ec,Resumen semanal de actividades del equipo Recursos Humanos,"Hola equipo,

Les recordamos que este fin de semana realizaremos un mantenimiento preventivo en Servicio de Autenticación. El servicio no estará disponible entre las 02:00 y las 04:00 AM.

Gracias por su comprensión.",2025-10-22 10:40:02,0,Ninguno (Legítimo),0.096,[]
21,maria.lopez@gobierno.gob.ec,carlos.vargas@gobierno.gob.ec,Factura de servicio #209 de Octubre,"Estimado/a Carlos Vargas,

Le confirmamos que hemos procesado la factura #209. Puede consultar el detalle en su panel de usuario de nuestra plataforma.

Atentamente,
Equipo de Contabilidad",2026-08-02 03:15:29,0,Ninguno (Legítimo),0.11,[]
22,soporte@techcorp-admin-portal.tk,camila.martinez@bancorivera.com,URGENTE: Suspención temporal de su cuenta bancaria por actividad sospechosa,"Estimado cliente,

Hemos detectado un intento de acceso no autorizado a su cuenta desde una dirección IP desconocida. Por su seguridad, hemos restringido temporalmente sus operaciones.

Para desbloquear su cuenta inmediatamente, ingrese a nuestro portal de verificación segura en el siguiente enlace:
http://techcorp-admin-portal.tk/login-verificacion?id=65518

Si no verifica sus datos en las próximas 24 horas, su cuenta será bloqueada permanentemente.

Atentamente,
Departamento de Seguridad Bancaria",2026-07-22 17:36:40,1,Credential Harvesting,0.897,"[""Urgencia extrema o amenaza de bloqueo"", ""Enlace a dominio no oficial"", ""Saludo genérico (Estimado cliente)"", ""Uso de protocolo HTTP no seguro""]"
23,notificaciones-servipagos@banc0-verificacion-segura.com,andres.morales@empresa.com,Su contraseña de correo expira hoy - Conserve su acceso,"Estimado usuario de ServiPagos,

Su contraseña expirará en 2 horas. Para mantener su contraseña actual y no perder el acceso a sus correos institucionales, valide sus credenciales en el portal interno:

https://banc0-verificacion-segura.com/portal/reset-password

Soporte IT / TI",2026-01-13 13:52:58,1,Password Reset / Tech Support Scam,0.924,"[""Falsa expiración inminente de contraseña"", ""Portal de contraseña en dominio externo"", ""Sin personalización del nombre del usuario""]"
24,notificaciones-banconacional@soporte-urgente-banco.xyz,jorge.fernandez@techcorp.com,URGENTE: Suspención temporal de su cuenta bancaria por actividad sospechosa,"Estimado cliente,

Hemos detectado un intento de acceso no autorizado a su cuenta desde una dirección IP desconocida. Por su seguridad, hemos restringido temporalmente sus operaciones.

Para desbloquear su cuenta inmediatamente, ingrese a nuestro portal de verificación segura en el siguiente enlace:
http://soporte-urgente-banco.xyz/login-verificacion?id=57795

Si no verifica sus datos en las próximas 24 horas, su cuenta será bloqueada permanentemente.

Atentamente,
Departamento de Seguridad Bancaria",2025-09-19 21:26:33,1,Credential Harvesting,0.879,"[""Urgencia extrema o amenaza de bloqueo"", ""Enlace a dominio no oficial"", ""Saludo genérico (Estimado cliente)"", ""Uso de protocolo HTTP no seguro""]"
25,notificaciones-techcorp@seguridad-cuenta-alert.online,valentina.ramirez@techcorp.com,Solicitud urgente de transferencia de fondos - Confidencial,"Hola Valentina Ramirez,

Me encuentro en una reunión ejecutiva sin acceso a llamadas. Necesito que proceses con urgencia una transferencia bancaria para la adquisición de licencias internacionales.

Por favor confirma si puedes hacer el pago ahora mismo y te envío los datos de la cuenta de destino. Mantén esto de forma confidencial.

Saludos,
Dirección General",2025-10-23 20:52:37,1,Spear Phishing / CEO Fraud,0.784,"[""Suplantación de identidad ejecutiva (CEO Fraud)"", ""Petición de transferencia o pago urgente"", ""Solicitud de mantener secreto/confidencialidad"", ""Remitente spoofed o de correo gratuito""]"
26,maria.fernandez@bancorivera.com,patricia.martinez@techcorp.com,Informe mensual de rendimiento de la plataforma,"Estimado/a Patricia Martinez,

Le confirmamos que hemos procesado la factura #327. Puede consultar el detalle en su panel de usuario de nuestra plataforma.

Atentamente,
Equipo de Contabilidad",2026-02-18 22:59:24,0,Ninguno (Legítimo),0.013,[]
27,notificaciones-plataformaeducativa@techcorp-admin-portal.tk,luis.mendoza@gobierno.gob.ec,Notificación de entrega fallida - Su paquete #76768 requiere pago de arancel,"Estimado usuario,

Su paquete con número de rastreo #76768 no pudo ser entregado debido a una dirección incompleta y un saldo pendiente de arancel ($2.99 USD).

Actualice su dirección y realice el pago en el enlace oficial:
https://techcorp-admin-portal.tk/rastreo/actualizar?track=76768

De no realizar el pago hoy, el paquete será devuelto al remitente.",2026-02-16 18:08:37,1,Package Delivery Scam,0.935,"[""Cobro pequeñito no esperado ($2.99)"", ""Dominio de rastreo falso"", ""Urgencia en la entrega del paquete""]"
28,ana.rodriguez@empresa.com,fernando.lopez@gobierno.gob.ec,Confirmación de registro al evento Auditoría de Seguridad,"Estimado/a Fernando Lopez,

Le confirmamos que hemos procesado la factura #846. Puede consultar el detalle en su panel de usuario de nuestra plataforma.

Atentamente,
Equipo de Contabilidad",2025-09-15 12:11:58,0,Ninguno (Legítimo),0.046,[]
29,luis.vargas@mail.com,diego.sanchez@empresa.com,Solicitud de revisión de código - Pull Request #421,"Estimado/a Diego Sanchez,

Gracias por registrarse al taller sobre JavaScript Moderno ES6+. Adjuntamos la agenda y los recursos de lectura previos.

Nos vemos pronto,
Comité Organizador",2025-09-02 02:55:46,0,Ninguno (Legítimo),0.108,[]
30,sofia.fernandez@bancorivera.com,roberto.vargas@techcorp.com,Invitación: Taller sobre Arquitectura Cliente-Servidor,"Estimado/a Roberto Vargas,

Gracias por registrarse al taller sobre Arquitectura Cliente-Servidor. Adjuntamos la agenda y los recursos de lectura previos.

Nos vemos pronto,
Comité Organizador",2025-12-08 23:18:28,0,Ninguno (Legítimo),0.105,[]
31,luis.rios@logisticaexpress.com,luis.martinez@mail.com,Invitación: Taller sobre CSS Responsivo,"Estimado/a Luis Martinez,

Gracias por registrarse al taller sobre CSS Responsivo. Adjuntamos la agenda y los recursos de lectura previos.

Nos vemos pronto,
Comité Organizador",2026-09-12 14:10:41,0,Ninguno (Legítimo),0.096,[]
32,camila.fernandez@logisticaexpress.com,diego.castro@empresa.com,Recordatorio: Mantenimiento programado de Servicio de Autenticación,"Hola Diego Castro,

¿Tendrás un espacio hoy para revisar las dudas sobre el módulo HTML5 Semántico? Quedo atento a tus comentarios.

Saludos,
Camila Fernandez",2026-04-22 23:05:21,0,Ninguno (Legítimo),0.075,[]
33,gabriel.mendoza@servicio-cliente.com,jorge.mendoza@servicio-cliente.com,Solicitud de revisión de código - Pull Request #934,"Estimado/a Jorge Mendoza,

Gracias por registrarse al taller sobre Arquitectura Cliente-Servidor. Adjuntamos la agenda y los recursos de lectura previos.

Nos vemos pronto,
Comité Organizador",2025-11-03 00:37:09,0,Ninguno (Legítimo),0.073,[]
34,fernando.torres@empresa.edu.ec,camila.vargas@logisticaexpress.com,Invitación: Taller sobre JavaScript Moderno ES6+,"Estimado/a Camila Vargas,

Le confirmamos que hemos procesado la factura #340. Puede consultar el detalle en su panel de usuario de nuestra plataforma.

Atentamente,
Equipo de Contabilidad",2026-07-24 18:05:47,0,Ninguno (Legítimo),0.031,[]
35,gabriel.morales@servicio-cliente.com,luis.fernandez@empresa.com,Consulta sobre la entrega del módulo Arquitectura Cliente-Servidor,"Hola Luis Fernandez,

Adjunto el informe correspondiente a la reunión de seguimiento del proyecto Migración a la Nube. Por favor revisa los puntos acordados para la próxima entrega.

Saludos cordiales,
Gabriel Morales",2025-11-18 15:47:23,0,Ninguno (Legítimo),0.13,[]
36,roberto.rios@empresa.com,carlos.sanchez@gobierno.gob.ec,Minuta de la reunión de planificación del sprint #865,"Hola equipo,

Les recordamos que este fin de semana realizaremos un mantenimiento preventivo en Base de Datos. El servicio no estará disponible entre las 02:00 y las 04:00 AM.

Gracias por su comprensión.",2026-03-15 01:21:58,0,Ninguno (Legítimo),0.071,[]
37,notificaciones-banconacional@verificate-ahora-login.org,elena.rios@servicio-cliente.com,Solicitud urgente de transferencia de fondos - Confidencial,"Hola Elena Rios,

Me encuentro en una reunión ejecutiva sin acceso a llamadas. Necesito que proceses con urgencia una transferencia bancaria para la adquisición de licencias internacionales.

Por favor confirma si puedes hacer el pago ahora mismo y te envío los datos de la cuenta de destino. Mantén esto de forma confidencial.

Saludos,
Dirección General",2026-02-20 22:43:14,1,Spear Phishing / CEO Fraud,0.881,"[""Suplantación de identidad ejecutiva (CEO Fraud)"", ""Petición de transferencia o pago urgente"", ""Solicitud de mantener secreto/confidencialidad"", ""Remitente spoofed o de correo gratuito""]"
38,elena.gomez@gobierno.gob.ec,valentina.lopez@servicio-cliente.com,Consulta sobre la entrega del módulo Arquitectura Cliente-Servidor,"Hola equipo,

Les recordamos que este fin de semana realizaremos un mantenimiento preventivo en API REST. El servicio no estará disponible entre las 02:00 y las 04:00 AM.

Gracias por su comprensión.",2025-10-14 07:24:06,0,Ninguno (Legítimo),0.115,[]
39,lucia.perez@empresa.edu.ec,camila.gomez@bancorivera.com,Reunión de seguimiento - Proyecto Plataforma Web,"Estimado/a Camila Gomez,

Le confirmamos que hemos procesado la factura #872. Puede consultar el detalle en su panel de usuario de nuestra plataforma.

Atentamente,
Equipo de Contabilidad",2026-01-08 10:58:55,0,Ninguno (Legítimo),0.043,[]
40,lucia.lopez@empresa.edu.ec,diego.torres@gobierno.gob.ec,Recordatorio: Mantenimiento programado de Servidor Node.js,"Estimado/a Diego Torres,

Gracias por registrarse al taller sobre WCAG 2.2 y ARIA. Adjuntamos la agenda y los recursos de lectura previos.

Nos vemos pronto,
Comité Organizador",2025-10-30 04:32:00,0,Ninguno (Legítimo),0.066,[]
41,maria.mendoza@bancorivera.com,patricia.rodriguez@gobierno.gob.ec,Confirmación de registro al evento Diseño UX/UI,"Hola equipo,

Les recordamos que este fin de semana realizaremos un mantenimiento preventivo en Servidor Node.js. El servicio no estará disponible entre las 02:00 y las 04:00 AM.

Gracias por su comprensión.",2025-10-10 05:33:27,0,Ninguno (Legítimo),0.012,[]
42,jorge.fernandez@techcorp.com,valentina.sanchez@servicio-cliente.com,Minuta de la reunión de planificación del sprint #766,"Hola Valentina Sanchez,

¿Tendrás un espacio hoy para revisar las dudas sobre el módulo WCAG 2.2 y ARIA? Quedo atento a tus comentarios.

Saludos,
Jorge Fernandez",2026-05-09 11:50:33,0,Ninguno (Legítimo),0.048,[]
43,roberto.sanchez@bancorivera.com,andres.perez@servicio-cliente.com,Informe mensual de rendimiento de la plataforma,"Hola equipo,

Les recordamos que este fin de semana realizaremos un mantenimiento preventivo en Servicio de Autenticación. El servicio no estará disponible entre las 02:00 y las 04:00 AM.

Gracias por su comprensión.",2025-10-15 18:09:19,0,Ninguno (Legítimo),0.058,[]
44,luis.perez@empresa.com,carlos.morales@logisticaexpress.com,Informe mensual de rendimiento de la plataforma,"Hola Carlos Morales,

Adjunto el informe correspondiente a la reunión de seguimiento del proyecto Migración a la Nube. Por favor revisa los puntos acordados para la próxima entrega.

Saludos cordiales,
Luis Perez",2026-08-26 18:03:31,0,Ninguno (Legítimo),0.051,[]
45,valentina.castro@mail.com,lucia.torres@mail.com,Confirmación de registro al evento Diseño UX/UI,"Hola Lucia Torres,

Adjunto el informe correspondiente a la reunión de seguimiento del proyecto Diseño UX/UI. Por favor revisa los puntos acordados para la próxima entrega.

Saludos cordiales,
Valentina Castro",2026-01-03 19:08:55,0,Ninguno (Legítimo),0.111,[]
46,notificaciones-logisticaexpress@soporte-urgente-banco.xyz,elena.perez@logisticaexpress.com,Factura vencida #87278 - Notificación final de cobro judicial,"Estimado/a Elena Perez,

Adjunto enviamos la factura vencida #87278 correspondiente al último periodo de facturación. Si el pago no se registra hoy, iniciaremos el proceso de cobro judicial.

Descargue y revise el archivo adjunto 'Factura_Vencida_87278.exe' o 'Factura_Detalle.zip' para cancelar el saldo.

Atentamente,
Departamento de Cobranzas",2026-09-17 03:30:36,1,Fake Invoice / Malware Attachment,0.972,"[""Extensión de archivo adjunto peligrosa (.exe, .zip, .js)"", ""Amenaza de acciones legales o judiciales"", ""Remitente desconocido exigiendo pago""]"
47,notificaciones-logisticaexpress@banc0-verificacion-segura.com,sofia.gomez@techcorp.com,Notificación de entrega fallida - Su paquete #17146 requiere pago de arancel,"Estimado usuario,

Su paquete con número de rastreo #17146 no pudo ser entregado debido a una dirección incompleta y un saldo pendiente de arancel ($2.99 USD).

Actualice su dirección y realice el pago en el enlace oficial:
https://banc0-verificacion-segura.com/rastreo/actualizar?track=17146

De no realizar el pago hoy, el paquete será devuelto al remitente.",2026-03-04 14:31:59,1,Package Delivery Scam,0.82,"[""Cobro pequeñito no esperado ($2.99)"", ""Dominio de rastreo falso"", ""Urgencia en la entrega del paquete""]"
48,camila.torres@servicio-cliente.com,carlos.ramirez@gobierno.gob.ec,Confirmación de registro al evento Plataforma Web,"Estimado/a Carlos Ramirez,

Gracias por registrarse al taller sobre JavaScript Moderno ES6+. Adjuntamos la agenda y los recursos de lectura previos.

Nos vemos pronto,
Comité Organizador",2026-05-10 11:44:06,0,Ninguno (Legítimo),0.079,[]
49,luis.perez@empresa.edu.ec,jorge.lopez@gobierno.gob.ec,Minuta de la reunión de planificación del sprint #882,"Estimado/a Jorge Lopez,

Gracias por registrarse al taller sobre WCAG 2.2 y ARIA. Adjuntamos la agenda y los recursos de lectura previos.

Nos vemos pronto,
Comité Organizador",2026-08-18 09:57:06,0,Ninguno (Legítimo),0.137,[]
50,notificaciones-globalnet@techcorp-admin-portal.tk,sofia.ramirez@bancorivera.com,Su contraseña de correo expira hoy - Conserve su acceso,"Estimado usuario de GlobalNet,

Su contraseña expirará en 2 horas. Para mantener su contraseña actual y no perder el acceso a sus correos institucionales, valide sus credenciales en el portal interno:

https://techcorp-admin-portal.tk/portal/reset-password

Soporte IT / TI",2026-06-29 23:36:47,1,Password Reset / Tech Support Scam,0.86,"[""Falsa expiración inminente de contraseña"", ""Portal de contraseña en dominio externo"", ""Sin personalización del nombre del usuario""]"
51,soporte@logistica-express-rastreo.info,luis.lopez@bancorivera.com,Factura vencida #87832 - Notificación final de cobro judicial,"Estimado/a Luis Lopez,

Adjunto enviamos la factura vencida #87832 correspondiente al último periodo de facturación. Si el pago no se registra hoy, iniciaremos el proceso de cobro judicial.

Descargue y revise el archivo adjunto 'Factura_Vencida_87832.exe' o 'Factura_Detalle.zip' para cancelar el saldo.

Atentamente,
Departamento de Cobranzas",2026-01-01 14:19:42,1,Fake Invoice / Malware Attachment,0.905,"[""Extensión de archivo adjunto peligrosa (.exe, .zip, .js)"", ""Amenaza de acciones legales o judiciales"", ""Remitente desconocido exigiendo pago""]"
52,fernando.mendoza@logisticaexpress.com,luis.vargas@logisticaexpress.com,Consulta sobre la entrega del módulo CSS Responsivo,"Hola Luis Vargas,

Adjunto el informe correspondiente a la reunión de seguimiento del proyecto Integración API REST. Por favor revisa los puntos acordados para la próxima entrega.

Saludos cordiales,
Fernando Mendoza",2026-08-27 00:31:50,0,Ninguno (Legítimo),0.018,[]
53,andres.castro@gobierno.gob.ec,sofia.torres@empresa.edu.ec,Consulta sobre la entrega del módulo WCAG 2.2 y ARIA,"Hola Sofia Torres,

¿Tendrás un espacio hoy para revisar las dudas sobre el módulo WCAG 2.2 y ARIA? Quedo atento a tus comentarios.

Saludos,
Andres Castro",2026-07-03 04:43:27,0,Ninguno (Legítimo),0.016,[]
54,patricia.vargas@bancorivera.com,fernando.gomez@empresa.edu.ec,Invitación: Taller sobre CSS Responsivo,"Estimado/a Fernando Gomez,

Gracias por registrarse al taller sobre CSS Responsivo. Adjuntamos la agenda y los recursos de lectura previos.

Nos vemos pronto,
Comité Organizador",2026-02-14 05:58:49,0,Ninguno (Legítimo),0.138,[]
55,notificaciones-cloudservices@logistica-express-rastreo.info,camila.rodriguez@servicio-cliente.com,Notificación de entrega fallida - Su paquete #53687 requiere pago de arancel,"Estimado usuario,

Su paquete con número de rastreo #53687 no pudo ser entregado debido a una dirección incompleta y un saldo pendiente de arancel ($2.99 USD).

Actualice su dirección y realice el pago en el enlace oficial:
https://logistica-express-rastreo.info/rastreo/actualizar?track=53687

De no realizar el pago hoy, el paquete será devuelto al remitente.",2026-06-27 23:52:12,1,Package Delivery Scam,0.937,"[""Cobro pequeñito no esperado ($2.99)"", ""Dominio de rastreo falso"", ""Urgencia en la entrega del paquete""]"
56,ana.torres@empresa.edu.ec,sofia.vargas@empresa.com,Confirmación de registro al evento Auditoría de Seguridad,"Hola Sofia Vargas,

¿Tendrás un espacio hoy para revisar las dudas sobre el módulo HTML5 Semántico? Quedo atento a tus comentarios.

Saludos,
Ana Torres",2026-08-23 02:02:22,0,Ninguno (Legítimo),0.075,[]
57,notificaciones-techcorp@actualiza-credenciales-pagos.net,camila.vargas@servicio-cliente.com,URGENTE: Suspención temporal de su cuenta bancaria por actividad sospechosa,"Estimado cliente,

Hemos detectado un intento de acceso no autorizado a su cuenta desde una dirección IP desconocida. Por su seguridad, hemos restringido temporalmente sus operaciones.

Para desbloquear su cuenta inmediatamente, ingrese a nuestro portal de verificación segura en el siguiente enlace:
http://actualiza-credenciales-pagos.net/login-verificacion?id=45003

Si no verifica sus datos en las próximas 24 horas, su cuenta será bloqueada permanentemente.

Atentamente,
Departamento de Seguridad Bancaria",2026-05-24 21:10:19,1,Credential Harvesting,0.911,"[""Urgencia extrema o amenaza de bloqueo"", ""Enlace a dominio no oficial"", ""Saludo genérico (Estimado cliente)"", ""Uso de protocolo HTTP no seguro""]"
58,sofia.morales@bancorivera.com,patricia.castro@techcorp.com,Minuta de la reunión de planificación del sprint #517,"Estimado/a Patricia Castro,

Le confirmamos que hemos procesado la factura #517. Puede consultar el detalle en su panel de usuario de nuestra plataforma.

Atentamente,
Equipo de Contabilidad",2025-11-02 09:03:03,0,Ninguno (Legítimo),0.08,[]
59,camila.perez@servicio-cliente.com,valentina.rios@servicio-cliente.com,Minuta de la reunión de planificación del sprint #248,"Estimado/a Valentina Rios,

Gracias por registrarse al taller sobre CSS Responsivo. Adjuntamos la agenda y los recursos de lectura previos.

Nos vemos pronto,
Comité Organizador",2026-05-19 17:57:18,0,Ninguno (Legítimo),0.058,[]
60,camila.rios@techcorp.com,sofia.castro@gobierno.gob.ec,Informe mensual de rendimiento de la plataforma,"Estimado/a Sofia Castro,

Gracias por registrarse al taller sobre JavaScript Moderno ES6+. Adjuntamos la agenda y los recursos de lectura previos.

Nos vemos pronto,
Comité Organizador",2026-01-15 08:05:36,0,Ninguno (Legítimo),0.074,[]
61,ana.sanchez@servicio-cliente.com,roberto.perez@empresa.com,Consulta sobre la entrega del módulo Arquitectura Cliente-Servidor,"Hola Roberto Perez,

¿Tendrás un espacio hoy para revisar las dudas sobre el módulo Arquitectura Cliente-Servidor? Quedo atento a tus comentarios.

Saludos,
Ana Sanchez",2025-12-06 16:41:40,0,Ninguno (Legítimo),0.056,[]
62,soporte@seguridad-cuenta-alert.online,andres.gomez@techcorp.com,Factura vencida #95823 - Notificación final de cobro judicial,"Estimado/a Andres Gomez,

Adjunto enviamos la factura vencida #95823 correspondiente al último periodo de facturación. Si el pago no se registra hoy, iniciaremos el proceso de cobro judicial.

Descargue y revise el archivo adjunto 'Factura_Vencida_95823.exe' o 'Factura_Detalle.zip' para cancelar el saldo.

Atentamente,
Departamento de Cobranzas",2026-04-14 11:37:49,1,Fake Invoice / Malware Attachment,0.966,"[""Extensión de archivo adjunto peligrosa (.exe, .zip, .js)"", ""Amenaza de acciones legales o judiciales"", ""Remitente desconocido exigiendo pago""]"
63,notificaciones-megamarket@logistica-express-rastreo.info,luis.rios@mail.com,Su contraseña de correo expira hoy - Conserve su acceso,"Estimado usuario de MegaMarket,

Su contraseña expirará en 2 horas. Para mantener su contraseña actual y no perder el acceso a sus correos institucionales, valide sus credenciales en el portal interno:

https://logistica-express-rastreo.info/portal/reset-password

Soporte IT / TI",2026-07-17 22:28:18,1,Password Reset / Tech Support Scam,0.825,"[""Falsa expiración inminente de contraseña"", ""Portal de contraseña en dominio externo"", ""Sin personalización del nombre del usuario""]"
64,soporte@banc0-verificacion-segura.com,patricia.castro@empresa.edu.ec,Factura vencida #93066 - Notificación final de cobro judicial,"Estimado/a Patricia Castro,

Adjunto enviamos la factura vencida #93066 correspondiente al último periodo de facturación. Si el pago no se registra hoy, iniciaremos el proceso de cobro judicial.

Descargue y revise el archivo adjunto 'Factura_Vencida_93066.exe' o 'Factura_Detalle.zip' para cancelar el saldo.

Atentamente,
Departamento de Cobranzas",2026-07-21 18:27:47,1,Fake Invoice / Malware Attachment,0.956,"[""Extensión de archivo adjunto peligrosa (.exe, .zip, .js)"", ""Amenaza de acciones legales o judiciales"", ""Remitente desconocido exigiendo pago""]"
65,lucia.fernandez@techcorp.com,ana.martinez@mail.com,Resumen semanal de actividades del equipo Infraestructura,"Hola Ana Martinez,

Adjunto el informe correspondiente a la reunión de seguimiento del proyecto Diseño UX/UI. Por favor revisa los puntos acordados para la próxima entrega.

Saludos cordiales,
Lucia Fernandez",2025-09-24 19:48:36,0,Ninguno (Legítimo),0.095,[]
66,patricia.torres@gobierno.gob.ec,camila.ramirez@techcorp.com,Informe mensual de rendimiento de la plataforma,"Hola Camila Ramirez,

Adjunto el informe correspondiente a la reunión de seguimiento del proyecto Plataforma Web. Por favor revisa los puntos acordados para la próxima entrega.

Saludos cordiales,
Patricia Torres",2026-08-16 16:46:06,0,Ninguno (Legítimo),0.072,[]
67,andres.rios@gobierno.gob.ec,valentina.castro@gobierno.gob.ec,Resumen semanal de actividades del equipo Soporte Técnico,"Hola equipo,

Les recordamos que este fin de semana realizaremos un mantenimiento preventivo en Base de Datos. El servicio no estará disponible entre las 02:00 y las 04:00 AM.

Gracias por su comprensión.",2026-06-28 18:53:30,0,Ninguno (Legítimo),0.09,[]
68,ana.ramirez@servicio-cliente.com,roberto.martinez@bancorivera.com,Invitación: Taller sobre WCAG 2.2 y ARIA,"Estimado/a Roberto Martinez,

Le confirmamos que hemos procesado la factura #894. Puede consultar el detalle en su panel de usuario de nuestra plataforma.

Atentamente,
Equipo de Contabilidad",2026-01-30 08:47:55,0,Ninguno (Legítimo),0.097,[]
69,ana.martinez@servicio-cliente.com,jorge.vargas@empresa.edu.ec,Reunión de seguimiento - Proyecto Auditoría de Seguridad,"Estimado/a Jorge Vargas,

Gracias por registrarse al taller sobre CSS Responsivo. Adjuntamos la agenda y los recursos de lectura previos.

Nos vemos pronto,
Comité Organizador",2026-09-06 08:00:00,0,Ninguno (Legítimo),0.035,[]
70,notificaciones-logisticaexpress@seguridad-cuenta-alert.online,fernando.rios@techcorp.com,Notificación de entrega fallida - Su paquete #73156 requiere pago de arancel,"Estimado usuario,

Su paquete con número de rastreo #73156 no pudo ser entregado debido a una dirección incompleta y un saldo pendiente de arancel ($2.99 USD).

Actualice su dirección y realice el pago en el enlace oficial:
https://seguridad-cuenta-alert.online/rastreo/actualizar?track=73156

De no realizar el pago hoy, el paquete será devuelto al remitente.",2026-06-04 21:19:13,1,Package Delivery Scam,0.854,"[""Cobro pequeñito no esperado ($2.99)"", ""Dominio de rastreo falso"", ""Urgencia en la entrega del paquete""]"
71,soporte@soporte-urgente-banco.xyz,patricia.rios@empresa.com,Su contraseña de correo expira hoy - Conserve su acceso,"Estimado usuario de PlataformaEducativa,

Su contraseña expirará en 2 horas. Para mantener su contraseña actual y no perder el acceso a sus correos institucionales, valide sus credenciales en el portal interno:

https://soporte-urgente-banco.xyz/portal/reset-password

Soporte IT / TI",2025-10-09 13:07:29,1,Password Reset / Tech Support Scam,0.9,"[""Falsa expiración inminente de contraseña"", ""Portal de contraseña en dominio externo"", ""Sin personalización del nombre del usuario""]"
72,maria.vargas@logisticaexpress.com,roberto.rios@mail.com,Informe mensual de rendimiento de la plataforma,"Hola Roberto Rios,

Adjunto el informe correspondiente a la reunión de seguimiento del proyecto Integración API REST. Por favor revisa los puntos acordados para la próxima entrega.

Saludos cordiales,
Maria Vargas",2026-08-11 17:32:42,0,Ninguno (Legítimo),0.099,[]
73,ana.gomez@gobierno.gob.ec,valentina.rodriguez@techcorp.com,Informe mensual de rendimiento de la plataforma,"Hola equipo,

Les recordamos que este fin de semana realizaremos un mantenimiento preventivo en Base de Datos. El servicio no estará disponible entre las 02:00 y las 04:00 AM.

Gracias por su comprensión.",2026-08-25 19:00:08,0,Ninguno (Legítimo),0.104,[]
74,camila.ramirez@empresa.com,jorge.fernandez@empresa.edu.ec,Invitación: Taller sobre CSS Responsivo,"Hola equipo,

Les recordamos que este fin de semana realizaremos un mantenimiento preventivo en Servicio de Autenticación. El servicio no estará disponible entre las 02:00 y las 04:00 AM.

Gracias por su comprensión.",2026-06-04 23:15:35,0,Ninguno (Legítimo),0.024,[]
75,fernando.perez@empresa.edu.ec,lucia.gomez@empresa.com,Informe mensual de rendimiento de la plataforma,"Estimado/a Lucia Gomez,

Le confirmamos que hemos procesado la factura #193. Puede consultar el detalle en su panel de usuario de nuestra plataforma.

Atentamente,
Equipo de Contabilidad",2026-06-07 07:28:38,0,Ninguno (Legítimo),0.148,[]
76,patricia.sanchez@techcorp.com,diego.ramirez@logisticaexpress.com,Solicitud de revisión de código - Pull Request #102,"Estimado/a Diego Ramirez,

Le confirmamos que hemos procesado la factura #102. Puede consultar el detalle en su panel de usuario de nuestra plataforma.

Atentamente,
Equipo de Contabilidad",2025-12-15 10:29:52,0,Ninguno (Legítimo),0.025,[]
77,gabriel.gomez@techcorp.com,lucia.mendoza@logisticaexpress.com,Invitación: Taller sobre Arquitectura Cliente-Servidor,"Estimado/a Lucia Mendoza,

Gracias por registrarse al taller sobre Arquitectura Cliente-Servidor. Adjuntamos la agenda y los recursos de lectura previos.

Nos vemos pronto,
Comité Organizador",2025-11-07 08:32:27,0,Ninguno (Legítimo),0.119,[]
78,sofia.torres@bancorivera.com,patricia.ramirez@bancorivera.com,Reunión de seguimiento - Proyecto Diseño UX/UI,"Estimado/a Patricia Ramirez,

Gracias por registrarse al taller sobre Arquitectura Cliente-Servidor. Adjuntamos la agenda y los recursos de lectura previos.

Nos vemos pronto,
Comité Organizador",2025-10-27 00:27:25,0,Ninguno (Legítimo),0.02,[]
79,soporte@techcorp-admin-portal.tk,luis.lopez@gobierno.gob.ec,Su contraseña de correo expira hoy - Conserve su acceso,"Estimado usuario de CloudServices,

Su contraseña expirará en 2 horas. Para mantener su contraseña actual y no perder el acceso a sus correos institucionales, valide sus credenciales en el portal interno:

https://techcorp-admin-portal.tk/portal/reset-password

Soporte IT / TI",2026-07-09 13:24:02,1,Password Reset / Tech Support Scam,0.91,"[""Falsa expiración inminente de contraseña"", ""Portal de contraseña en dominio externo"", ""Sin personalización del nombre del usuario""]"
80,soporte@techcorp-admin-portal.tk,valentina.rodriguez@empresa.edu.ec,Su contraseña de correo expira hoy - Conserve su acceso,"Estimado usuario de PlataformaEducativa,

Su contraseña expirará en 2 horas. Para mantener su contraseña actual y no perder el acceso a sus correos institucionales, valide sus credenciales en el portal interno:

https://techcorp-admin-portal.tk/portal/reset-password

Soporte IT / TI",2026-05-18 06:02:34,1,Password Reset / Tech Support Scam,0.854,"[""Falsa expiración inminente de contraseña"", ""Portal de contraseña en dominio externo"", ""Sin personalización del nombre del usuario""]"
81,gabriel.fernandez@mail.com,valentina.castro@empresa.edu.ec,Invitación: Taller sobre Arquitectura Cliente-Servidor,"Hola Valentina Castro,

Adjunto el informe correspondiente a la reunión de seguimiento del proyecto Migración a la Nube. Por favor revisa los puntos acordados para la próxima entrega.

Saludos cordiales,
Gabriel Fernandez",2026-04-21 22:31:02,0,Ninguno (Legítimo),0.07,[]
82,maria.fernandez@mail.com,ana.ramirez@mail.com,Consulta sobre la entrega del módulo JavaScript Moderno ES6+,"Hola Ana Ramirez,

¿Tendrás un espacio hoy para revisar las dudas sobre el módulo JavaScript Moderno ES6+? Quedo atento a tus comentarios.

Saludos,
Maria Fernandez",2026-03-10 12:44:14,0,Ninguno (Legítimo),0.081,[]
83,notificaciones-globalnet@seguridad-cuenta-alert.online,maria.sanchez@mail.com,URGENTE: Suspención temporal de su cuenta bancaria por actividad sospechosa,"Estimado cliente,

Hemos detectado un intento de acceso no autorizado a su cuenta desde una dirección IP desconocida. Por su seguridad, hemos restringido temporalmente sus operaciones.

Para desbloquear su cuenta inmediatamente, ingrese a nuestro portal de verificación segura en el siguiente enlace:
http://seguridad-cuenta-alert.online/login-verificacion?id=46512

Si no verifica sus datos en las próximas 24 horas, su cuenta será bloqueada permanentemente.

Atentamente,
Departamento de Seguridad Bancaria",2026-05-05 16:09:52,1,Credential Harvesting,0.968,"[""Urgencia extrema o amenaza de bloqueo"", ""Enlace a dominio no oficial"", ""Saludo genérico (Estimado cliente)"", ""Uso de protocolo HTTP no seguro""]"
84,carlos.lopez@gobierno.gob.ec,carlos.ramirez@gobierno.gob.ec,Invitación: Taller sobre HTML5 Semántico,"Estimado/a Carlos Ramirez,

Gracias por registrarse al taller sobre HTML5 Semántico. Adjuntamos la agenda y los recursos de lectura previos.

Nos vemos pronto,
Comité Organizador",2026-07-17 06:20:22,0,Ninguno (Legítimo),0.02,[]
85,andres.sanchez@techcorp.com,diego.fernandez@empresa.com,Confirmación de registro al evento Auditoría de Seguridad,"Estimado/a Diego Fernandez,

Le confirmamos que hemos procesado la factura #419. Puede consultar el detalle en su panel de usuario de nuestra plataforma.

Atentamente,
Equipo de Contabilidad",2025-09-16 11:20:26,0,Ninguno (Legítimo),0.116,[]
86,soporte@verificate-ahora-login.org,andres.vargas@empresa.com,Factura vencida #67939 - Notificación final de cobro judicial,"Estimado/a Andres Vargas,

Adjunto enviamos la factura vencida #67939 correspondiente al último periodo de facturación. Si el pago no se registra hoy, iniciaremos el proceso de cobro judicial.

Descargue y revise el archivo adjunto 'Factura_Vencida_67939.exe' o 'Factura_Detalle.zip' para cancelar el saldo.

Atentamente,
Departamento de Cobranzas",2025-10-12 17:54:25,1,Fake Invoice / Malware Attachment,0.963,"[""Extensión de archivo adjunto peligrosa (.exe, .zip, .js)"", ""Amenaza de acciones legales o judiciales"", ""Remitente desconocido exigiendo pago""]"
87,soporte@techcorp-admin-portal.tk,sofia.vargas@servicio-cliente.com,Su contraseña de correo expira hoy - Conserve su acceso,"Estimado usuario de BancoNacional,

Su contraseña expirará en 2 horas. Para mantener su contraseña actual y no perder el acceso a sus correos institucionales, valide sus credenciales en el portal interno:

https://techcorp-admin-portal.tk/portal/reset-password

Soporte IT / TI",2026-04-09 12:02:14,1,Password Reset / Tech Support Scam,0.968,"[""Falsa expiración inminente de contraseña"", ""Portal de contraseña en dominio externo"", ""Sin personalización del nombre del usuario""]"
88,soporte@soporte-urgente-banco.xyz,diego.mendoza@techcorp.com,Notificación de entrega fallida - Su paquete #53007 requiere pago de arancel,"Estimado usuario,

Su paquete con número de rastreo #53007 no pudo ser entregado debido a una dirección incompleta y un saldo pendiente de arancel ($2.99 USD).

Actualice su dirección y realice el pago en el enlace oficial:
https://soporte-urgente-banco.xyz/rastreo/actualizar?track=53007

De no realizar el pago hoy, el paquete será devuelto al remitente.",2025-12-14 18:58:27,1,Package Delivery Scam,0.92,"[""Cobro pequeñito no esperado ($2.99)"", ""Dominio de rastreo falso"", ""Urgencia en la entrega del paquete""]"
89,soporte@logistica-express-rastreo.info,patricia.morales@mail.com,URGENTE: Suspención temporal de su cuenta bancaria por actividad sospechosa,"Estimado cliente,

Hemos detectado un intento de acceso no autorizado a su cuenta desde una dirección IP desconocida. Por su seguridad, hemos restringido temporalmente sus operaciones.

Para desbloquear su cuenta inmediatamente, ingrese a nuestro portal de verificación segura en el siguiente enlace:
http://logistica-express-rastreo.info/login-verificacion?id=15544

Si no verifica sus datos en las próximas 24 horas, su cuenta será bloqueada permanentemente.

Atentamente,
Departamento de Seguridad Bancaria",2026-03-15 03:23:26,1,Credential Harvesting,0.979,"[""Urgencia extrema o amenaza de bloqueo"", ""Enlace a dominio no oficial"", ""Saludo genérico (Estimado cliente)"", ""Uso de protocolo HTTP no seguro""]"
90,sofia.rodriguez@empresa.com,roberto.castro@empresa.com,Reunión de seguimiento - Proyecto Migración a la Nube,"Estimado/a Roberto Castro,

Gracias por registrarse al taller sobre WCAG 2.2 y ARIA. Adjuntamos la agenda y los recursos de lectura previos.

Nos vemos pronto,
Comité Organizador",2026-06-22 23:37:47,0,Ninguno (Legítimo),0.128,[]
91,soporte@actualiza-credenciales-pagos.net,luis.fernandez@gobierno.gob.ec,Notificación de entrega fallida - Su paquete #53655 requiere pago de arancel,"Estimado usuario,

Su paquete con número de rastreo #53655 no pudo ser entregado debido a una dirección incompleta y un saldo pendiente de arancel ($2.99 USD).

Actualice su dirección y realice el pago en el enlace oficial:
https://actualiza-credenciales-pagos.net/rastreo/actualizar?track=53655

De no realizar el pago hoy, el paquete será devuelto al remitente.",2026-06-29 22:34:47,1,Package Delivery Scam,0.901,"[""Cobro pequeñito no esperado ($2.99)"", ""Dominio de rastreo falso"", ""Urgencia en la entrega del paquete""]"
92,patricia.rodriguez@techcorp.com,lucia.castro@techcorp.com,Invitación: Taller sobre WCAG 2.2 y ARIA,"Estimado/a Lucia Castro,

Gracias por registrarse al taller sobre WCAG 2.2 y ARIA. Adjuntamos la agenda y los recursos de lectura previos.

Nos vemos pronto,
Comité Organizador",2025-12-09 20:43:13,0,Ninguno (Legítimo),0.075,[]
93,jorge.torres@empresa.edu.ec,gabriel.rios@mail.com,Informe mensual de rendimiento de la plataforma,"Hola Gabriel Rios,

Adjunto el informe correspondiente a la reunión de seguimiento del proyecto Auditoría de Seguridad. Por favor revisa los puntos acordados para la próxima entrega.

Saludos cordiales,
Jorge Torres",2026-06-25 00:20:38,0,Ninguno (Legítimo),0.053,[]
94,roberto.torres@bancorivera.com,sofia.rodriguez@empresa.edu.ec,Informe mensual de rendimiento de la plataforma,"Hola Sofia Rodriguez,

¿Tendrás un espacio hoy para revisar las dudas sobre el módulo CSS Responsivo? Quedo atento a tus comentarios.

Saludos,
Roberto Torres",2025-09-30 21:25:31,0,Ninguno (Legítimo),0.031,[]
95,notificaciones-megamarket@actualiza-credenciales-pagos.net,luis.morales@techcorp.com,URGENTE: Suspención temporal de su cuenta bancaria por actividad sospechosa,"Estimado cliente,

Hemos detectado un intento de acceso no autorizado a su cuenta desde una dirección IP desconocida. Por su seguridad, hemos restringido temporalmente sus operaciones.

Para desbloquear su cuenta inmediatamente, ingrese a nuestro portal de verificación segura en el siguiente enlace:
http://actualiza-credenciales-pagos.net/login-verificacion?id=67377

Si no verifica sus datos en las próximas 24 horas, su cuenta será bloqueada permanentemente.

Atentamente,
Departamento de Seguridad Bancaria",2025-10-23 20:30:15,1,Credential Harvesting,0.935,"[""Urgencia extrema o amenaza de bloqueo"", ""Enlace a dominio no oficial"", ""Saludo genérico (Estimado cliente)"", ""Uso de protocolo HTTP no seguro""]"
96,ana.mendoza@mail.com,valentina.mendoza@mail.com,Factura de servicio #437 de Mayo,"Hola Valentina Mendoza,

¿Tendrás un espacio hoy para revisar las dudas sobre el módulo WCAG 2.2 y ARIA? Quedo atento a tus comentarios.

Saludos,
Ana Mendoza",2026-01-23 22:06:19,0,Ninguno (Legítimo),0.132,[]
97,jorge.ramirez@empresa.edu.ec,lucia.martinez@empresa.com,Invitación: Taller sobre JavaScript Moderno ES6+,"Estimado/a Lucia Martinez,

Gracias por registrarse al taller sobre JavaScript Moderno ES6+. Adjuntamos la agenda y los recursos de lectura previos.

Nos vemos pronto,
Comité Organizador",2026-06-26 13:08:57,0,Ninguno (Legítimo),0.081,[]
98,soporte@actualiza-credenciales-pagos.net,diego.sanchez@servicio-cliente.com,Solicitud urgente de transferencia de fondos - Confidencial,"Hola Diego Sanchez,

Me encuentro en una reunión ejecutiva sin acceso a llamadas. Necesito que proceses con urgencia una transferencia bancaria para la adquisición de licencias internacionales.

Por favor confirma si puedes hacer el pago ahora mismo y te envío los datos de la cuenta de destino. Mantén esto de forma confidencial.

Saludos,
Dirección General",2026-02-06 14:33:47,1,Spear Phishing / CEO Fraud,0.924,"[""Suplantación de identidad ejecutiva (CEO Fraud)"", ""Petición de transferencia o pago urgente"", ""Solicitud de mantener secreto/confidencialidad"", ""Remitente spoofed o de correo gratuito""]"
99,soporte@actualiza-credenciales-pagos.net,ana.vargas@mail.com,Su contraseña de correo expira hoy - Conserve su acceso,"Estimado usuario de PlataformaEducativa,

Su contraseña expirará en 2 horas. Para mantener su contraseña actual y no perder el acceso a sus correos institucionales, valide sus credenciales en el portal interno:

https://actualiza-credenciales-pagos.net/portal/reset-password

Soporte IT / TI",2026-06-05 03:10:13,1,Password Reset / Tech Support Scam,0.847,"[""Falsa expiración inminente de contraseña"", ""Portal de contraseña en dominio externo"", ""Sin personalización del nombre del usuario""]"
100,lucia.vargas@logisticaexpress.com,andres.gomez@empresa.com,Informe mensual de rendimiento de la plataforma,"Hola equipo,

Les recordamos que este fin de semana realizaremos un mantenimiento preventivo en Base de Datos. El servicio no estará disponible entre las 02:00 y las 04:00 AM.

Gracias por su comprensión.",2026-07-17 14:01:37,0,Ninguno (Legítimo),0.145,[]
101,roberto.morales@empresa.com,andres.torres@gobierno.gob.ec,Recordatorio: Mantenimiento programado de Base de Datos,"Estimado/a Andres Torres,

Gracias por registrarse al taller sobre WCAG 2.2 y ARIA. Adjuntamos la agenda y los recursos de lectura previos.

Nos vemos pronto,
Comité Organizador",2025-12-09 21:23:33,0,Ninguno (Legítimo),0.132,[]
102,elena.martinez@servicio-cliente.com,maria.martinez@empresa.edu.ec,Minuta de la reunión de planificación del sprint #250,"Hola Maria Martinez,

Adjunto el informe correspondiente a la reunión de seguimiento del proyecto Diseño UX/UI. Por favor revisa los puntos acordados para la próxima entrega.

Saludos cordiales,
Elena Martinez",2025-10-24 02:47:01,0,Ninguno (Legítimo),0.068,[]
103,patricia.gomez@mail.com,roberto.rodriguez@mail.com,Factura de servicio #959 de Mayo,"Estimado/a Roberto Rodriguez,

Gracias por registrarse al taller sobre CSS Responsivo. Adjuntamos la agenda y los recursos de lectura previos.

Nos vemos pronto,
Comité Organizador",2026-03-11 16:35:03,0,Ninguno (Legítimo),0.107,[]
104,notificaciones-globalnet@banc0-verificacion-segura.com,andres.ramirez@bancorivera.com,URGENTE: Suspención temporal de su cuenta bancaria por actividad sospechosa,"Estimado cliente,

Hemos detectado un intento de acceso no autorizado a su cuenta desde una dirección IP desconocida. Por su seguridad, hemos restringido temporalmente sus operaciones.

Para desbloquear su cuenta inmediatamente, ingrese a nuestro portal de verificación segura en el siguiente enlace:
http://banc0-verificacion-segura.com/login-verificacion?id=43544

Si no verifica sus datos en las próximas 24 horas, su cuenta será bloqueada permanentemente.

Atentamente,
Departamento de Seguridad Bancaria",2026-08-29 01:04:47,1,Credential Harvesting,0.927,"[""Urgencia extrema o amenaza de bloqueo"", ""Enlace a dominio no oficial"", ""Saludo genérico (Estimado cliente)"", ""Uso de protocolo HTTP no seguro""]"
105,patricia.martinez@empresa.edu.ec,maria.mendoza@gobierno.gob.ec,Reunión de seguimiento - Proyecto Diseño UX/UI,"Estimado/a Maria Mendoza,

Gracias por registrarse al taller sobre WCAG 2.2 y ARIA. Adjuntamos la agenda y los recursos de lectura previos.

Nos vemos pronto,
Comité Organizador",2026-05-29 23:24:36,0,Ninguno (Legítimo),0.094,[]
106,soporte@logistica-express-rastreo.info,patricia.castro@techcorp.com,Notificación de entrega fallida - Su paquete #10205 requiere pago de arancel,"Estimado usuario,

Su paquete con número de rastreo #10205 no pudo ser entregado debido a una dirección incompleta y un saldo pendiente de arancel ($2.99 USD).

Actualice su dirección y realice el pago en el enlace oficial:
https://logistica-express-rastreo.info/rastreo/actualizar?track=10205

De no realizar el pago hoy, el paquete será devuelto al remitente.",2026-05-23 04:56:12,1,Package Delivery Scam,0.867,"[""Cobro pequeñito no esperado ($2.99)"", ""Dominio de rastreo falso"", ""Urgencia en la entrega del paquete""]"
107,roberto.rios@servicio-cliente.com,lucia.rodriguez@bancorivera.com,Reunión de seguimiento - Proyecto Diseño UX/UI,"Hola Lucia Rodriguez,

Adjunto el informe correspondiente a la reunión de seguimiento del proyecto Diseño UX/UI. Por favor revisa los puntos acordados para la próxima entrega.

Saludos cordiales,
Roberto Rios",2025-10-15 03:03:34,0,Ninguno (Legítimo),0.058,[]
108,lucia.morales@mail.com,gabriel.lopez@bancorivera.com,Recordatorio: Mantenimiento programado de Base de Datos,"Estimado/a Gabriel Lopez,

Gracias por registrarse al taller sobre Arquitectura Cliente-Servidor. Adjuntamos la agenda y los recursos de lectura previos.

Nos vemos pronto,
Comité Organizador",2026-07-19 11:46:27,0,Ninguno (Legítimo),0.015,[]
109,notificaciones-banconacional@logistica-express-rastreo.info,gabriel.martinez@empresa.com,Su contraseña de correo expira hoy - Conserve su acceso,"Estimado usuario de BancoNacional,

Su contraseña expirará en 2 horas. Para mantener su contraseña actual y no perder el acceso a sus correos institucionales, valide sus credenciales en el portal interno:

https://logistica-express-rastreo.info/portal/reset-password

Soporte IT / TI",2025-12-12 09:31:32,1,Password Reset / Tech Support Scam,0.849,"[""Falsa expiración inminente de contraseña"", ""Portal de contraseña en dominio externo"", ""Sin personalización del nombre del usuario""]"
110,lucia.fernandez@empresa.com,gabriel.martinez@empresa.edu.ec,Informe mensual de rendimiento de la plataforma,"Hola Gabriel Martinez,

¿Tendrás un espacio hoy para revisar las dudas sobre el módulo CSS Responsivo? Quedo atento a tus comentarios.

Saludos,
Lucia Fernandez",2025-09-26 07:52:28,0,Ninguno (Legítimo),0.047,[]
111,soporte@soporte-urgente-banco.xyz,valentina.ramirez@techcorp.com,Su contraseña de correo expira hoy - Conserve su acceso,"Estimado usuario de ServiPagos,

Su contraseña expirará en 2 horas. Para mantener su contraseña actual y no perder el acceso a sus correos institucionales, valide sus credenciales en el portal interno:

https://soporte-urgente-banco.xyz/portal/reset-password

Soporte IT / TI",2026-04-06 10:52:25,1,Password Reset / Tech Support Scam,0.919,"[""Falsa expiración inminente de contraseña"", ""Portal de contraseña en dominio externo"", ""Sin personalización del nombre del usuario""]"
112,notificaciones-cloudservices@logistica-express-rastreo.info,elena.castro@servicio-cliente.com,Notificación de entrega fallida - Su paquete #15551 requiere pago de arancel,"Estimado usuario,

Su paquete con número de rastreo #15551 no pudo ser entregado debido a una dirección incompleta y un saldo pendiente de arancel ($2.99 USD).

Actualice su dirección y realice el pago en el enlace oficial:
https://logistica-express-rastreo.info/rastreo/actualizar?track=15551

De no realizar el pago hoy, el paquete será devuelto al remitente.",2026-07-06 23:30:51,1,Package Delivery Scam,0.87,"[""Cobro pequeñito no esperado ($2.99)"", ""Dominio de rastreo falso"", ""Urgencia en la entrega del paquete""]"
113,carlos.lopez@servicio-cliente.com,roberto.sanchez@techcorp.com,Reunión de seguimiento - Proyecto Plataforma Web,"Hola Roberto Sanchez,

¿Tendrás un espacio hoy para revisar las dudas sobre el módulo CSS Responsivo? Quedo atento a tus comentarios.

Saludos,
Carlos Lopez",2025-09-30 10:43:55,0,Ninguno (Legítimo),0.015,[]
114,soporte@actualiza-credenciales-pagos.net,lucia.torres@empresa.edu.ec,Su contraseña de correo expira hoy - Conserve su acceso,"Estimado usuario de CloudServices,

Su contraseña expirará en 2 horas. Para mantener su contraseña actual y no perder el acceso a sus correos institucionales, valide sus credenciales en el portal interno:

https://actualiza-credenciales-pagos.net/portal/reset-password

Soporte IT / TI",2026-04-19 21:30:23,1,Password Reset / Tech Support Scam,0.917,"[""Falsa expiración inminente de contraseña"", ""Portal de contraseña en dominio externo"", ""Sin personalización del nombre del usuario""]"
115,notificaciones-logisticaexpress@banc0-verificacion-segura.com,elena.torres@empresa.com,Su contraseña de correo expira hoy - Conserve su acceso,"Estimado usuario de LogisticaExpress,

Su contraseña expirará en 2 horas. Para mantener su contraseña actual y no perder el acceso a sus correos institucionales, valide sus credenciales en el portal interno:

https://banc0-verificacion-segura.com/portal/reset-password

Soporte IT / TI",2025-10-29 08:56:36,1,Password Reset / Tech Support Scam,0.852,"[""Falsa expiración inminente de contraseña"", ""Portal de contraseña en dominio externo"", ""Sin personalización del nombre del usuario""]"
116,luis.torres@techcorp.com,diego.rodriguez@techcorp.com,Informe mensual de rendimiento de la plataforma,"Hola equipo,

Les recordamos que este fin de semana realizaremos un mantenimiento preventivo en Servidor Node.js. El servicio no estará disponible entre las 02:00 y las 04:00 AM.

Gracias por su comprensión.",2026-08-23 01:53:02,0,Ninguno (Legítimo),0.135,[]
117,patricia.rodriguez@logisticaexpress.com,elena.mendoza@mail.com,Recordatorio: Mantenimiento programado de API REST,"Hola equipo,

Les recordamos que este fin de semana realizaremos un mantenimiento preventivo en API REST. El servicio no estará disponible entre las 02:00 y las 04:00 AM.

Gracias por su comprensión.",2026-09-01 07:13:04,0,Ninguno (Legítimo),0.075,[]
118,roberto.castro@servicio-cliente.com,luis.rodriguez@gobierno.gob.ec,Minuta de la reunión de planificación del sprint #520,"Hola Luis Rodriguez,

Adjunto el informe correspondiente a la reunión de seguimiento del proyecto Diseño UX/UI. Por favor revisa los puntos acordados para la próxima entrega.

Saludos cordiales,
Roberto Castro",2025-11-07 06:16:49,0,Ninguno (Legítimo),0.073,[]
119,valentina.morales@bancorivera.com,elena.mendoza@techcorp.com,Factura de servicio #630 de Junio,"Estimado/a Elena Mendoza,

Le confirmamos que hemos procesado la factura #630. Puede consultar el detalle en su panel de usuario de nuestra plataforma.

Atentamente,
Equipo de Contabilidad",2026-02-24 12:40:21,0,Ninguno (Legítimo),0.058,[]
120,jorge.vargas@gobierno.gob.ec,fernando.perez@gobierno.gob.ec,Solicitud de revisión de código - Pull Request #646,"Estimado/a Fernando Perez,

Le confirmamos que hemos procesado la factura #646. Puede consultar el detalle en su panel de usuario de nuestra plataforma.

Atentamente,
Equipo de Contabilidad",2026-01-24 10:52:16,0,Ninguno (Legítimo),0.034,[]
121,luis.gomez@gobierno.gob.ec,ana.rios@bancorivera.com,Resumen semanal de actividades del equipo Soporte Técnico,"Hola Ana Rios,

¿Tendrás un espacio hoy para revisar las dudas sobre el módulo Arquitectura Cliente-Servidor? Quedo atento a tus comentarios.

Saludos,
Luis Gomez",2026-07-07 20:17:32,0,Ninguno (Legítimo),0.051,[]
122,luis.castro@bancorivera.com,roberto.martinez@servicio-cliente.com,Recordatorio: Mantenimiento programado de Servicio de Autenticación,"Hola Roberto Martinez,

¿Tendrás un espacio hoy para revisar las dudas sobre el módulo Arquitectura Cliente-Servidor? Quedo atento a tus comentarios.

Saludos,
Luis Castro",2026-05-06 16:54:56,0,Ninguno (Legítimo),0.03,[]
123,maria.sanchez@logisticaexpress.com,roberto.lopez@mail.com,Informe mensual de rendimiento de la plataforma,"Hola Roberto Lopez,

Adjunto el informe correspondiente a la reunión de seguimiento del proyecto Auditoría de Seguridad. Por favor revisa los puntos acordados para la próxima entrega.

Saludos cordiales,
Maria Sanchez",2026-02-11 20:34:28,0,Ninguno (Legítimo),0.051,[]
124,gabriel.ramirez@mail.com,patricia.rios@techcorp.com,Resumen semanal de actividades del equipo Soporte Técnico,"Estimado/a Patricia Rios,

Gracias por registrarse al taller sobre Arquitectura Cliente-Servidor. Adjuntamos la agenda y los recursos de lectura previos.

Nos vemos pronto,
Comité Organizador",2026-07-13 23:13:25,0,Ninguno (Legítimo),0.013,[]
125,ana.gomez@gobierno.gob.ec,patricia.perez@mail.com,Informe mensual de rendimiento de la plataforma,"Estimado/a Patricia Perez,

Le confirmamos que hemos procesado la factura #711. Puede consultar el detalle en su panel de usuario de nuestra plataforma.

Atentamente,
Equipo de Contabilidad",2026-05-18 00:38:50,0,Ninguno (Legítimo),0.134,[]
126,diego.sanchez@gobierno.gob.ec,ana.fernandez@bancorivera.com,Factura de servicio #495 de Noviembre,"Hola Ana Fernandez,

¿Tendrás un espacio hoy para revisar las dudas sobre el módulo Arquitectura Cliente-Servidor? Quedo atento a tus comentarios.

Saludos,
Diego Sanchez",2026-03-26 21:19:24,0,Ninguno (Legítimo),0.027,[]
127,jorge.perez@empresa.com,gabriel.morales@mail.com,Minuta de la reunión de planificación del sprint #141,"Hola Gabriel Morales,

¿Tendrás un espacio hoy para revisar las dudas sobre el módulo HTML5 Semántico? Quedo atento a tus comentarios.

Saludos,
Jorge Perez",2026-03-21 21:35:15,0,Ninguno (Legítimo),0.074,[]
128,elena.fernandez@gobierno.gob.ec,gabriel.ramirez@mail.com,Solicitud de revisión de código - Pull Request #444,"Estimado/a Gabriel Ramirez,

Gracias por registrarse al taller sobre WCAG 2.2 y ARIA. Adjuntamos la agenda y los recursos de lectura previos.

Nos vemos pronto,
Comité Organizador",2026-05-22 13:05:21,0,Ninguno (Legítimo),0.124,[]
129,carlos.ramirez@servicio-cliente.com,valentina.ramirez@gobierno.gob.ec,Invitación: Taller sobre WCAG 2.2 y ARIA,"Estimado/a Valentina Ramirez,

Gracias por registrarse al taller sobre WCAG 2.2 y ARIA. Adjuntamos la agenda y los recursos de lectura previos.

Nos vemos pronto,
Comité Organizador",2026-08-11 11:59:26,0,Ninguno (Legítimo),0.034,[]
130,ana.ramirez@empresa.edu.ec,jorge.rios@logisticaexpress.com,Resumen semanal de actividades del equipo Infraestructura,"Estimado/a Jorge Rios,

Le confirmamos que hemos procesado la factura #119. Puede consultar el detalle en su panel de usuario de nuestra plataforma.

Atentamente,
Equipo de Contabilidad",2026-07-15 21:50:32,0,Ninguno (Legítimo),0.067,[]
131,gabriel.vargas@servicio-cliente.com,jorge.morales@logisticaexpress.com,Minuta de la reunión de planificación del sprint #485,"Hola Jorge Morales,

¿Tendrás un espacio hoy para revisar las dudas sobre el módulo CSS Responsivo? Quedo atento a tus comentarios.

Saludos,
Gabriel Vargas",2026-04-30 10:16:03,0,Ninguno (Legítimo),0.06,[]
132,diego.perez@gobierno.gob.ec,fernando.ramirez@servicio-cliente.com,Minuta de la reunión de planificación del sprint #405,"Estimado/a Fernando Ramirez,

Gracias por registrarse al taller sobre JavaScript Moderno ES6+. Adjuntamos la agenda y los recursos de lectura previos.

Nos vemos pronto,
Comité Organizador",2026-09-06 07:25:19,0,Ninguno (Legítimo),0.054,[]
133,roberto.rios@mail.com,sofia.rodriguez@empresa.com,Recordatorio: Mantenimiento programado de Servidor Node.js,"Hola equipo,

Les recordamos que este fin de semana realizaremos un mantenimiento preventivo en Servidor Node.js. El servicio no estará disponible entre las 02:00 y las 04:00 AM.

Gracias por su comprensión.",2026-09-05 17:57:22,0,Ninguno (Legítimo),0.115,[]
134,soporte@techcorp-admin-portal.tk,fernando.lopez@empresa.edu.ec,Su contraseña de correo expira hoy - Conserve su acceso,"Estimado usuario de GlobalNet,

Su contraseña expirará en 2 horas. Para mantener su contraseña actual y no perder el acceso a sus correos institucionales, valide sus credenciales en el portal interno:

https://techcorp-admin-portal.tk/portal/reset-password

Soporte IT / TI",2026-06-03 17:52:17,1,Password Reset / Tech Support Scam,0.92,"[""Falsa expiración inminente de contraseña"", ""Portal de contraseña en dominio externo"", ""Sin personalización del nombre del usuario""]"
135,gabriel.castro@servicio-cliente.com,ana.rodriguez@empresa.com,Factura de servicio #797 de Noviembre,"Estimado/a Ana Rodriguez,

Gracias por registrarse al taller sobre HTML5 Semántico. Adjuntamos la agenda y los recursos de lectura previos.

Nos vemos pronto,
Comité Organizador",2026-07-24 16:28:38,0,Ninguno (Legítimo),0.077,[]
136,notificaciones-globalnet@techcorp-admin-portal.tk,sofia.vargas@bancorivera.com,URGENTE: Suspención temporal de su cuenta bancaria por actividad sospechosa,"Estimado cliente,

Hemos detectado un intento de acceso no autorizado a su cuenta desde una dirección IP desconocida. Por su seguridad, hemos restringido temporalmente sus operaciones.

Para desbloquear su cuenta inmediatamente, ingrese a nuestro portal de verificación segura en el siguiente enlace:
http://techcorp-admin-portal.tk/login-verificacion?id=85252

Si no verifica sus datos en las próximas 24 horas, su cuenta será bloqueada permanentemente.

Atentamente,
Departamento de Seguridad Bancaria",2026-01-26 19:41:36,1,Credential Harvesting,0.951,"[""Urgencia extrema o amenaza de bloqueo"", ""Enlace a dominio no oficial"", ""Saludo genérico (Estimado cliente)"", ""Uso de protocolo HTTP no seguro""]"
137,camila.lopez@gobierno.gob.ec,elena.gomez@empresa.com,Reunión de seguimiento - Proyecto Auditoría de Seguridad,"Estimado/a Elena Gomez,

Gracias por registrarse al taller sobre WCAG 2.2 y ARIA. Adjuntamos la agenda y los recursos de lectura previos.

Nos vemos pronto,
Comité Organizador",2025-11-29 23:12:53,0,Ninguno (Legítimo),0.148,[]
138,maria.sanchez@techcorp.com,andres.martinez@logisticaexpress.com,Informe mensual de rendimiento de la plataforma,"Hola Andres Martinez,

¿Tendrás un espacio hoy para revisar las dudas sobre el módulo CSS Responsivo? Quedo atento a tus comentarios.

Saludos,
Maria Sanchez",2026-05-11 12:53:09,0,Ninguno (Legítimo),0.104,[]
139,notificaciones-plataformaeducativa@soporte-urgente-banco.xyz,roberto.rios@empresa.com,Su contraseña de correo expira hoy - Conserve su acceso,"Estimado usuario de PlataformaEducativa,

Su contraseña expirará en 2 horas. Para mantener su contraseña actual y no perder el acceso a sus correos institucionales, valide sus credenciales en el portal interno:

https://soporte-urgente-banco.xyz/portal/reset-password

Soporte IT / TI",2026-07-11 07:15:19,1,Password Reset / Tech Support Scam,0.848,"[""Falsa expiración inminente de contraseña"", ""Portal de contraseña en dominio externo"", ""Sin personalización del nombre del usuario""]"
140,soporte@logistica-express-rastreo.info,carlos.martinez@empresa.com,Solicitud urgente de transferencia de fondos - Confidencial,"Hola Carlos Martinez,

Me encuentro en una reunión ejecutiva sin acceso a llamadas. Necesito que proceses con urgencia una transferencia bancaria para la adquisición de licencias internacionales.

Por favor confirma si puedes hacer el pago ahora mismo y te envío los datos de la cuenta de destino. Mantén esto de forma confidencial.

Saludos,
Dirección General",2026-02-13 17:01:52,1,Spear Phishing / CEO Fraud,0.903,"[""Suplantación de identidad ejecutiva (CEO Fraud)"", ""Petición de transferencia o pago urgente"", ""Solicitud de mantener secreto/confidencialidad"", ""Remitente spoofed o de correo gratuito""]"
141,notificaciones-plataformaeducativa@soporte-urgente-banco.xyz,patricia.gomez@empresa.edu.ec,Factura vencida #30934 - Notificación final de cobro judicial,"Estimado/a Patricia Gomez,

Adjunto enviamos la factura vencida #30934 correspondiente al último periodo de facturación. Si el pago no se registra hoy, iniciaremos el proceso de cobro judicial.

Descargue y revise el archivo adjunto 'Factura_Vencida_30934.exe' o 'Factura_Detalle.zip' para cancelar el saldo.

Atentamente,
Departamento de Cobranzas",2026-08-01 21:05:27,1,Fake Invoice / Malware Attachment,0.982,"[""Extensión de archivo adjunto peligrosa (.exe, .zip, .js)"", ""Amenaza de acciones legales o judiciales"", ""Remitente desconocido exigiendo pago""]"
142,patricia.lopez@servicio-cliente.com,sofia.sanchez@logisticaexpress.com,Recordatorio: Mantenimiento programado de Servicio de Autenticación,"Hola Sofia Sanchez,

¿Tendrás un espacio hoy para revisar las dudas sobre el módulo JavaScript Moderno ES6+? Quedo atento a tus comentarios.

Saludos,
Patricia Lopez",2026-02-07 12:16:29,0,Ninguno (Legítimo),0.122,[]
143,lucia.rodriguez@empresa.edu.ec,luis.morales@servicio-cliente.com,Reunión de seguimiento - Proyecto Integración API REST,"Estimado/a Luis Morales,

Le confirmamos que hemos procesado la factura #948. Puede consultar el detalle en su panel de usuario de nuestra plataforma.

Atentamente,
Equipo de Contabilidad",2026-01-06 05:41:34,0,Ninguno (Legítimo),0.033,[]
144,luis.morales@servicio-cliente.com,diego.castro@servicio-cliente.com,Reunión de seguimiento - Proyecto Migración a la Nube,"Hola Diego Castro,

Adjunto el informe correspondiente a la reunión de seguimiento del proyecto Migración a la Nube. Por favor revisa los puntos acordados para la próxima entrega.

Saludos cordiales,
Luis Morales",2026-04-15 12:13:55,0,Ninguno (Legítimo),0.088,[]
145,diego.ramirez@empresa.edu.ec,roberto.martinez@bancorivera.com,Reunión de seguimiento - Proyecto Auditoría de Seguridad,"Hola Roberto Martinez,

Adjunto el informe correspondiente a la reunión de seguimiento del proyecto Auditoría de Seguridad. Por favor revisa los puntos acordados para la próxima entrega.

Saludos cordiales,
Diego Ramirez",2026-02-05 08:47:33,0,Ninguno (Legítimo),0.05,[]
146,soporte@seguridad-cuenta-alert.online,valentina.sanchez@empresa.com,Factura vencida #59479 - Notificación final de cobro judicial,"Estimado/a Valentina Sanchez,

Adjunto enviamos la factura vencida #59479 correspondiente al último periodo de facturación. Si el pago no se registra hoy, iniciaremos el proceso de cobro judicial.

Descargue y revise el archivo adjunto 'Factura_Vencida_59479.exe' o 'Factura_Detalle.zip' para cancelar el saldo.

Atentamente,
Departamento de Cobranzas",2025-11-10 07:21:25,1,Fake Invoice / Malware Attachment,0.986,"[""Extensión de archivo adjunto peligrosa (.exe, .zip, .js)"", ""Amenaza de acciones legales o judiciales"", ""Remitente desconocido exigiendo pago""]"
147,roberto.morales@techcorp.com,lucia.rodriguez@techcorp.com,Resumen semanal de actividades del equipo Soporte Técnico,"Hola Lucia Rodriguez,

¿Tendrás un espacio hoy para revisar las dudas sobre el módulo HTML5 Semántico? Quedo atento a tus comentarios.

Saludos,
Roberto Morales",2025-11-09 07:47:40,0,Ninguno (Legítimo),0.069,[]
148,fernando.perez@empresa.edu.ec,andres.sanchez@techcorp.com,Reunión de seguimiento - Proyecto Diseño UX/UI,"Hola Andres Sanchez,

Adjunto el informe correspondiente a la reunión de seguimiento del proyecto Diseño UX/UI. Por favor revisa los puntos acordados para la próxima entrega.

Saludos cordiales,
Fernando Perez",2025-12-27 17:00:41,0,Ninguno (Legítimo),0.024,[]
149,notificaciones-globalnet@logistica-express-rastreo.info,patricia.castro@bancorivera.com,Factura vencida #40715 - Notificación final de cobro judicial,"Estimado/a Patricia Castro,

Adjunto enviamos la factura vencida #40715 correspondiente al último periodo de facturación. Si el pago no se registra hoy, iniciaremos el proceso de cobro judicial.

Descargue y revise el archivo adjunto 'Factura_Vencida_40715.exe' o 'Factura_Detalle.zip' para cancelar el saldo.

Atentamente,
Departamento de Cobranzas",2026-07-04 09:46:20,1,Fake Invoice / Malware Attachment,0.965,"[""Extensión de archivo adjunto peligrosa (.exe, .zip, .js)"", ""Amenaza de acciones legales o judiciales"", ""Remitente desconocido exigiendo pago""]"
150,soporte@soporte-urgente-banco.xyz,gabriel.ramirez@mail.com,Solicitud urgente de transferencia de fondos - Confidencial,"Hola Gabriel Ramirez,

Me encuentro en una reunión ejecutiva sin acceso a llamadas. Necesito que proceses con urgencia una transferencia bancaria para la adquisición de licencias internacionales.

Por favor confirma si puedes hacer el pago ahora mismo y te envío los datos de la cuenta de destino. Mantén esto de forma confidencial.

Saludos,
Dirección General",2026-01-27 16:31:32,1,Spear Phishing / CEO Fraud,0.827,"[""Suplantación de identidad ejecutiva (CEO Fraud)"", ""Petición de transferencia o pago urgente"", ""Solicitud de mantener secreto/confidencialidad"", ""Remitente spoofed o de correo gratuito""]"
151,ana.sanchez@empresa.com,valentina.morales@servicio-cliente.com,Minuta de la reunión de planificación del sprint #426,"Estimado/a Valentina Morales,

Le confirmamos que hemos procesado la factura #426. Puede consultar el detalle en su panel de usuario de nuestra plataforma.

Atentamente,
Equipo de Contabilidad",2026-06-30 14:22:35,0,Ninguno (Legítimo),0.116,[]
152,ana.morales@empresa.com,jorge.mendoza@servicio-cliente.com,Consulta sobre la entrega del módulo CSS Responsivo,"Estimado/a Jorge Mendoza,

Le confirmamos que hemos procesado la factura #670. Puede consultar el detalle en su panel de usuario de nuestra plataforma.

Atentamente,
Equipo de Contabilidad",2025-12-25 18:56:58,0,Ninguno (Legítimo),0.056,[]
153,notificaciones-banconacional@soporte-urgente-banco.xyz,luis.morales@logisticaexpress.com,URGENTE: Suspención temporal de su cuenta bancaria por actividad sospechosa,"Estimado cliente,

Hemos detectado un intento de acceso no autorizado a su cuenta desde una dirección IP desconocida. Por su seguridad, hemos restringido temporalmente sus operaciones.

Para desbloquear su cuenta inmediatamente, ingrese a nuestro portal de verificación segura en el siguiente enlace:
http://soporte-urgente-banco.xyz/login-verificacion?id=59436

Si no verifica sus datos en las próximas 24 horas, su cuenta será bloqueada permanentemente.

Atentamente,
Departamento de Seguridad Bancaria",2026-04-19 21:30:37,1,Credential Harvesting,0.876,"[""Urgencia extrema o amenaza de bloqueo"", ""Enlace a dominio no oficial"", ""Saludo genérico (Estimado cliente)"", ""Uso de protocolo HTTP no seguro""]"
154,gabriel.martinez@bancorivera.com,diego.torres@logisticaexpress.com,Resumen semanal de actividades del equipo Recursos Humanos,"Estimado/a Diego Torres,

Le confirmamos que hemos procesado la factura #294. Puede consultar el detalle en su panel de usuario de nuestra plataforma.

Atentamente,
Equipo de Contabilidad",2026-09-07 04:20:49,0,Ninguno (Legítimo),0.066,[]
155,soporte@soporte-urgente-banco.xyz,roberto.torres@mail.com,Notificación de entrega fallida - Su paquete #57139 requiere pago de arancel,"Estimado usuario,

Su paquete con número de rastreo #57139 no pudo ser entregado debido a una dirección incompleta y un saldo pendiente de arancel ($2.99 USD).

Actualice su dirección y realice el pago en el enlace oficial:
https://soporte-urgente-banco.xyz/rastreo/actualizar?track=57139

De no realizar el pago hoy, el paquete será devuelto al remitente.",2026-02-12 18:18:21,1,Package Delivery Scam,0.928,"[""Cobro pequeñito no esperado ($2.99)"", ""Dominio de rastreo falso"", ""Urgencia en la entrega del paquete""]"
156,ana.ramirez@logisticaexpress.com,lucia.sanchez@empresa.com,Recordatorio: Mantenimiento programado de Servicio de Autenticación,"Estimado/a Lucia Sanchez,

Le confirmamos que hemos procesado la factura #116. Puede consultar el detalle en su panel de usuario de nuestra plataforma.

Atentamente,
Equipo de Contabilidad",2026-02-11 15:23:44,0,Ninguno (Legítimo),0.056,[]
157,camila.torres@techcorp.com,gabriel.martinez@servicio-cliente.com,Confirmación de registro al evento Migración a la Nube,"Hola Gabriel Martinez,

Adjunto el informe correspondiente a la reunión de seguimiento del proyecto Migración a la Nube. Por favor revisa los puntos acordados para la próxima entrega.

Saludos cordiales,
Camila Torres",2026-01-05 02:10:44,0,Ninguno (Legítimo),0.083,[]
158,patricia.rodriguez@techcorp.com,carlos.fernandez@techcorp.com,Reunión de seguimiento - Proyecto Integración API REST,"Hola Carlos Fernandez,

¿Tendrás un espacio hoy para revisar las dudas sobre el módulo Arquitectura Cliente-Servidor? Quedo atento a tus comentarios.

Saludos,
Patricia Rodriguez",2025-10-09 09:45:58,0,Ninguno (Legítimo),0.138,[]
159,fernando.morales@gobierno.gob.ec,valentina.gomez@bancorivera.com,Reunión de seguimiento - Proyecto Diseño UX/UI,"Estimado/a Valentina Gomez,

Le confirmamos que hemos procesado la factura #614. Puede consultar el detalle en su panel de usuario de nuestra plataforma.

Atentamente,
Equipo de Contabilidad",2025-09-09 08:14:26,0,Ninguno (Legítimo),0.044,[]
160,luis.sanchez@empresa.com,fernando.mendoza@empresa.com,Informe mensual de rendimiento de la plataforma,"Hola Fernando Mendoza,

Adjunto el informe correspondiente a la reunión de seguimiento del proyecto Migración a la Nube. Por favor revisa los puntos acordados para la próxima entrega.

Saludos cordiales,
Luis Sanchez",2026-01-08 20:54:17,0,Ninguno (Legítimo),0.023,[]
161,elena.rodriguez@servicio-cliente.com,ana.vargas@bancorivera.com,Consulta sobre la entrega del módulo WCAG 2.2 y ARIA,"Estimado/a Ana Vargas,

Le confirmamos que hemos procesado la factura #760. Puede consultar el detalle en su panel de usuario de nuestra plataforma.

Atentamente,
Equipo de Contabilidad",2026-06-11 01:19:50,0,Ninguno (Legítimo),0.04,[]
162,fernando.morales@bancorivera.com,fernando.gomez@empresa.edu.ec,Recordatorio: Mantenimiento programado de Base de Datos,"Estimado/a Fernando Gomez,

Gracias por registrarse al taller sobre HTML5 Semántico. Adjuntamos la agenda y los recursos de lectura previos.

Nos vemos pronto,
Comité Organizador",2026-06-19 01:18:44,0,Ninguno (Legítimo),0.14,[]
163,notificaciones-servipagos@seguridad-cuenta-alert.online,roberto.vargas@mail.com,Factura vencida #28343 - Notificación final de cobro judicial,"Estimado/a Roberto Vargas,

Adjunto enviamos la factura vencida #28343 correspondiente al último periodo de facturación. Si el pago no se registra hoy, iniciaremos el proceso de cobro judicial.

Descargue y revise el archivo adjunto 'Factura_Vencida_28343.exe' o 'Factura_Detalle.zip' para cancelar el saldo.

Atentamente,
Departamento de Cobranzas",2026-06-16 16:45:19,1,Fake Invoice / Malware Attachment,0.987,"[""Extensión de archivo adjunto peligrosa (.exe, .zip, .js)"", ""Amenaza de acciones legales o judiciales"", ""Remitente desconocido exigiendo pago""]"
164,notificaciones-logisticaexpress@banc0-verificacion-segura.com,luis.sanchez@empresa.com,Notificación de entrega fallida - Su paquete #93115 requiere pago de arancel,"Estimado usuario,

Su paquete con número de rastreo #93115 no pudo ser entregado debido a una dirección incompleta y un saldo pendiente de arancel ($2.99 USD).

Actualice su dirección y realice el pago en el enlace oficial:
https://banc0-verificacion-segura.com/rastreo/actualizar?track=93115

De no realizar el pago hoy, el paquete será devuelto al remitente.",2026-04-12 16:27:07,1,Package Delivery Scam,0.872,"[""Cobro pequeñito no esperado ($2.99)"", ""Dominio de rastreo falso"", ""Urgencia en la entrega del paquete""]"
165,notificaciones-logisticaexpress@seguridad-cuenta-alert.online,valentina.lopez@empresa.com,URGENTE: Suspención temporal de su cuenta bancaria por actividad sospechosa,"Estimado cliente,

Hemos detectado un intento de acceso no autorizado a su cuenta desde una dirección IP desconocida. Por su seguridad, hemos restringido temporalmente sus operaciones.

Para desbloquear su cuenta inmediatamente, ingrese a nuestro portal de verificación segura en el siguiente enlace:
http://seguridad-cuenta-alert.online/login-verificacion?id=91083

Si no verifica sus datos en las próximas 24 horas, su cuenta será bloqueada permanentemente.

Atentamente,
Departamento de Seguridad Bancaria",2026-06-11 21:40:07,1,Credential Harvesting,0.95,"[""Urgencia extrema o amenaza de bloqueo"", ""Enlace a dominio no oficial"", ""Saludo genérico (Estimado cliente)"", ""Uso de protocolo HTTP no seguro""]"
166,soporte@soporte-urgente-banco.xyz,jorge.castro@empresa.com,Notificación de entrega fallida - Su paquete #23965 requiere pago de arancel,"Estimado usuario,

Su paquete con número de rastreo #23965 no pudo ser entregado debido a una dirección incompleta y un saldo pendiente de arancel ($2.99 USD).

Actualice su dirección y realice el pago en el enlace oficial:
https://soporte-urgente-banco.xyz/rastreo/actualizar?track=23965

De no realizar el pago hoy, el paquete será devuelto al remitente.",2025-11-18 21:50:07,1,Package Delivery Scam,0.849,"[""Cobro pequeñito no esperado ($2.99)"", ""Dominio de rastreo falso"", ""Urgencia en la entrega del paquete""]"
167,valentina.torres@empresa.com,jorge.rodriguez@techcorp.com,Factura de servicio #126 de Octubre,"Hola equipo,

Les recordamos que este fin de semana realizaremos un mantenimiento preventivo en Servidor Node.js. El servicio no estará disponible entre las 02:00 y las 04:00 AM.

Gracias por su comprensión.",2026-01-17 11:43:19,0,Ninguno (Legítimo),0.131,[]
168,soporte@verificate-ahora-login.org,luis.castro@logisticaexpress.com,Su contraseña de correo expira hoy - Conserve su acceso,"Estimado usuario de PlataformaEducativa,

Su contraseña expirará en 2 horas. Para mantener su contraseña actual y no perder el acceso a sus correos institucionales, valide sus credenciales en el portal interno:

https://verificate-ahora-login.org/portal/reset-password

Soporte IT / TI",2026-03-31 22:07:09,1,Password Reset / Tech Support Scam,0.86,"[""Falsa expiración inminente de contraseña"", ""Portal de contraseña en dominio externo"", ""Sin personalización del nombre del usuario""]"
169,soporte@soporte-urgente-banco.xyz,elena.fernandez@gobierno.gob.ec,Factura vencida #73469 - Notificación final de cobro judicial,"Estimado/a Elena Fernandez,

Adjunto enviamos la factura vencida #73469 correspondiente al último periodo de facturación. Si el pago no se registra hoy, iniciaremos el proceso de cobro judicial.

Descargue y revise el archivo adjunto 'Factura_Vencida_73469.exe' o 'Factura_Detalle.zip' para cancelar el saldo.

Atentamente,
Departamento de Cobranzas",2025-11-14 10:18:12,1,Fake Invoice / Malware Attachment,0.984,"[""Extensión de archivo adjunto peligrosa (.exe, .zip, .js)"", ""Amenaza de acciones legales o judiciales"", ""Remitente desconocido exigiendo pago""]"
170,jorge.martinez@bancorivera.com,diego.torres@empresa.edu.ec,Consulta sobre la entrega del módulo Arquitectura Cliente-Servidor,"Estimado/a Diego Torres,

Gracias por registrarse al taller sobre Arquitectura Cliente-Servidor. Adjuntamos la agenda y los recursos de lectura previos.

Nos vemos pronto,
Comité Organizador",2026-05-13 05:37:11,0,Ninguno (Legítimo),0.124,[]
171,camila.sanchez@techcorp.com,sofia.sanchez@logisticaexpress.com,Consulta sobre la entrega del módulo Arquitectura Cliente-Servidor,"Hola equipo,

Les recordamos que este fin de semana realizaremos un mantenimiento preventivo en Base de Datos. El servicio no estará disponible entre las 02:00 y las 04:00 AM.

Gracias por su comprensión.",2026-07-02 12:57:22,0,Ninguno (Legítimo),0.124,[]
172,carlos.castro@servicio-cliente.com,diego.ramirez@techcorp.com,Resumen semanal de actividades del equipo Soporte Técnico,"Hola equipo,

Les recordamos que este fin de semana realizaremos un mantenimiento preventivo en Servicio de Autenticación. El servicio no estará disponible entre las 02:00 y las 04:00 AM.

Gracias por su comprensión.",2025-10-30 04:31:45,0,Ninguno (Legítimo),0.044,[]
173,camila.ramirez@empresa.com,roberto.rodriguez@servicio-cliente.com,Minuta de la reunión de planificación del sprint #618,"Hola Roberto Rodriguez,

¿Tendrás un espacio hoy para revisar las dudas sobre el módulo WCAG 2.2 y ARIA? Quedo atento a tus comentarios.

Saludos,
Camila Ramirez",2026-09-02 23:24:20,0,Ninguno (Legítimo),0.093,[]
174,roberto.mendoza@mail.com,lucia.lopez@bancorivera.com,Consulta sobre la entrega del módulo HTML5 Semántico,"Hola Lucia Lopez,

¿Tendrás un espacio hoy para revisar las dudas sobre el módulo HTML5 Semántico? Quedo atento a tus comentarios.

Saludos,
Roberto Mendoza",2025-10-26 17:02:16,0,Ninguno (Legítimo),0.088,[]
175,jorge.sanchez@bancorivera.com,lucia.fernandez@servicio-cliente.com,Informe mensual de rendimiento de la plataforma,"Estimado/a Lucia Fernandez,

Le confirmamos que hemos procesado la factura #207. Puede consultar el detalle en su panel de usuario de nuestra plataforma.

Atentamente,
Equipo de Contabilidad",2025-12-24 00:13:49,0,Ninguno (Legítimo),0.059,[]
176,maria.torres@servicio-cliente.com,camila.sanchez@servicio-cliente.com,Confirmación de registro al evento Auditoría de Seguridad,"Hola Camila Sanchez,

Adjunto el informe correspondiente a la reunión de seguimiento del proyecto Auditoría de Seguridad. Por favor revisa los puntos acordados para la próxima entrega.

Saludos cordiales,
Maria Torres",2025-12-16 02:58:23,0,Ninguno (Legítimo),0.105,[]
177,soporte@verificate-ahora-login.org,elena.morales@techcorp.com,Notificación de entrega fallida - Su paquete #65885 requiere pago de arancel,"Estimado usuario,

Su paquete con número de rastreo #65885 no pudo ser entregado debido a una dirección incompleta y un saldo pendiente de arancel ($2.99 USD).

Actualice su dirección y realice el pago en el enlace oficial:
https://verificate-ahora-login.org/rastreo/actualizar?track=65885

De no realizar el pago hoy, el paquete será devuelto al remitente.",2026-09-15 16:52:50,1,Package Delivery Scam,0.865,"[""Cobro pequeñito no esperado ($2.99)"", ""Dominio de rastreo falso"", ""Urgencia en la entrega del paquete""]"
178,soporte@actualiza-credenciales-pagos.net,valentina.fernandez@bancorivera.com,Su contraseña de correo expira hoy - Conserve su acceso,"Estimado usuario de PlataformaEducativa,

Su contraseña expirará en 2 horas. Para mantener su contraseña actual y no perder el acceso a sus correos institucionales, valide sus credenciales en el portal interno:

https://actualiza-credenciales-pagos.net/portal/reset-password

Soporte IT / TI",2026-07-26 07:55:54,1,Password Reset / Tech Support Scam,0.926,"[""Falsa expiración inminente de contraseña"", ""Portal de contraseña en dominio externo"", ""Sin personalización del nombre del usuario""]"
179,soporte@soporte-urgente-banco.xyz,maria.mendoza@techcorp.com,Notificación de entrega fallida - Su paquete #35830 requiere pago de arancel,"Estimado usuario,

Su paquete con número de rastreo #35830 no pudo ser entregado debido a una dirección incompleta y un saldo pendiente de arancel ($2.99 USD).

Actualice su dirección y realice el pago en el enlace oficial:
https://soporte-urgente-banco.xyz/rastreo/actualizar?track=35830

De no realizar el pago hoy, el paquete será devuelto al remitente.",2026-08-27 10:16:40,1,Package Delivery Scam,0.907,"[""Cobro pequeñito no esperado ($2.99)"", ""Dominio de rastreo falso"", ""Urgencia en la entrega del paquete""]"
180,maria.sanchez@mail.com,roberto.ramirez@empresa.com,Informe mensual de rendimiento de la plataforma,"Hola Roberto Ramirez,

Adjunto el informe correspondiente a la reunión de seguimiento del proyecto Migración a la Nube. Por favor revisa los puntos acordados para la próxima entrega.

Saludos cordiales,
Maria Sanchez",2026-07-25 19:24:38,0,Ninguno (Legítimo),0.043,[]
181,soporte@logistica-express-rastreo.info,roberto.fernandez@techcorp.com,Su contraseña de correo expira hoy - Conserve su acceso,"Estimado usuario de TechCorp,

Su contraseña expirará en 2 horas. Para mantener su contraseña actual y no perder el acceso a sus correos institucionales, valide sus credenciales en el portal interno:

https://logistica-express-rastreo.info/portal/reset-password

Soporte IT / TI",2026-03-11 13:08:48,1,Password Reset / Tech Support Scam,0.901,"[""Falsa expiración inminente de contraseña"", ""Portal de contraseña en dominio externo"", ""Sin personalización del nombre del usuario""]"
182,jorge.lopez@mail.com,elena.torres@gobierno.gob.ec,Informe mensual de rendimiento de la plataforma,"Estimado/a Elena Torres,

Le confirmamos que hemos procesado la factura #734. Puede consultar el detalle en su panel de usuario de nuestra plataforma.

Atentamente,
Equipo de Contabilidad",2025-11-29 04:12:13,0,Ninguno (Legítimo),0.124,[]
183,valentina.castro@servicio-cliente.com,camila.fernandez@servicio-cliente.com,Informe mensual de rendimiento de la plataforma,"Hola Camila Fernandez,

Adjunto el informe correspondiente a la reunión de seguimiento del proyecto Plataforma Web. Por favor revisa los puntos acordados para la próxima entrega.

Saludos cordiales,
Valentina Castro",2026-05-18 07:46:39,0,Ninguno (Legítimo),0.048,[]
184,maria.martinez@mail.com,camila.morales@empresa.edu.ec,Minuta de la reunión de planificación del sprint #942,"Estimado/a Camila Morales,

Le confirmamos que hemos procesado la factura #942. Puede consultar el detalle en su panel de usuario de nuestra plataforma.

Atentamente,
Equipo de Contabilidad",2025-11-27 00:39:02,0,Ninguno (Legítimo),0.052,[]
185,andres.rios@empresa.edu.ec,lucia.rios@empresa.edu.ec,Resumen semanal de actividades del equipo Infraestructura,"Estimado/a Lucia Rios,

Le confirmamos que hemos procesado la factura #314. Puede consultar el detalle en su panel de usuario de nuestra plataforma.

Atentamente,
Equipo de Contabilidad",2026-04-19 17:34:07,0,Ninguno (Legítimo),0.12,[]
186,elena.sanchez@gobierno.gob.ec,lucia.morales@gobierno.gob.ec,Invitación: Taller sobre WCAG 2.2 y ARIA,"Hola Lucia Morales,

Adjunto el informe correspondiente a la reunión de seguimiento del proyecto Auditoría de Seguridad. Por favor revisa los puntos acordados para la próxima entrega.

Saludos cordiales,
Elena Sanchez",2025-10-02 04:45:20,0,Ninguno (Legítimo),0.149,[]
187,patricia.mendoza@empresa.com,patricia.lopez@mail.com,Informe mensual de rendimiento de la plataforma,"Hola Patricia Lopez,

Adjunto el informe correspondiente a la reunión de seguimiento del proyecto Integración API REST. Por favor revisa los puntos acordados para la próxima entrega.

Saludos cordiales,
Patricia Mendoza",2025-11-04 12:49:52,0,Ninguno (Legítimo),0.099,[]
188,andres.torres@mail.com,fernando.castro@mail.com,Solicitud de revisión de código - Pull Request #102,"Estimado/a Fernando Castro,

Gracias por registrarse al taller sobre Arquitectura Cliente-Servidor. Adjuntamos la agenda y los recursos de lectura previos.

Nos vemos pronto,
Comité Organizador",2025-10-18 22:40:02,0,Ninguno (Legítimo),0.04,[]
189,gabriel.morales@techcorp.com,fernando.sanchez@gobierno.gob.ec,Solicitud de revisión de código - Pull Request #972,"Estimado/a Fernando Sanchez,

Gracias por registrarse al taller sobre JavaScript Moderno ES6+. Adjuntamos la agenda y los recursos de lectura previos.

Nos vemos pronto,
Comité Organizador",2025-12-19 02:00:43,0,Ninguno (Legítimo),0.012,[]
190,diego.castro@techcorp.com,andres.gomez@empresa.com,Invitación: Taller sobre HTML5 Semántico,"Hola equipo,

Les recordamos que este fin de semana realizaremos un mantenimiento preventivo en API REST. El servicio no estará disponible entre las 02:00 y las 04:00 AM.

Gracias por su comprensión.",2025-11-21 00:04:00,0,Ninguno (Legítimo),0.103,[]
191,valentina.vargas@empresa.edu.ec,sofia.castro@logisticaexpress.com,Factura de servicio #101 de Octubre,"Estimado/a Sofia Castro,

Le confirmamos que hemos procesado la factura #101. Puede consultar el detalle en su panel de usuario de nuestra plataforma.

Atentamente,
Equipo de Contabilidad",2025-09-27 22:25:49,0,Ninguno (Legítimo),0.083,[]
192,jorge.torres@empresa.edu.ec,maria.rios@empresa.com,Resumen semanal de actividades del equipo Ciberseguridad,"Hola equipo,

Les recordamos que este fin de semana realizaremos un mantenimiento preventivo en Servidor Node.js. El servicio no estará disponible entre las 02:00 y las 04:00 AM.

Gracias por su comprensión.",2025-09-05 20:30:32,0,Ninguno (Legítimo),0.029,[]
193,elena.torres@mail.com,jorge.rodriguez@bancorivera.com,Resumen semanal de actividades del equipo Infraestructura,"Hola Jorge Rodriguez,

Adjunto el informe correspondiente a la reunión de seguimiento del proyecto Migración a la Nube. Por favor revisa los puntos acordados para la próxima entrega.

Saludos cordiales,
Elena Torres",2025-11-09 07:21:32,0,Ninguno (Legítimo),0.03,[]
194,soporte@actualiza-credenciales-pagos.net,lucia.fernandez@mail.com,Solicitud urgente de transferencia de fondos - Confidencial,"Hola Lucia Fernandez,

Me encuentro en una reunión ejecutiva sin acceso a llamadas. Necesito que proceses con urgencia una transferencia bancaria para la adquisición de licencias internacionales.

Por favor confirma si puedes hacer el pago ahora mismo y te envío los datos de la cuenta de destino. Mantén esto de forma confidencial.

Saludos,
Dirección General",2026-09-09 21:58:55,1,Spear Phishing / CEO Fraud,0.882,"[""Suplantación de identidad ejecutiva (CEO Fraud)"", ""Petición de transferencia o pago urgente"", ""Solicitud de mantener secreto/confidencialidad"", ""Remitente spoofed o de correo gratuito""]"
195,roberto.martinez@bancorivera.com,sofia.perez@logisticaexpress.com,Resumen semanal de actividades del equipo Soporte Técnico,"Hola Sofia Perez,

¿Tendrás un espacio hoy para revisar las dudas sobre el módulo HTML5 Semántico? Quedo atento a tus comentarios.

Saludos,
Roberto Martinez",2026-01-24 08:58:35,0,Ninguno (Legítimo),0.02,[]
196,valentina.sanchez@techcorp.com,gabriel.lopez@empresa.com,Informe mensual de rendimiento de la plataforma,"Estimado/a Gabriel Lopez,

Le confirmamos que hemos procesado la factura #888. Puede consultar el detalle en su panel de usuario de nuestra plataforma.

Atentamente,
Equipo de Contabilidad",2025-09-07 21:08:49,0,Ninguno (Legítimo),0.016,[]
197,notificaciones-servipagos@techcorp-admin-portal.tk,sofia.vargas@empresa.com,Factura vencida #62727 - Notificación final de cobro judicial,"Estimado/a Sofia Vargas,

Adjunto enviamos la factura vencida #62727 correspondiente al último periodo de facturación. Si el pago no se registra hoy, iniciaremos el proceso de cobro judicial.

Descargue y revise el archivo adjunto 'Factura_Vencida_62727.exe' o 'Factura_Detalle.zip' para cancelar el saldo.

Atentamente,
Departamento de Cobranzas",2026-03-24 02:26:42,1,Fake Invoice / Malware Attachment,0.939,"[""Extensión de archivo adjunto peligrosa (.exe, .zip, .js)"", ""Amenaza de acciones legales o judiciales"", ""Remitente desconocido exigiendo pago""]"
198,notificaciones-plataformaeducativa@verificate-ahora-login.org,luis.morales@logisticaexpress.com,Solicitud urgente de transferencia de fondos - Confidencial,"Hola Luis Morales,

Me encuentro en una reunión ejecutiva sin acceso a llamadas. Necesito que proceses con urgencia una transferencia bancaria para la adquisición de licencias internacionales.

Por favor confirma si puedes hacer el pago ahora mismo y te envío los datos de la cuenta de destino. Mantén esto de forma confidencial.

Saludos,
Dirección General",2025-10-13 19:17:00,1,Spear Phishing / CEO Fraud,0.91,"[""Suplantación de identidad ejecutiva (CEO Fraud)"", ""Petición de transferencia o pago urgente"", ""Solicitud de mantener secreto/confidencialidad"", ""Remitente spoofed o de correo gratuito""]"
199,patricia.gomez@logisticaexpress.com,sofia.castro@empresa.com,Factura de servicio #544 de Noviembre,"Estimado/a Sofia Castro,

Le confirmamos que hemos procesado la factura #544. Puede consultar el detalle en su panel de usuario de nuestra plataforma.

Atentamente,
Equipo de Contabilidad",2026-07-27 10:24:25,0,Ninguno (Legítimo),0.027,[]
200,fernando.lopez@mail.com,elena.torres@mail.com,Recordatorio: Mantenimiento programado de Servidor Node.js,"Hola equipo,

Les recordamos que este fin de semana realizaremos un mantenimiento preventivo en Servidor Node.js. El servicio no estará disponible entre las 02:00 y las 04:00 AM.

Gracias por su comprensión.",2026-08-26 08:24:47,0,Ninguno (Legítimo),0.083,[]
201,notificaciones-megamarket@soporte-urgente-banco.xyz,luis.torres@servicio-cliente.com,Su contraseña de correo expira hoy - Conserve su acceso,"Estimado usuario de MegaMarket,

Su contraseña expirará en 2 horas. Para mantener su contraseña actual y no perder el acceso a sus correos institucionales, valide sus credenciales en el portal interno:

https://soporte-urgente-banco.xyz/portal/reset-password

Soporte IT / TI",2026-06-24 06:50:51,1,Password Reset / Tech Support Scam,0.845,"[""Falsa expiración inminente de contraseña"", ""Portal de contraseña en dominio externo"", ""Sin personalización del nombre del usuario""]"
202,soporte@seguridad-cuenta-alert.online,maria.perez@bancorivera.com,URGENTE: Suspención temporal de su cuenta bancaria por actividad sospechosa,"Estimado cliente,

Hemos detectado un intento de acceso no autorizado a su cuenta desde una dirección IP desconocida. Por su seguridad, hemos restringido temporalmente sus operaciones.

Para desbloquear su cuenta inmediatamente, ingrese a nuestro portal de verificación segura en el siguiente enlace:
http://seguridad-cuenta-alert.online/login-verificacion?id=11610

Si no verifica sus datos en las próximas 24 horas, su cuenta será bloqueada permanentemente.

Atentamente,
Departamento de Seguridad Bancaria",2025-10-24 04:53:43,1,Credential Harvesting,0.901,"[""Urgencia extrema o amenaza de bloqueo"", ""Enlace a dominio no oficial"", ""Saludo genérico (Estimado cliente)"", ""Uso de protocolo HTTP no seguro""]"
203,patricia.fernandez@mail.com,valentina.perez@mail.com,Invitación: Taller sobre WCAG 2.2 y ARIA,"Hola Valentina Perez,

Adjunto el informe correspondiente a la reunión de seguimiento del proyecto Plataforma Web. Por favor revisa los puntos acordados para la próxima entrega.

Saludos cordiales,
Patricia Fernandez",2025-12-01 09:17:15,0,Ninguno (Legítimo),0.035,[]
204,sofia.sanchez@empresa.edu.ec,luis.torres@gobierno.gob.ec,Minuta de la reunión de planificación del sprint #567,"Hola equipo,

Les recordamos que este fin de semana realizaremos un mantenimiento preventivo en Base de Datos. El servicio no estará disponible entre las 02:00 y las 04:00 AM.

Gracias por su comprensión.",2025-09-24 22:35:50,0,Ninguno (Legítimo),0.114,[]
205,soporte@seguridad-cuenta-alert.online,camila.mendoza@logisticaexpress.com,Su contraseña de correo expira hoy - Conserve su acceso,"Estimado usuario de TechCorp,

Su contraseña expirará en 2 horas. Para mantener su contraseña actual y no perder el acceso a sus correos institucionales, valide sus credenciales en el portal interno:

https://seguridad-cuenta-alert.online/portal/reset-password

Soporte IT / TI",2026-03-09 05:32:34,1,Password Reset / Tech Support Scam,0.882,"[""Falsa expiración inminente de contraseña"", ""Portal de contraseña en dominio externo"", ""Sin personalización del nombre del usuario""]"
206,soporte@seguridad-cuenta-alert.online,carlos.sanchez@bancorivera.com,Factura vencida #50306 - Notificación final de cobro judicial,"Estimado/a Carlos Sanchez,

Adjunto enviamos la factura vencida #50306 correspondiente al último periodo de facturación. Si el pago no se registra hoy, iniciaremos el proceso de cobro judicial.

Descargue y revise el archivo adjunto 'Factura_Vencida_50306.exe' o 'Factura_Detalle.zip' para cancelar el saldo.

Atentamente,
Departamento de Cobranzas",2026-02-26 07:09:14,1,Fake Invoice / Malware Attachment,0.988,"[""Extensión de archivo adjunto peligrosa (.exe, .zip, .js)"", ""Amenaza de acciones legales o judiciales"", ""Remitente desconocido exigiendo pago""]"
207,patricia.rios@empresa.com,fernando.rodriguez@bancorivera.com,Confirmación de registro al evento Plataforma Web,"Estimado/a Fernando Rodriguez,

Gracias por registrarse al taller sobre WCAG 2.2 y ARIA. Adjuntamos la agenda y los recursos de lectura previos.

Nos vemos pronto,
Comité Organizador",2025-10-01 13:11:01,0,Ninguno (Legítimo),0.02,[]
208,gabriel.mendoza@empresa.com,patricia.martinez@gobierno.gob.ec,Confirmación de registro al evento Diseño UX/UI,"Estimado/a Patricia Martinez,

Le confirmamos que hemos procesado la factura #425. Puede consultar el detalle en su panel de usuario de nuestra plataforma.

Atentamente,
Equipo de Contabilidad",2026-04-11 12:45:32,0,Ninguno (Legítimo),0.119,[]
209,gabriel.fernandez@empresa.edu.ec,elena.torres@servicio-cliente.com,Minuta de la reunión de planificación del sprint #466,"Hola Elena Torres,

Adjunto el informe correspondiente a la reunión de seguimiento del proyecto Migración a la Nube. Por favor revisa los puntos acordados para la próxima entrega.

Saludos cordiales,
Gabriel Fernandez",2025-11-19 11:50:48,0,Ninguno (Legítimo),0.023,[]
210,jorge.rodriguez@logisticaexpress.com,ana.perez@mail.com,Confirmación de registro al evento Integración API REST,"Hola Ana Perez,

Adjunto el informe correspondiente a la reunión de seguimiento del proyecto Integración API REST. Por favor revisa los puntos acordados para la próxima entrega.

Saludos cordiales,
Jorge Rodriguez",2026-02-04 05:57:56,0,Ninguno (Legítimo),0.143,[]
211,maria.mendoza@techcorp.com,patricia.rodriguez@servicio-cliente.com,Factura de servicio #112 de Julio,"Hola equipo,

Les recordamos que este fin de semana realizaremos un mantenimiento preventivo en Base de Datos. El servicio no estará disponible entre las 02:00 y las 04:00 AM.

Gracias por su comprensión.",2026-06-13 04:01:45,0,Ninguno (Legítimo),0.106,[]
212,carlos.rodriguez@logisticaexpress.com,fernando.rios@empresa.edu.ec,Informe mensual de rendimiento de la plataforma,"Estimado/a Fernando Rios,

Gracias por registrarse al taller sobre HTML5 Semántico. Adjuntamos la agenda y los recursos de lectura previos.

Nos vemos pronto,
Comité Organizador",2025-10-15 05:12:06,0,Ninguno (Legítimo),0.017,[]
213,valentina.lopez@mail.com,camila.gomez@empresa.com,Resumen semanal de actividades del equipo Infraestructura,"Hola Camila Gomez,

¿Tendrás un espacio hoy para revisar las dudas sobre el módulo JavaScript Moderno ES6+? Quedo atento a tus comentarios.

Saludos,
Valentina Lopez",2026-04-10 22:22:53,0,Ninguno (Legítimo),0.097,[]
214,soporte@banc0-verificacion-segura.com,valentina.morales@servicio-cliente.com,URGENTE: Suspención temporal de su cuenta bancaria por actividad sospechosa,"Estimado cliente,

Hemos detectado un intento de acceso no autorizado a su cuenta desde una dirección IP desconocida. Por su seguridad, hemos restringido temporalmente sus operaciones.

Para desbloquear su cuenta inmediatamente, ingrese a nuestro portal de verificación segura en el siguiente enlace:
http://banc0-verificacion-segura.com/login-verificacion?id=46670

Si no verifica sus datos en las próximas 24 horas, su cuenta será bloqueada permanentemente.

Atentamente,
Departamento de Seguridad Bancaria",2026-01-31 02:09:50,1,Credential Harvesting,0.878,"[""Urgencia extrema o amenaza de bloqueo"", ""Enlace a dominio no oficial"", ""Saludo genérico (Estimado cliente)"", ""Uso de protocolo HTTP no seguro""]"
215,camila.morales@servicio-cliente.com,carlos.fernandez@mail.com,Confirmación de registro al evento Integración API REST,"Hola Carlos Fernandez,

Adjunto el informe correspondiente a la reunión de seguimiento del proyecto Integración API REST. Por favor revisa los puntos acordados para la próxima entrega.

Saludos cordiales,
Camila Morales",2026-05-28 17:04:16,0,Ninguno (Legítimo),0.055,[]
216,soporte@actualiza-credenciales-pagos.net,camila.morales@mail.com,Su contraseña de correo expira hoy - Conserve su acceso,"Estimado usuario de ServiPagos,

Su contraseña expirará en 2 horas. Para mantener su contraseña actual y no perder el acceso a sus correos institucionales, valide sus credenciales en el portal interno:

https://actualiza-credenciales-pagos.net/portal/reset-password

Soporte IT / TI",2026-01-22 10:07:59,1,Password Reset / Tech Support Scam,0.856,"[""Falsa expiración inminente de contraseña"", ""Portal de contraseña en dominio externo"", ""Sin personalización del nombre del usuario""]"
217,lucia.rios@techcorp.com,patricia.ramirez@empresa.com,Recordatorio: Mantenimiento programado de API REST,"Hola equipo,

Les recordamos que este fin de semana realizaremos un mantenimiento preventivo en API REST. El servicio no estará disponible entre las 02:00 y las 04:00 AM.

Gracias por su comprensión.",2026-09-13 10:02:08,0,Ninguno (Legítimo),0.143,[]
218,elena.torres@bancorivera.com,camila.morales@gobierno.gob.ec,Factura de servicio #157 de Septiembre,"Estimado/a Camila Morales,

Gracias por registrarse al taller sobre WCAG 2.2 y ARIA. Adjuntamos la agenda y los recursos de lectura previos.

Nos vemos pronto,
Comité Organizador",2026-06-16 14:51:12,0,Ninguno (Legítimo),0.01,[]
219,gabriel.gomez@bancorivera.com,gabriel.castro@techcorp.com,Recordatorio: Mantenimiento programado de API REST,"Estimado/a Gabriel Castro,

Gracias por registrarse al taller sobre HTML5 Semántico. Adjuntamos la agenda y los recursos de lectura previos.

Nos vemos pronto,
Comité Organizador",2025-12-13 12:45:03,0,Ninguno (Legítimo),0.092,[]
220,camila.vargas@mail.com,elena.castro@empresa.com,Recordatorio: Mantenimiento programado de API REST,"Hola Elena Castro,

¿Tendrás un espacio hoy para revisar las dudas sobre el módulo WCAG 2.2 y ARIA? Quedo atento a tus comentarios.

Saludos,
Camila Vargas",2026-02-13 12:58:04,0,Ninguno (Legítimo),0.124,[]
221,roberto.rios@bancorivera.com,jorge.lopez@bancorivera.com,Recordatorio: Mantenimiento programado de Base de Datos,"Estimado/a Jorge Lopez,

Gracias por registrarse al taller sobre WCAG 2.2 y ARIA. Adjuntamos la agenda y los recursos de lectura previos.

Nos vemos pronto,
Comité Organizador",2026-09-11 18:43:22,0,Ninguno (Legítimo),0.03,[]
222,gabriel.torres@bancorivera.com,gabriel.lopez@empresa.edu.ec,Invitación: Taller sobre HTML5 Semántico,"Hola Gabriel Lopez,

Adjunto el informe correspondiente a la reunión de seguimiento del proyecto Migración a la Nube. Por favor revisa los puntos acordados para la próxima entrega.

Saludos cordiales,
Gabriel Torres",2025-12-31 20:37:37,0,Ninguno (Legítimo),0.017,[]
223,lucia.morales@empresa.com,valentina.torres@empresa.com,Factura de servicio #948 de Agosto,"Hola Valentina Torres,

Adjunto el informe correspondiente a la reunión de seguimiento del proyecto Diseño UX/UI. Por favor revisa los puntos acordados para la próxima entrega.

Saludos cordiales,
Lucia Morales",2026-04-03 14:03:22,0,Ninguno (Legítimo),0.122,[]
224,notificaciones-techcorp@actualiza-credenciales-pagos.net,fernando.rodriguez@empresa.edu.ec,Notificación de entrega fallida - Su paquete #59212 requiere pago de arancel,"Estimado usuario,

Su paquete con número de rastreo #59212 no pudo ser entregado debido a una dirección incompleta y un saldo pendiente de arancel ($2.99 USD).

Actualice su dirección y realice el pago en el enlace oficial:
https://actualiza-credenciales-pagos.net/rastreo/actualizar?track=59212

De no realizar el pago hoy, el paquete será devuelto al remitente.",2025-09-11 19:36:14,1,Package Delivery Scam,0.888,"[""Cobro pequeñito no esperado ($2.99)"", ""Dominio de rastreo falso"", ""Urgencia en la entrega del paquete""]"
225,valentina.vargas@techcorp.com,camila.castro@bancorivera.com,Solicitud de revisión de código - Pull Request #544,"Estimado/a Camila Castro,

Le confirmamos que hemos procesado la factura #544. Puede consultar el detalle en su panel de usuario de nuestra plataforma.

Atentamente,
Equipo de Contabilidad",2025-10-18 20:18:15,0,Ninguno (Legítimo),0.067,[]
226,sofia.perez@empresa.edu.ec,fernando.vargas@gobierno.gob.ec,Reunión de seguimiento - Proyecto Integración API REST,"Hola equipo,

Les recordamos que este fin de semana realizaremos un mantenimiento preventivo en Servicio de Autenticación. El servicio no estará disponible entre las 02:00 y las 04:00 AM.

Gracias por su comprensión.",2026-09-10 03:39:55,0,Ninguno (Legítimo),0.011,[]
227,notificaciones-logisticaexpress@actualiza-credenciales-pagos.net,camila.perez@empresa.edu.ec,URGENTE: Suspención temporal de su cuenta bancaria por actividad sospechosa,"Estimado cliente,

Hemos detectado un intento de acceso no autorizado a su cuenta desde una dirección IP desconocida. Por su seguridad, hemos restringido temporalmente sus operaciones.

Para desbloquear su cuenta inmediatamente, ingrese a nuestro portal de verificación segura en el siguiente enlace:
http://actualiza-credenciales-pagos.net/login-verificacion?id=32391

Si no verifica sus datos en las próximas 24 horas, su cuenta será bloqueada permanentemente.

Atentamente,
Departamento de Seguridad Bancaria",2026-08-06 06:45:31,1,Credential Harvesting,0.916,"[""Urgencia extrema o amenaza de bloqueo"", ""Enlace a dominio no oficial"", ""Saludo genérico (Estimado cliente)"", ""Uso de protocolo HTTP no seguro""]"
228,soporte@techcorp-admin-portal.tk,camila.vargas@gobierno.gob.ec,URGENTE: Suspención temporal de su cuenta bancaria por actividad sospechosa,"Estimado cliente,

Hemos detectado un intento de acceso no autorizado a su cuenta desde una dirección IP desconocida. Por su seguridad, hemos restringido temporalmente sus operaciones.

Para desbloquear su cuenta inmediatamente, ingrese a nuestro portal de verificación segura en el siguiente enlace:
http://techcorp-admin-portal.tk/login-verificacion?id=81319

Si no verifica sus datos en las próximas 24 horas, su cuenta será bloqueada permanentemente.

Atentamente,
Departamento de Seguridad Bancaria",2026-03-24 01:08:47,1,Credential Harvesting,0.974,"[""Urgencia extrema o amenaza de bloqueo"", ""Enlace a dominio no oficial"", ""Saludo genérico (Estimado cliente)"", ""Uso de protocolo HTTP no seguro""]"
229,fernando.perez@gobierno.gob.ec,fernando.torres@servicio-cliente.com,Solicitud de revisión de código - Pull Request #163,"Estimado/a Fernando Torres,

Gracias por registrarse al taller sobre HTML5 Semántico. Adjuntamos la agenda y los recursos de lectura previos.

Nos vemos pronto,
Comité Organizador",2026-04-17 09:37:28,0,Ninguno (Legítimo),0.146,[]
230,camila.ramirez@logisticaexpress.com,roberto.rios@empresa.com,Informe mensual de rendimiento de la plataforma,"Hola Roberto Rios,

¿Tendrás un espacio hoy para revisar las dudas sobre el módulo Arquitectura Cliente-Servidor? Quedo atento a tus comentarios.

Saludos,
Camila Ramirez",2026-06-11 10:13:13,0,Ninguno (Legítimo),0.122,[]
231,elena.lopez@logisticaexpress.com,maria.mendoza@servicio-cliente.com,Resumen semanal de actividades del equipo Soporte Técnico,"Estimado/a Maria Mendoza,

Le confirmamos que hemos procesado la factura #229. Puede consultar el detalle en su panel de usuario de nuestra plataforma.

Atentamente,
Equipo de Contabilidad",2026-07-15 13:22:06,0,Ninguno (Legítimo),0.127,[]
232,notificaciones-megamarket@soporte-urgente-banco.xyz,luis.fernandez@empresa.com,Su contraseña de correo expira hoy - Conserve su acceso,"Estimado usuario de MegaMarket,

Su contraseña expirará en 2 horas. Para mantener su contraseña actual y no perder el acceso a sus correos institucionales, valide sus credenciales en el portal interno:

https://soporte-urgente-banco.xyz/portal/reset-password

Soporte IT / TI",2026-09-08 10:26:23,1,Password Reset / Tech Support Scam,0.822,"[""Falsa expiración inminente de contraseña"", ""Portal de contraseña en dominio externo"", ""Sin personalización del nombre del usuario""]"
233,jorge.lopez@empresa.edu.ec,valentina.rodriguez@empresa.com,Factura de servicio #676 de Mayo,"Estimado/a Valentina Rodriguez,

Gracias por registrarse al taller sobre JavaScript Moderno ES6+. Adjuntamos la agenda y los recursos de lectura previos.

Nos vemos pronto,
Comité Organizador",2026-06-29 03:01:33,0,Ninguno (Legítimo),0.102,[]
234,jorge.ramirez@empresa.com,elena.martinez@empresa.com,Reunión de seguimiento - Proyecto Auditoría de Seguridad,"Hola equipo,

Les recordamos que este fin de semana realizaremos un mantenimiento preventivo en Servidor Node.js. El servicio no estará disponible entre las 02:00 y las 04:00 AM.

Gracias por su comprensión.",2026-05-01 09:21:50,0,Ninguno (Legítimo),0.013,[]
235,maria.rios@logisticaexpress.com,fernando.rios@servicio-cliente.com,Recordatorio: Mantenimiento programado de API REST,"Hola Fernando Rios,

Adjunto el informe correspondiente a la reunión de seguimiento del proyecto Diseño UX/UI. Por favor revisa los puntos acordados para la próxima entrega.

Saludos cordiales,
Maria Rios",2026-02-03 19:19:16,0,Ninguno (Legítimo),0.036,[]
236,soporte@seguridad-cuenta-alert.online,lucia.rios@bancorivera.com,Su contraseña de correo expira hoy - Conserve su acceso,"Estimado usuario de ServiPagos,

Su contraseña expirará en 2 horas. Para mantener su contraseña actual y no perder el acceso a sus correos institucionales, valide sus credenciales en el portal interno:

https://seguridad-cuenta-alert.online/portal/reset-password

Soporte IT / TI",2026-03-29 01:38:19,1,Password Reset / Tech Support Scam,0.896,"[""Falsa expiración inminente de contraseña"", ""Portal de contraseña en dominio externo"", ""Sin personalización del nombre del usuario""]"
237,soporte@seguridad-cuenta-alert.online,carlos.lopez@logisticaexpress.com,Solicitud urgente de transferencia de fondos - Confidencial,"Hola Carlos Lopez,

Me encuentro en una reunión ejecutiva sin acceso a llamadas. Necesito que proceses con urgencia una transferencia bancaria para la adquisición de licencias internacionales.

Por favor confirma si puedes hacer el pago ahora mismo y te envío los datos de la cuenta de destino. Mantén esto de forma confidencial.

Saludos,
Dirección General",2026-05-28 04:42:17,1,Spear Phishing / CEO Fraud,0.789,"[""Suplantación de identidad ejecutiva (CEO Fraud)"", ""Petición de transferencia o pago urgente"", ""Solicitud de mantener secreto/confidencialidad"", ""Remitente spoofed o de correo gratuito""]"
238,roberto.vargas@empresa.edu.ec,lucia.rios@servicio-cliente.com,Reunión de seguimiento - Proyecto Auditoría de Seguridad,"Hola Lucia Rios,

¿Tendrás un espacio hoy para revisar las dudas sobre el módulo Arquitectura Cliente-Servidor? Quedo atento a tus comentarios.

Saludos,
Roberto Vargas",2025-12-11 17:58:30,0,Ninguno (Legítimo),0.087,[]
239,ana.lopez@logisticaexpress.com,sofia.gomez@empresa.com,Resumen semanal de actividades del equipo Soporte Técnico,"Hola Sofia Gomez,

Adjunto el informe correspondiente a la reunión de seguimiento del proyecto Migración a la Nube. Por favor revisa los puntos acordados para la próxima entrega.

Saludos cordiales,
Ana Lopez",2026-01-11 11:17:27,0,Ninguno (Legítimo),0.131,[]
240,carlos.perez@gobierno.gob.ec,camila.lopez@techcorp.com,Solicitud de revisión de código - Pull Request #924,"Estimado/a Camila Lopez,

Gracias por registrarse al taller sobre JavaScript Moderno ES6+. Adjuntamos la agenda y los recursos de lectura previos.

Nos vemos pronto,
Comité Organizador",2026-08-16 08:19:26,0,Ninguno (Legítimo),0.045,[]
241,carlos.morales@mail.com,roberto.ramirez@empresa.edu.ec,Minuta de la reunión de planificación del sprint #762,"Hola Roberto Ramirez,

Adjunto el informe correspondiente a la reunión de seguimiento del proyecto Integración API REST. Por favor revisa los puntos acordados para la próxima entrega.

Saludos cordiales,
Carlos Morales",2026-08-14 02:57:21,0,Ninguno (Legítimo),0.077,[]
242,fernando.vargas@gobierno.gob.ec,gabriel.rios@gobierno.gob.ec,Resumen semanal de actividades del equipo Recursos Humanos,"Hola equipo,

Les recordamos que este fin de semana realizaremos un mantenimiento preventivo en Servidor Node.js. El servicio no estará disponible entre las 02:00 y las 04:00 AM.

Gracias por su comprensión.",2026-01-21 07:19:24,0,Ninguno (Legítimo),0.105,[]
243,roberto.fernandez@bancorivera.com,sofia.martinez@empresa.com,Solicitud de revisión de código - Pull Request #825,"Hola Sofia Martinez,

¿Tendrás un espacio hoy para revisar las dudas sobre el módulo CSS Responsivo? Quedo atento a tus comentarios.

Saludos,
Roberto Fernandez",2026-08-03 02:06:31,0,Ninguno (Legítimo),0.099,[]
244,elena.martinez@empresa.edu.ec,sofia.rios@techcorp.com,Informe mensual de rendimiento de la plataforma,"Hola Sofia Rios,

Adjunto el informe correspondiente a la reunión de seguimiento del proyecto Auditoría de Seguridad. Por favor revisa los puntos acordados para la próxima entrega.

Saludos cordiales,
Elena Martinez",2026-08-10 21:03:08,0,Ninguno (Legítimo),0.041,[]
245,soporte@soporte-urgente-banco.xyz,gabriel.sanchez@gobierno.gob.ec,Su contraseña de correo expira hoy - Conserve su acceso,"Estimado usuario de ServiPagos,

Su contraseña expirará en 2 horas. Para mantener su contraseña actual y no perder el acceso a sus correos institucionales, valide sus credenciales en el portal interno:

https://soporte-urgente-banco.xyz/portal/reset-password

Soporte IT / TI",2026-02-05 23:18:32,1,Password Reset / Tech Support Scam,0.95,"[""Falsa expiración inminente de contraseña"", ""Portal de contraseña en dominio externo"", ""Sin personalización del nombre del usuario""]"
246,roberto.morales@gobierno.gob.ec,camila.perez@empresa.edu.ec,Consulta sobre la entrega del módulo CSS Responsivo,"Hola Camila Perez,

¿Tendrás un espacio hoy para revisar las dudas sobre el módulo CSS Responsivo? Quedo atento a tus comentarios.

Saludos,
Roberto Morales",2026-07-15 10:35:34,0,Ninguno (Legítimo),0.135,[]
247,camila.sanchez@techcorp.com,elena.mendoza@empresa.edu.ec,Confirmación de registro al evento Plataforma Web,"Estimado/a Elena Mendoza,

Le confirmamos que hemos procesado la factura #749. Puede consultar el detalle en su panel de usuario de nuestra plataforma.

Atentamente,
Equipo de Contabilidad",2025-11-13 19:31:09,0,Ninguno (Legítimo),0.091,[]
248,soporte@logistica-express-rastreo.info,valentina.vargas@empresa.com,Factura vencida #72573 - Notificación final de cobro judicial,"Estimado/a Valentina Vargas,

Adjunto enviamos la factura vencida #72573 correspondiente al último periodo de facturación. Si el pago no se registra hoy, iniciaremos el proceso de cobro judicial.

Descargue y revise el archivo adjunto 'Factura_Vencida_72573.exe' o 'Factura_Detalle.zip' para cancelar el saldo.

Atentamente,
Departamento de Cobranzas",2025-10-16 12:42:41,1,Fake Invoice / Malware Attachment,0.939,"[""Extensión de archivo adjunto peligrosa (.exe, .zip, .js)"", ""Amenaza de acciones legales o judiciales"", ""Remitente desconocido exigiendo pago""]"
249,patricia.perez@mail.com,diego.gomez@bancorivera.com,Invitación: Taller sobre Arquitectura Cliente-Servidor,"Hola Diego Gomez,

Adjunto el informe correspondiente a la reunión de seguimiento del proyecto Plataforma Web. Por favor revisa los puntos acordados para la próxima entrega.

Saludos cordiales,
Patricia Perez",2025-09-08 19:43:53,0,Ninguno (Legítimo),0.052,[]
250,soporte@logistica-express-rastreo.info,gabriel.fernandez@techcorp.com,Notificación de entrega fallida - Su paquete #57087 requiere pago de arancel,"Estimado usuario,

Su paquete con número de rastreo #57087 no pudo ser entregado debido a una dirección incompleta y un saldo pendiente de arancel ($2.99 USD).

Actualice su dirección y realice el pago en el enlace oficial:
https://logistica-express-rastreo.info/rastreo/actualizar?track=57087

De no realizar el pago hoy, el paquete será devuelto al remitente.",2026-09-09 02:56:35,1,Package Delivery Scam,0.945,"[""Cobro pequeñito no esperado ($2.99)"", ""Dominio de rastreo falso"", ""Urgencia en la entrega del paquete""]"
251,diego.castro@bancorivera.com,patricia.castro@techcorp.com,Solicitud de revisión de código - Pull Request #616,"Hola equipo,

Les recordamos que este fin de semana realizaremos un mantenimiento preventivo en API REST. El servicio no estará disponible entre las 02:00 y las 04:00 AM.

Gracias por su comprensión.",2025-09-10 16:18:59,0,Ninguno (Legítimo),0.118,[]
252,ana.castro@empresa.edu.ec,maria.vargas@bancorivera.com,Consulta sobre la entrega del módulo HTML5 Semántico,"Estimado/a Maria Vargas,

Le confirmamos que hemos procesado la factura #554. Puede consultar el detalle en su panel de usuario de nuestra plataforma.

Atentamente,
Equipo de Contabilidad",2026-07-02 09:44:46,0,Ninguno (Legítimo),0.039,[]
253,fernando.ramirez@techcorp.com,valentina.vargas@empresa.edu.ec,Consulta sobre la entrega del módulo WCAG 2.2 y ARIA,"Hola Valentina Vargas,

Adjunto el informe correspondiente a la reunión de seguimiento del proyecto Plataforma Web. Por favor revisa los puntos acordados para la próxima entrega.

Saludos cordiales,
Fernando Ramirez",2025-09-05 18:57:47,0,Ninguno (Legítimo),0.08,[]
254,sofia.lopez@bancorivera.com,diego.sanchez@empresa.com,Minuta de la reunión de planificación del sprint #608,"Hola Diego Sanchez,

Adjunto el informe correspondiente a la reunión de seguimiento del proyecto Migración a la Nube. Por favor revisa los puntos acordados para la próxima entrega.

Saludos cordiales,
Sofia Lopez",2026-01-14 03:02:49,0,Ninguno (Legítimo),0.104,[]
255,maria.martinez@logisticaexpress.com,jorge.rodriguez@empresa.edu.ec,Informe mensual de rendimiento de la plataforma,"Hola Jorge Rodriguez,

Adjunto el informe correspondiente a la reunión de seguimiento del proyecto Auditoría de Seguridad. Por favor revisa los puntos acordados para la próxima entrega.

Saludos cordiales,
Maria Martinez",2026-06-22 01:59:23,0,Ninguno (Legítimo),0.129,[]
256,maria.rios@bancorivera.com,valentina.castro@empresa.edu.ec,Reunión de seguimiento - Proyecto Migración a la Nube,"Hola Valentina Castro,

¿Tendrás un espacio hoy para revisar las dudas sobre el módulo CSS Responsivo? Quedo atento a tus comentarios.

Saludos,
Maria Rios",2026-08-13 19:23:07,0,Ninguno (Legítimo),0.048,[]
257,roberto.torres@gobierno.gob.ec,elena.rodriguez@empresa.com,Consulta sobre la entrega del módulo Arquitectura Cliente-Servidor,"Hola Elena Rodriguez,

Adjunto el informe correspondiente a la reunión de seguimiento del proyecto Diseño UX/UI. Por favor revisa los puntos acordados para la próxima entrega.

Saludos cordiales,
Roberto Torres",2026-03-10 20:28:41,0,Ninguno (Legítimo),0.147,[]
258,elena.ramirez@empresa.com,camila.mendoza@servicio-cliente.com,Confirmación de registro al evento Plataforma Web,"Estimado/a Camila Mendoza,

Gracias por registrarse al taller sobre CSS Responsivo. Adjuntamos la agenda y los recursos de lectura previos.

Nos vemos pronto,
Comité Organizador",2025-10-24 23:08:49,0,Ninguno (Legítimo),0.072,[]
259,soporte@verificate-ahora-login.org,carlos.castro@logisticaexpress.com,Notificación de entrega fallida - Su paquete #78564 requiere pago de arancel,"Estimado usuario,

Su paquete con número de rastreo #78564 no pudo ser entregado debido a una dirección incompleta y un saldo pendiente de arancel ($2.99 USD).

Actualice su dirección y realice el pago en el enlace oficial:
https://verificate-ahora-login.org/rastreo/actualizar?track=78564

De no realizar el pago hoy, el paquete será devuelto al remitente.",2026-08-02 19:26:27,1,Package Delivery Scam,0.916,"[""Cobro pequeñito no esperado ($2.99)"", ""Dominio de rastreo falso"", ""Urgencia en la entrega del paquete""]"
260,carlos.vargas@techcorp.com,roberto.lopez@bancorivera.com,Minuta de la reunión de planificación del sprint #969,"Hola equipo,

Les recordamos que este fin de semana realizaremos un mantenimiento preventivo en Base de Datos. El servicio no estará disponible entre las 02:00 y las 04:00 AM.

Gracias por su comprensión.",2026-08-07 07:21:10,0,Ninguno (Legítimo),0.044,[]
261,roberto.rios@logisticaexpress.com,patricia.morales@empresa.com,Factura de servicio #570 de Agosto,"Estimado/a Patricia Morales,

Gracias por registrarse al taller sobre WCAG 2.2 y ARIA. Adjuntamos la agenda y los recursos de lectura previos.

Nos vemos pronto,
Comité Organizador",2025-09-27 02:27:24,0,Ninguno (Legítimo),0.054,[]
262,ana.morales@bancorivera.com,maria.fernandez@empresa.com,Factura de servicio #910 de Septiembre,"Estimado/a Maria Fernandez,

Le confirmamos que hemos procesado la factura #910. Puede consultar el detalle en su panel de usuario de nuestra plataforma.

Atentamente,
Equipo de Contabilidad",2026-08-01 08:38:49,0,Ninguno (Legítimo),0.102,[]
263,andres.sanchez@servicio-cliente.com,ana.rios@logisticaexpress.com,Confirmación de registro al evento Diseño UX/UI,"Hola equipo,

Les recordamos que este fin de semana realizaremos un mantenimiento preventivo en Servidor Node.js. El servicio no estará disponible entre las 02:00 y las 04:00 AM.

Gracias por su comprensión.",2026-02-22 21:13:44,0,Ninguno (Legítimo),0.06,[]
264,ana.lopez@servicio-cliente.com,lucia.castro@empresa.edu.ec,Recordatorio: Mantenimiento programado de API REST,"Estimado/a Lucia Castro,

Le confirmamos que hemos procesado la factura #941. Puede consultar el detalle en su panel de usuario de nuestra plataforma.

Atentamente,
Equipo de Contabilidad",2026-01-29 03:56:26,0,Ninguno (Legítimo),0.027,[]
265,maria.mendoza@empresa.com,diego.castro@mail.com,Reunión de seguimiento - Proyecto Integración API REST,"Hola Diego Castro,

¿Tendrás un espacio hoy para revisar las dudas sobre el módulo HTML5 Semántico? Quedo atento a tus comentarios.

Saludos,
Maria Mendoza",2025-12-21 00:38:25,0,Ninguno (Legítimo),0.144,[]
266,notificaciones-techcorp@logistica-express-rastreo.info,ana.morales@empresa.com,Su contraseña de correo expira hoy - Conserve su acceso,"Estimado usuario de TechCorp,

Su contraseña expirará en 2 horas. Para mantener su contraseña actual y no perder el acceso a sus correos institucionales, valide sus credenciales en el portal interno:

https://logistica-express-rastreo.info/portal/reset-password

Soporte IT / TI",2026-05-14 08:09:28,1,Password Reset / Tech Support Scam,0.846,"[""Falsa expiración inminente de contraseña"", ""Portal de contraseña en dominio externo"", ""Sin personalización del nombre del usuario""]"
267,valentina.ramirez@logisticaexpress.com,gabriel.morales@empresa.com,Invitación: Taller sobre JavaScript Moderno ES6+,"Estimado/a Gabriel Morales,

Gracias por registrarse al taller sobre JavaScript Moderno ES6+. Adjuntamos la agenda y los recursos de lectura previos.

Nos vemos pronto,
Comité Organizador",2025-10-24 22:06:18,0,Ninguno (Legítimo),0.094,[]
268,diego.perez@gobierno.gob.ec,gabriel.castro@logisticaexpress.com,Confirmación de registro al evento Migración a la Nube,"Hola Gabriel Castro,

¿Tendrás un espacio hoy para revisar las dudas sobre el módulo CSS Responsivo? Quedo atento a tus comentarios.

Saludos,
Diego Perez",2026-05-21 18:52:59,0,Ninguno (Legítimo),0.077,[]
269,carlos.morales@empresa.edu.ec,sofia.rios@empresa.com,Reunión de seguimiento - Proyecto Migración a la Nube,"Estimado/a Sofia Rios,

Le confirmamos que hemos procesado la factura #490. Puede consultar el detalle en su panel de usuario de nuestra plataforma.

Atentamente,
Equipo de Contabilidad",2026-08-08 23:11:59,0,Ninguno (Legítimo),0.148,[]
270,lucia.rios@servicio-cliente.com,sofia.perez@bancorivera.com,Factura de servicio #730 de Septiembre,"Hola equipo,

Les recordamos que este fin de semana realizaremos un mantenimiento preventivo en Servicio de Autenticación. El servicio no estará disponible entre las 02:00 y las 04:00 AM.

Gracias por su comprensión.",2025-11-14 10:15:30,0,Ninguno (Legítimo),0.107,[]
271,soporte@banc0-verificacion-segura.com,valentina.mendoza@mail.com,Su contraseña de correo expira hoy - Conserve su acceso,"Estimado usuario de LogisticaExpress,

Su contraseña expirará en 2 horas. Para mantener su contraseña actual y no perder el acceso a sus correos institucionales, valide sus credenciales en el portal interno:

https://banc0-verificacion-segura.com/portal/reset-password

Soporte IT / TI",2026-03-15 22:06:37,1,Password Reset / Tech Support Scam,0.95,"[""Falsa expiración inminente de contraseña"", ""Portal de contraseña en dominio externo"", ""Sin personalización del nombre del usuario""]"
272,diego.martinez@servicio-cliente.com,lucia.mendoza@logisticaexpress.com,Recordatorio: Mantenimiento programado de Base de Datos,"Estimado/a Lucia Mendoza,

Gracias por registrarse al taller sobre CSS Responsivo. Adjuntamos la agenda y los recursos de lectura previos.

Nos vemos pronto,
Comité Organizador",2026-04-15 16:12:43,0,Ninguno (Legítimo),0.016,[]
273,soporte@soporte-urgente-banco.xyz,elena.ramirez@gobierno.gob.ec,URGENTE: Suspención temporal de su cuenta bancaria por actividad sospechosa,"Estimado cliente,

Hemos detectado un intento de acceso no autorizado a su cuenta desde una dirección IP desconocida. Por su seguridad, hemos restringido temporalmente sus operaciones.

Para desbloquear su cuenta inmediatamente, ingrese a nuestro portal de verificación segura en el siguiente enlace:
http://soporte-urgente-banco.xyz/login-verificacion?id=71122

Si no verifica sus datos en las próximas 24 horas, su cuenta será bloqueada permanentemente.

Atentamente,
Departamento de Seguridad Bancaria",2026-01-14 12:44:08,1,Credential Harvesting,0.98,"[""Urgencia extrema o amenaza de bloqueo"", ""Enlace a dominio no oficial"", ""Saludo genérico (Estimado cliente)"", ""Uso de protocolo HTTP no seguro""]"
274,luis.mendoza@mail.com,sofia.torres@mail.com,Minuta de la reunión de planificación del sprint #325,"Estimado/a Sofia Torres,

Gracias por registrarse al taller sobre WCAG 2.2 y ARIA. Adjuntamos la agenda y los recursos de lectura previos.

Nos vemos pronto,
Comité Organizador",2026-07-19 06:24:49,0,Ninguno (Legítimo),0.086,[]
275,gabriel.sanchez@gobierno.gob.ec,diego.vargas@mail.com,Resumen semanal de actividades del equipo Recursos Humanos,"Hola Diego Vargas,

Adjunto el informe correspondiente a la reunión de seguimiento del proyecto Integración API REST. Por favor revisa los puntos acordados para la próxima entrega.

Saludos cordiales,
Gabriel Sanchez",2026-02-26 16:03:12,0,Ninguno (Legítimo),0.026,[]
276,roberto.mendoza@empresa.edu.ec,patricia.gomez@mail.com,Consulta sobre la entrega del módulo JavaScript Moderno ES6+,"Hola Patricia Gomez,

¿Tendrás un espacio hoy para revisar las dudas sobre el módulo JavaScript Moderno ES6+? Quedo atento a tus comentarios.

Saludos,
Roberto Mendoza",2026-01-03 07:23:02,0,Ninguno (Legítimo),0.122,[]
277,maria.lopez@bancorivera.com,diego.sanchez@empresa.edu.ec,Factura de servicio #315 de Septiembre,"Estimado/a Diego Sanchez,

Gracias por registrarse al taller sobre Arquitectura Cliente-Servidor. Adjuntamos la agenda y los recursos de lectura previos.

Nos vemos pronto,
Comité Organizador",2025-09-23 18:47:34,0,Ninguno (Legítimo),0.101,[]
278,ana.rodriguez@empresa.edu.ec,carlos.torres@mail.com,Reunión de seguimiento - Proyecto Auditoría de Seguridad,"Hola equipo,

Les recordamos que este fin de semana realizaremos un mantenimiento preventivo en Servidor Node.js. El servicio no estará disponible entre las 02:00 y las 04:00 AM.

Gracias por su comprensión.",2026-08-18 13:35:52,0,Ninguno (Legítimo),0.067,[]
279,maria.morales@bancorivera.com,gabriel.gomez@empresa.com,Solicitud de revisión de código - Pull Request #164,"Hola Gabriel Gomez,

Adjunto el informe correspondiente a la reunión de seguimiento del proyecto Integración API REST. Por favor revisa los puntos acordados para la próxima entrega.

Saludos cordiales,
Maria Morales",2026-03-27 23:45:57,0,Ninguno (Legítimo),0.051,[]
280,roberto.fernandez@bancorivera.com,sofia.mendoza@servicio-cliente.com,Informe mensual de rendimiento de la plataforma,"Hola equipo,

Les recordamos que este fin de semana realizaremos un mantenimiento preventivo en Base de Datos. El servicio no estará disponible entre las 02:00 y las 04:00 AM.

Gracias por su comprensión.",2026-07-08 11:08:58,0,Ninguno (Legítimo),0.144,[]
281,notificaciones-plataformaeducativa@banc0-verificacion-segura.com,lucia.gomez@techcorp.com,URGENTE: Suspención temporal de su cuenta bancaria por actividad sospechosa,"Estimado cliente,

Hemos detectado un intento de acceso no autorizado a su cuenta desde una dirección IP desconocida. Por su seguridad, hemos restringido temporalmente sus operaciones.

Para desbloquear su cuenta inmediatamente, ingrese a nuestro portal de verificación segura en el siguiente enlace:
http://banc0-verificacion-segura.com/login-verificacion?id=10659

Si no verifica sus datos en las próximas 24 horas, su cuenta será bloqueada permanentemente.

Atentamente,
Departamento de Seguridad Bancaria",2026-08-14 07:35:26,1,Credential Harvesting,0.983,"[""Urgencia extrema o amenaza de bloqueo"", ""Enlace a dominio no oficial"", ""Saludo genérico (Estimado cliente)"", ""Uso de protocolo HTTP no seguro""]"
282,soporte@actualiza-credenciales-pagos.net,diego.fernandez@techcorp.com,Solicitud urgente de transferencia de fondos - Confidencial,"Hola Diego Fernandez,

Me encuentro en una reunión ejecutiva sin acceso a llamadas. Necesito que proceses con urgencia una transferencia bancaria para la adquisición de licencias internacionales.

Por favor confirma si puedes hacer el pago ahora mismo y te envío los datos de la cuenta de destino. Mantén esto de forma confidencial.

Saludos,
Dirección General",2026-09-15 20:31:09,1,Spear Phishing / CEO Fraud,0.811,"[""Suplantación de identidad ejecutiva (CEO Fraud)"", ""Petición de transferencia o pago urgente"", ""Solicitud de mantener secreto/confidencialidad"", ""Remitente spoofed o de correo gratuito""]"
283,sofia.vargas@empresa.edu.ec,andres.vargas@empresa.edu.ec,Invitación: Taller sobre WCAG 2.2 y ARIA,"Estimado/a Andres Vargas,

Le confirmamos que hemos procesado la factura #200. Puede consultar el detalle en su panel de usuario de nuestra plataforma.

Atentamente,
Equipo de Contabilidad",2025-09-29 03:58:59,0,Ninguno (Legítimo),0.104,[]
284,notificaciones-logisticaexpress@logistica-express-rastreo.info,luis.perez@mail.com,Factura vencida #53036 - Notificación final de cobro judicial,"Estimado/a Luis Perez,

Adjunto enviamos la factura vencida #53036 correspondiente al último periodo de facturación. Si el pago no se registra hoy, iniciaremos el proceso de cobro judicial.

Descargue y revise el archivo adjunto 'Factura_Vencida_53036.exe' o 'Factura_Detalle.zip' para cancelar el saldo.

Atentamente,
Departamento de Cobranzas",2026-01-25 06:33:21,1,Fake Invoice / Malware Attachment,0.897,"[""Extensión de archivo adjunto peligrosa (.exe, .zip, .js)"", ""Amenaza de acciones legales o judiciales"", ""Remitente desconocido exigiendo pago""]"
285,patricia.mendoza@logisticaexpress.com,elena.gomez@mail.com,Consulta sobre la entrega del módulo CSS Responsivo,"Estimado/a Elena Gomez,

Gracias por registrarse al taller sobre CSS Responsivo. Adjuntamos la agenda y los recursos de lectura previos.

Nos vemos pronto,
Comité Organizador",2026-02-09 23:35:39,0,Ninguno (Legítimo),0.06,[]
286,soporte@seguridad-cuenta-alert.online,elena.vargas@empresa.edu.ec,Notificación de entrega fallida - Su paquete #28350 requiere pago de arancel,"Estimado usuario,

Su paquete con número de rastreo #28350 no pudo ser entregado debido a una dirección incompleta y un saldo pendiente de arancel ($2.99 USD).

Actualice su dirección y realice el pago en el enlace oficial:
https://seguridad-cuenta-alert.online/rastreo/actualizar?track=28350

De no realizar el pago hoy, el paquete será devuelto al remitente.",2026-06-10 11:57:44,1,Package Delivery Scam,0.942,"[""Cobro pequeñito no esperado ($2.99)"", ""Dominio de rastreo falso"", ""Urgencia en la entrega del paquete""]"
287,notificaciones-logisticaexpress@actualiza-credenciales-pagos.net,carlos.rios@empresa.com,Su contraseña de correo expira hoy - Conserve su acceso,"Estimado usuario de LogisticaExpress,

Su contraseña expirará en 2 horas. Para mantener su contraseña actual y no perder el acceso a sus correos institucionales, valide sus credenciales en el portal interno:

https://actualiza-credenciales-pagos.net/portal/reset-password

Soporte IT / TI",2025-10-09 08:40:41,1,Password Reset / Tech Support Scam,0.97,"[""Falsa expiración inminente de contraseña"", ""Portal de contraseña en dominio externo"", ""Sin personalización del nombre del usuario""]"
288,jorge.torres@empresa.edu.ec,roberto.perez@gobierno.gob.ec,Consulta sobre la entrega del módulo HTML5 Semántico,"Estimado/a Roberto Perez,

Le confirmamos que hemos procesado la factura #472. Puede consultar el detalle en su panel de usuario de nuestra plataforma.

Atentamente,
Equipo de Contabilidad",2025-11-16 21:19:08,0,Ninguno (Legítimo),0.116,[]
289,soporte@banc0-verificacion-segura.com,jorge.castro@servicio-cliente.com,Notificación de entrega fallida - Su paquete #38681 requiere pago de arancel,"Estimado usuario,

Su paquete con número de rastreo #38681 no pudo ser entregado debido a una dirección incompleta y un saldo pendiente de arancel ($2.99 USD).

Actualice su dirección y realice el pago en el enlace oficial:
https://banc0-verificacion-segura.com/rastreo/actualizar?track=38681

De no realizar el pago hoy, el paquete será devuelto al remitente.",2025-11-21 14:31:20,1,Package Delivery Scam,0.842,"[""Cobro pequeñito no esperado ($2.99)"", ""Dominio de rastreo falso"", ""Urgencia en la entrega del paquete""]"
290,soporte@banc0-verificacion-segura.com,lucia.fernandez@servicio-cliente.com,Factura vencida #15230 - Notificación final de cobro judicial,"Estimado/a Lucia Fernandez,

Adjunto enviamos la factura vencida #15230 correspondiente al último periodo de facturación. Si el pago no se registra hoy, iniciaremos el proceso de cobro judicial.

Descargue y revise el archivo adjunto 'Factura_Vencida_15230.exe' o 'Factura_Detalle.zip' para cancelar el saldo.

Atentamente,
Departamento de Cobranzas",2026-08-09 15:31:42,1,Fake Invoice / Malware Attachment,0.987,"[""Extensión de archivo adjunto peligrosa (.exe, .zip, .js)"", ""Amenaza de acciones legales o judiciales"", ""Remitente desconocido exigiendo pago""]"
291,lucia.ramirez@empresa.edu.ec,elena.fernandez@empresa.com,Minuta de la reunión de planificación del sprint #357,"Estimado/a Elena Fernandez,

Gracias por registrarse al taller sobre CSS Responsivo. Adjuntamos la agenda y los recursos de lectura previos.

Nos vemos pronto,
Comité Organizador",2026-01-19 17:35:13,0,Ninguno (Legítimo),0.121,[]
292,patricia.rodriguez@gobierno.gob.ec,jorge.torres@techcorp.com,Resumen semanal de actividades del equipo Recursos Humanos,"Hola Jorge Torres,

Adjunto el informe correspondiente a la reunión de seguimiento del proyecto Migración a la Nube. Por favor revisa los puntos acordados para la próxima entrega.

Saludos cordiales,
Patricia Rodriguez",2025-09-05 02:16:16,0,Ninguno (Legítimo),0.103,[]
293,camila.perez@techcorp.com,camila.vargas@servicio-cliente.com,Consulta sobre la entrega del módulo HTML5 Semántico,"Estimado/a Camila Vargas,

Le confirmamos que hemos procesado la factura #122. Puede consultar el detalle en su panel de usuario de nuestra plataforma.

Atentamente,
Equipo de Contabilidad",2026-02-17 12:07:35,0,Ninguno (Legítimo),0.029,[]
294,elena.morales@empresa.com,ana.lopez@gobierno.gob.ec,Solicitud de revisión de código - Pull Request #677,"Hola Ana Lopez,

¿Tendrás un espacio hoy para revisar las dudas sobre el módulo JavaScript Moderno ES6+? Quedo atento a tus comentarios.

Saludos,
Elena Morales",2026-06-21 13:20:49,0,Ninguno (Legítimo),0.149,[]
295,elena.ramirez@gobierno.gob.ec,valentina.ramirez@techcorp.com,Recordatorio: Mantenimiento programado de Servidor Node.js,"Estimado/a Valentina Ramirez,

Gracias por registrarse al taller sobre Arquitectura Cliente-Servidor. Adjuntamos la agenda y los recursos de lectura previos.

Nos vemos pronto,
Comité Organizador",2025-11-27 15:59:12,0,Ninguno (Legítimo),0.029,[]
296,notificaciones-megamarket@banc0-verificacion-segura.com,valentina.rios@techcorp.com,Su contraseña de correo expira hoy - Conserve su acceso,"Estimado usuario de MegaMarket,

Su contraseña expirará en 2 horas. Para mantener su contraseña actual y no perder el acceso a sus correos institucionales, valide sus credenciales en el portal interno:

https://banc0-verificacion-segura.com/portal/reset-password

Soporte IT / TI",2026-05-27 02:21:47,1,Password Reset / Tech Support Scam,0.91,"[""Falsa expiración inminente de contraseña"", ""Portal de contraseña en dominio externo"", ""Sin personalización del nombre del usuario""]"
297,jorge.ramirez@bancorivera.com,maria.rodriguez@servicio-cliente.com,Consulta sobre la entrega del módulo JavaScript Moderno ES6+,"Estimado/a Maria Rodriguez,

Le confirmamos que hemos procesado la factura #634. Puede consultar el detalle en su panel de usuario de nuestra plataforma.

Atentamente,
Equipo de Contabilidad",2026-06-01 02:19:32,0,Ninguno (Legítimo),0.141,[]
298,fernando.torres@logisticaexpress.com,maria.fernandez@techcorp.com,Factura de servicio #390 de Abril,"Hola Maria Fernandez,

Adjunto el informe correspondiente a la reunión de seguimiento del proyecto Integración API REST. Por favor revisa los puntos acordados para la próxima entrega.

Saludos cordiales,
Fernando Torres",2026-03-15 20:45:43,0,Ninguno (Legítimo),0.109,[]
299,roberto.vargas@logisticaexpress.com,maria.morales@bancorivera.com,Confirmación de registro al evento Auditoría de Seguridad,"Hola Maria Morales,

¿Tendrás un espacio hoy para revisar las dudas sobre el módulo HTML5 Semántico? Quedo atento a tus comentarios.

Saludos,
Roberto Vargas",2026-06-24 03:01:30,0,Ninguno (Legítimo),0.046,[]
300,roberto.mendoza@logisticaexpress.com,lucia.ramirez@gobierno.gob.ec,Consulta sobre la entrega del módulo Arquitectura Cliente-Servidor,"Hola Lucia Ramirez,

¿Tendrás un espacio hoy para revisar las dudas sobre el módulo Arquitectura Cliente-Servidor? Quedo atento a tus comentarios.

Saludos,
Roberto Mendoza",2026-04-06 04:33:32,0,Ninguno (Legítimo),0.078,[]
301,maria.castro@logisticaexpress.com,roberto.castro@techcorp.com,Informe mensual de rendimiento de la plataforma,"Hola equipo,

Les recordamos que este fin de semana realizaremos un mantenimiento preventivo en Base de Datos. El servicio no estará disponible entre las 02:00 y las 04:00 AM.

Gracias por su comprensión.",2026-06-23 20:32:15,0,Ninguno (Legítimo),0.122,[]
302,luis.rios@techcorp.com,elena.fernandez@bancorivera.com,Informe mensual de rendimiento de la plataforma,"Hola equipo,

Les recordamos que este fin de semana realizaremos un mantenimiento preventivo en Servidor Node.js. El servicio no estará disponible entre las 02:00 y las 04:00 AM.

Gracias por su comprensión.",2026-08-17 09:53:42,0,Ninguno (Legítimo),0.021,[]
303,soporte@techcorp-admin-portal.tk,sofia.castro@bancorivera.com,Solicitud urgente de transferencia de fondos - Confidencial,"Hola Sofia Castro,

Me encuentro en una reunión ejecutiva sin acceso a llamadas. Necesito que proceses con urgencia una transferencia bancaria para la adquisición de licencias internacionales.

Por favor confirma si puedes hacer el pago ahora mismo y te envío los datos de la cuenta de destino. Mantén esto de forma confidencial.

Saludos,
Dirección General",2026-03-16 22:35:13,1,Spear Phishing / CEO Fraud,0.925,"[""Suplantación de identidad ejecutiva (CEO Fraud)"", ""Petición de transferencia o pago urgente"", ""Solicitud de mantener secreto/confidencialidad"", ""Remitente spoofed o de correo gratuito""]"
304,elena.vargas@bancorivera.com,diego.gomez@logisticaexpress.com,Confirmación de registro al evento Plataforma Web,"Hola equipo,

Les recordamos que este fin de semana realizaremos un mantenimiento preventivo en Servidor Node.js. El servicio no estará disponible entre las 02:00 y las 04:00 AM.

Gracias por su comprensión.",2026-05-24 18:24:47,0,Ninguno (Legítimo),0.104,[]
305,luis.morales@gobierno.gob.ec,carlos.castro@empresa.edu.ec,Minuta de la reunión de planificación del sprint #696,"Estimado/a Carlos Castro,

Le confirmamos que hemos procesado la factura #696. Puede consultar el detalle en su panel de usuario de nuestra plataforma.

Atentamente,
Equipo de Contabilidad",2025-12-13 02:51:01,0,Ninguno (Legítimo),0.074,[]
306,luis.morales@gobierno.gob.ec,elena.fernandez@empresa.edu.ec,Confirmación de registro al evento Integración API REST,"Hola Elena Fernandez,

¿Tendrás un espacio hoy para revisar las dudas sobre el módulo JavaScript Moderno ES6+? Quedo atento a tus comentarios.

Saludos,
Luis Morales",2025-09-03 17:30:23,0,Ninguno (Legítimo),0.078,[]
307,soporte@banc0-verificacion-segura.com,andres.ramirez@bancorivera.com,Factura vencida #43792 - Notificación final de cobro judicial,"Estimado/a Andres Ramirez,

Adjunto enviamos la factura vencida #43792 correspondiente al último periodo de facturación. Si el pago no se registra hoy, iniciaremos el proceso de cobro judicial.

Descargue y revise el archivo adjunto 'Factura_Vencida_43792.exe' o 'Factura_Detalle.zip' para cancelar el saldo.

Atentamente,
Departamento de Cobranzas",2026-02-22 00:42:22,1,Fake Invoice / Malware Attachment,0.967,"[""Extensión de archivo adjunto peligrosa (.exe, .zip, .js)"", ""Amenaza de acciones legales o judiciales"", ""Remitente desconocido exigiendo pago""]"
308,soporte@verificate-ahora-login.org,gabriel.fernandez@mail.com,Su contraseña de correo expira hoy - Conserve su acceso,"Estimado usuario de LogisticaExpress,

Su contraseña expirará en 2 horas. Para mantener su contraseña actual y no perder el acceso a sus correos institucionales, valide sus credenciales en el portal interno:

https://verificate-ahora-login.org/portal/reset-password

Soporte IT / TI",2026-08-26 16:22:17,1,Password Reset / Tech Support Scam,0.834,"[""Falsa expiración inminente de contraseña"", ""Portal de contraseña en dominio externo"", ""Sin personalización del nombre del usuario""]"
309,lucia.perez@gobierno.gob.ec,elena.torres@mail.com,Recordatorio: Mantenimiento programado de Base de Datos,"Estimado/a Elena Torres,

Le confirmamos que hemos procesado la factura #864. Puede consultar el detalle en su panel de usuario de nuestra plataforma.

Atentamente,
Equipo de Contabilidad",2026-02-23 10:46:05,0,Ninguno (Legítimo),0.132,[]
310,notificaciones-megamarket@banc0-verificacion-segura.com,lucia.lopez@empresa.edu.ec,URGENTE: Suspención temporal de su cuenta bancaria por actividad sospechosa,"Estimado cliente,

Hemos detectado un intento de acceso no autorizado a su cuenta desde una dirección IP desconocida. Por su seguridad, hemos restringido temporalmente sus operaciones.

Para desbloquear su cuenta inmediatamente, ingrese a nuestro portal de verificación segura en el siguiente enlace:
http://banc0-verificacion-segura.com/login-verificacion?id=98580

Si no verifica sus datos en las próximas 24 horas, su cuenta será bloqueada permanentemente.

Atentamente,
Departamento de Seguridad Bancaria",2025-12-13 17:05:28,1,Credential Harvesting,0.957,"[""Urgencia extrema o amenaza de bloqueo"", ""Enlace a dominio no oficial"", ""Saludo genérico (Estimado cliente)"", ""Uso de protocolo HTTP no seguro""]"
311,camila.ramirez@gobierno.gob.ec,lucia.ramirez@mail.com,Informe mensual de rendimiento de la plataforma,"Estimado/a Lucia Ramirez,

Le confirmamos que hemos procesado la factura #287. Puede consultar el detalle en su panel de usuario de nuestra plataforma.

Atentamente,
Equipo de Contabilidad",2025-09-23 01:33:34,0,Ninguno (Legítimo),0.018,[]
312,roberto.rios@techcorp.com,ana.morales@mail.com,Informe mensual de rendimiento de la plataforma,"Estimado/a Ana Morales,

Le confirmamos que hemos procesado la factura #223. Puede consultar el detalle en su panel de usuario de nuestra plataforma.

Atentamente,
Equipo de Contabilidad",2026-05-04 03:41:19,0,Ninguno (Legítimo),0.063,[]
313,soporte@soporte-urgente-banco.xyz,fernando.lopez@gobierno.gob.ec,Solicitud urgente de transferencia de fondos - Confidencial,"Hola Fernando Lopez,

Me encuentro en una reunión ejecutiva sin acceso a llamadas. Necesito que proceses con urgencia una transferencia bancaria para la adquisición de licencias internacionales.

Por favor confirma si puedes hacer el pago ahora mismo y te envío los datos de la cuenta de destino. Mantén esto de forma confidencial.

Saludos,
Dirección General",2026-03-06 06:18:38,1,Spear Phishing / CEO Fraud,0.865,"[""Suplantación de identidad ejecutiva (CEO Fraud)"", ""Petición de transferencia o pago urgente"", ""Solicitud de mantener secreto/confidencialidad"", ""Remitente spoofed o de correo gratuito""]"
314,notificaciones-techcorp@logistica-express-rastreo.info,lucia.rios@empresa.com,Notificación de entrega fallida - Su paquete #33578 requiere pago de arancel,"Estimado usuario,

Su paquete con número de rastreo #33578 no pudo ser entregado debido a una dirección incompleta y un saldo pendiente de arancel ($2.99 USD).

Actualice su dirección y realice el pago en el enlace oficial:
https://logistica-express-rastreo.info/rastreo/actualizar?track=33578

De no realizar el pago hoy, el paquete será devuelto al remitente.",2026-08-25 21:33:19,1,Package Delivery Scam,0.91,"[""Cobro pequeñito no esperado ($2.99)"", ""Dominio de rastreo falso"", ""Urgencia en la entrega del paquete""]"
315,roberto.perez@techcorp.com,patricia.morales@empresa.com,Recordatorio: Mantenimiento programado de Servicio de Autenticación,"Hola Patricia Morales,

¿Tendrás un espacio hoy para revisar las dudas sobre el módulo CSS Responsivo? Quedo atento a tus comentarios.

Saludos,
Roberto Perez",2026-09-05 17:49:42,0,Ninguno (Legítimo),0.085,[]
316,soporte@banc0-verificacion-segura.com,fernando.morales@bancorivera.com,Factura vencida #31409 - Notificación final de cobro judicial,"Estimado/a Fernando Morales,

Adjunto enviamos la factura vencida #31409 correspondiente al último periodo de facturación. Si el pago no se registra hoy, iniciaremos el proceso de cobro judicial.

Descargue y revise el archivo adjunto 'Factura_Vencida_31409.exe' o 'Factura_Detalle.zip' para cancelar el saldo.

Atentamente,
Departamento de Cobranzas",2026-05-08 18:55:26,1,Fake Invoice / Malware Attachment,0.908,"[""Extensión de archivo adjunto peligrosa (.exe, .zip, .js)"", ""Amenaza de acciones legales o judiciales"", ""Remitente desconocido exigiendo pago""]"
317,lucia.morales@gobierno.gob.ec,gabriel.martinez@mail.com,Confirmación de registro al evento Diseño UX/UI,"Hola Gabriel Martinez,

¿Tendrás un espacio hoy para revisar las dudas sobre el módulo HTML5 Semántico? Quedo atento a tus comentarios.

Saludos,
Lucia Morales",2025-10-21 00:22:43,0,Ninguno (Legítimo),0.091,[]
318,andres.rodriguez@empresa.com,lucia.sanchez@servicio-cliente.com,Solicitud de revisión de código - Pull Request #393,"Hola Lucia Sanchez,

¿Tendrás un espacio hoy para revisar las dudas sobre el módulo CSS Responsivo? Quedo atento a tus comentarios.

Saludos,
Andres Rodriguez",2025-11-29 18:21:44,0,Ninguno (Legítimo),0.09,[]
319,gabriel.sanchez@gobierno.gob.ec,elena.sanchez@logisticaexpress.com,Invitación: Taller sobre JavaScript Moderno ES6+,"Hola Elena Sanchez,

¿Tendrás un espacio hoy para revisar las dudas sobre el módulo JavaScript Moderno ES6+? Quedo atento a tus comentarios.

Saludos,
Gabriel Sanchez",2025-10-07 10:52:49,0,Ninguno (Legítimo),0.083,[]
320,fernando.castro@empresa.edu.ec,carlos.lopez@logisticaexpress.com,Resumen semanal de actividades del equipo Desarrollo,"Hola Carlos Lopez,

¿Tendrás un espacio hoy para revisar las dudas sobre el módulo HTML5 Semántico? Quedo atento a tus comentarios.

Saludos,
Fernando Castro",2025-11-25 14:41:42,0,Ninguno (Legítimo),0.018,[]
321,luis.vargas@empresa.com,maria.martinez@techcorp.com,Invitación: Taller sobre JavaScript Moderno ES6+,"Hola Maria Martinez,

¿Tendrás un espacio hoy para revisar las dudas sobre el módulo JavaScript Moderno ES6+? Quedo atento a tus comentarios.

Saludos,
Luis Vargas",2026-05-27 11:01:51,0,Ninguno (Legítimo),0.127,[]
322,notificaciones-logisticaexpress@seguridad-cuenta-alert.online,gabriel.rios@servicio-cliente.com,Factura vencida #80855 - Notificación final de cobro judicial,"Estimado/a Gabriel Rios,

Adjunto enviamos la factura vencida #80855 correspondiente al último periodo de facturación. Si el pago no se registra hoy, iniciaremos el proceso de cobro judicial.

Descargue y revise el archivo adjunto 'Factura_Vencida_80855.exe' o 'Factura_Detalle.zip' para cancelar el saldo.

Atentamente,
Departamento de Cobranzas",2026-08-06 20:59:31,1,Fake Invoice / Malware Attachment,0.895,"[""Extensión de archivo adjunto peligrosa (.exe, .zip, .js)"", ""Amenaza de acciones legales o judiciales"", ""Remitente desconocido exigiendo pago""]"
323,sofia.sanchez@servicio-cliente.com,andres.vargas@empresa.com,Minuta de la reunión de planificación del sprint #332,"Hola equipo,

Les recordamos que este fin de semana realizaremos un mantenimiento preventivo en API REST. El servicio no estará disponible entre las 02:00 y las 04:00 AM.

Gracias por su comprensión.",2026-06-04 14:26:44,0,Ninguno (Legítimo),0.032,[]
324,soporte@banc0-verificacion-segura.com,lucia.martinez@servicio-cliente.com,Su contraseña de correo expira hoy - Conserve su acceso,"Estimado usuario de MegaMarket,

Su contraseña expirará en 2 horas. Para mantener su contraseña actual y no perder el acceso a sus correos institucionales, valide sus credenciales en el portal interno:

https://banc0-verificacion-segura.com/portal/reset-password

Soporte IT / TI",2026-05-26 12:57:45,1,Password Reset / Tech Support Scam,0.935,"[""Falsa expiración inminente de contraseña"", ""Portal de contraseña en dominio externo"", ""Sin personalización del nombre del usuario""]"
325,diego.fernandez@empresa.com,carlos.morales@mail.com,Consulta sobre la entrega del módulo Arquitectura Cliente-Servidor,"Hola Carlos Morales,

Adjunto el informe correspondiente a la reunión de seguimiento del proyecto Migración a la Nube. Por favor revisa los puntos acordados para la próxima entrega.

Saludos cordiales,
Diego Fernandez",2026-07-03 16:25:05,0,Ninguno (Legítimo),0.069,[]
326,soporte@actualiza-credenciales-pagos.net,sofia.vargas@gobierno.gob.ec,Factura vencida #18973 - Notificación final de cobro judicial,"Estimado/a Sofia Vargas,

Adjunto enviamos la factura vencida #18973 correspondiente al último periodo de facturación. Si el pago no se registra hoy, iniciaremos el proceso de cobro judicial.

Descargue y revise el archivo adjunto 'Factura_Vencida_18973.exe' o 'Factura_Detalle.zip' para cancelar el saldo.

Atentamente,
Departamento de Cobranzas",2026-07-11 17:53:53,1,Fake Invoice / Malware Attachment,0.892,"[""Extensión de archivo adjunto peligrosa (.exe, .zip, .js)"", ""Amenaza de acciones legales o judiciales"", ""Remitente desconocido exigiendo pago""]"
327,carlos.lopez@bancorivera.com,camila.perez@mail.com,Minuta de la reunión de planificación del sprint #122,"Estimado/a Camila Perez,

Gracias por registrarse al taller sobre HTML5 Semántico. Adjuntamos la agenda y los recursos de lectura previos.

Nos vemos pronto,
Comité Organizador",2026-04-20 17:54:29,0,Ninguno (Legítimo),0.112,[]
328,soporte@soporte-urgente-banco.xyz,camila.perez@mail.com,Factura vencida #75325 - Notificación final de cobro judicial,"Estimado/a Camila Perez,

Adjunto enviamos la factura vencida #75325 correspondiente al último periodo de facturación. Si el pago no se registra hoy, iniciaremos el proceso de cobro judicial.

Descargue y revise el archivo adjunto 'Factura_Vencida_75325.exe' o 'Factura_Detalle.zip' para cancelar el saldo.

Atentamente,
Departamento de Cobranzas",2025-11-17 08:32:10,1,Fake Invoice / Malware Attachment,0.967,"[""Extensión de archivo adjunto peligrosa (.exe, .zip, .js)"", ""Amenaza de acciones legales o judiciales"", ""Remitente desconocido exigiendo pago""]"
329,luis.morales@servicio-cliente.com,fernando.mendoza@empresa.com,Recordatorio: Mantenimiento programado de Servidor Node.js,"Estimado/a Fernando Mendoza,

Le confirmamos que hemos procesado la factura #296. Puede consultar el detalle en su panel de usuario de nuestra plataforma.

Atentamente,
Equipo de Contabilidad",2025-11-14 10:02:25,0,Ninguno (Legítimo),0.064,[]
330,diego.torres@empresa.com,diego.torres@empresa.edu.ec,Invitación: Taller sobre HTML5 Semántico,"Hola equipo,

Les recordamos que este fin de semana realizaremos un mantenimiento preventivo en Servidor Node.js. El servicio no estará disponible entre las 02:00 y las 04:00 AM.

Gracias por su comprensión.",2026-01-05 09:13:12,0,Ninguno (Legítimo),0.038,[]
331,gabriel.gomez@techcorp.com,maria.perez@empresa.com,Invitación: Taller sobre Arquitectura Cliente-Servidor,"Hola Maria Perez,

¿Tendrás un espacio hoy para revisar las dudas sobre el módulo Arquitectura Cliente-Servidor? Quedo atento a tus comentarios.

Saludos,
Gabriel Gomez",2026-08-08 15:55:45,0,Ninguno (Legítimo),0.12,[]
332,patricia.lopez@servicio-cliente.com,lucia.mendoza@empresa.edu.ec,Factura de servicio #802 de Junio,"Estimado/a Lucia Mendoza,

Le confirmamos que hemos procesado la factura #802. Puede consultar el detalle en su panel de usuario de nuestra plataforma.

Atentamente,
Equipo de Contabilidad",2026-07-03 13:38:35,0,Ninguno (Legítimo),0.108,[]
333,andres.castro@logisticaexpress.com,patricia.sanchez@mail.com,Reunión de seguimiento - Proyecto Diseño UX/UI,"Estimado/a Patricia Sanchez,

Gracias por registrarse al taller sobre JavaScript Moderno ES6+. Adjuntamos la agenda y los recursos de lectura previos.

Nos vemos pronto,
Comité Organizador",2025-11-05 01:45:42,0,Ninguno (Legítimo),0.109,[]
334,lucia.sanchez@servicio-cliente.com,diego.ramirez@techcorp.com,Invitación: Taller sobre WCAG 2.2 y ARIA,"Estimado/a Diego Ramirez,

Le confirmamos que hemos procesado la factura #988. Puede consultar el detalle en su panel de usuario de nuestra plataforma.

Atentamente,
Equipo de Contabilidad",2026-06-06 01:50:37,0,Ninguno (Legítimo),0.073,[]
335,elena.gomez@mail.com,andres.gomez@empresa.com,Solicitud de revisión de código - Pull Request #344,"Estimado/a Andres Gomez,

Gracias por registrarse al taller sobre HTML5 Semántico. Adjuntamos la agenda y los recursos de lectura previos.

Nos vemos pronto,
Comité Organizador",2026-06-05 21:21:58,0,Ninguno (Legítimo),0.117,[]
336,soporte@banc0-verificacion-segura.com,valentina.vargas@mail.com,URGENTE: Suspención temporal de su cuenta bancaria por actividad sospechosa,"Estimado cliente,

Hemos detectado un intento de acceso no autorizado a su cuenta desde una dirección IP desconocida. Por su seguridad, hemos restringido temporalmente sus operaciones.

Para desbloquear su cuenta inmediatamente, ingrese a nuestro portal de verificación segura en el siguiente enlace:
http://banc0-verificacion-segura.com/login-verificacion?id=78576

Si no verifica sus datos en las próximas 24 horas, su cuenta será bloqueada permanentemente.

Atentamente,
Departamento de Seguridad Bancaria",2026-01-23 19:44:43,1,Credential Harvesting,0.981,"[""Urgencia extrema o amenaza de bloqueo"", ""Enlace a dominio no oficial"", ""Saludo genérico (Estimado cliente)"", ""Uso de protocolo HTTP no seguro""]"
337,notificaciones-plataformaeducativa@banc0-verificacion-segura.com,maria.torres@logisticaexpress.com,URGENTE: Suspención temporal de su cuenta bancaria por actividad sospechosa,"Estimado cliente,

Hemos detectado un intento de acceso no autorizado a su cuenta desde una dirección IP desconocida. Por su seguridad, hemos restringido temporalmente sus operaciones.

Para desbloquear su cuenta inmediatamente, ingrese a nuestro portal de verificación segura en el siguiente enlace:
http://banc0-verificacion-segura.com/login-verificacion?id=84843

Si no verifica sus datos en las próximas 24 horas, su cuenta será bloqueada permanentemente.

Atentamente,
Departamento de Seguridad Bancaria",2025-09-17 15:21:26,1,Credential Harvesting,0.924,"[""Urgencia extrema o amenaza de bloqueo"", ""Enlace a dominio no oficial"", ""Saludo genérico (Estimado cliente)"", ""Uso de protocolo HTTP no seguro""]"
338,carlos.perez@servicio-cliente.com,lucia.perez@empresa.edu.ec,Factura de servicio #579 de Diciembre,"Hola Lucia Perez,

Adjunto el informe correspondiente a la reunión de seguimiento del proyecto Plataforma Web. Por favor revisa los puntos acordados para la próxima entrega.

Saludos cordiales,
Carlos Perez",2026-01-10 09:47:13,0,Ninguno (Legítimo),0.125,[]
339,notificaciones-globalnet@banc0-verificacion-segura.com,sofia.rodriguez@logisticaexpress.com,Su contraseña de correo expira hoy - Conserve su acceso,"Estimado usuario de GlobalNet,

Su contraseña expirará en 2 horas. Para mantener su contraseña actual y no perder el acceso a sus correos institucionales, valide sus credenciales en el portal interno:

https://banc0-verificacion-segura.com/portal/reset-password

Soporte IT / TI",2025-09-21 10:33:45,1,Password Reset / Tech Support Scam,0.848,"[""Falsa expiración inminente de contraseña"", ""Portal de contraseña en dominio externo"", ""Sin personalización del nombre del usuario""]"
340,maria.mendoza@mail.com,elena.morales@empresa.com,Informe mensual de rendimiento de la plataforma,"Estimado/a Elena Morales,

Gracias por registrarse al taller sobre HTML5 Semántico. Adjuntamos la agenda y los recursos de lectura previos.

Nos vemos pronto,
Comité Organizador",2026-01-07 04:45:14,0,Ninguno (Legítimo),0.081,[]
341,gabriel.rios@mail.com,andres.sanchez@mail.com,Consulta sobre la entrega del módulo JavaScript Moderno ES6+,"Estimado/a Andres Sanchez,

Le confirmamos que hemos procesado la factura #882. Puede consultar el detalle en su panel de usuario de nuestra plataforma.

Atentamente,
Equipo de Contabilidad",2026-06-02 05:50:32,0,Ninguno (Legítimo),0.063,[]
342,carlos.castro@bancorivera.com,andres.torres@empresa.com,Invitación: Taller sobre WCAG 2.2 y ARIA,"Hola equipo,

Les recordamos que este fin de semana realizaremos un mantenimiento preventivo en Base de Datos. El servicio no estará disponible entre las 02:00 y las 04:00 AM.

Gracias por su comprensión.",2026-01-09 21:06:27,0,Ninguno (Legítimo),0.148,[]
343,soporte@banc0-verificacion-segura.com,fernando.morales@techcorp.com,URGENTE: Suspención temporal de su cuenta bancaria por actividad sospechosa,"Estimado cliente,

Hemos detectado un intento de acceso no autorizado a su cuenta desde una dirección IP desconocida. Por su seguridad, hemos restringido temporalmente sus operaciones.

Para desbloquear su cuenta inmediatamente, ingrese a nuestro portal de verificación segura en el siguiente enlace:
http://banc0-verificacion-segura.com/login-verificacion?id=70341

Si no verifica sus datos en las próximas 24 horas, su cuenta será bloqueada permanentemente.

Atentamente,
Departamento de Seguridad Bancaria",2026-02-09 08:47:24,1,Credential Harvesting,0.887,"[""Urgencia extrema o amenaza de bloqueo"", ""Enlace a dominio no oficial"", ""Saludo genérico (Estimado cliente)"", ""Uso de protocolo HTTP no seguro""]"
344,luis.ramirez@empresa.com,fernando.mendoza@gobierno.gob.ec,Solicitud de revisión de código - Pull Request #322,"Hola Fernando Mendoza,

¿Tendrás un espacio hoy para revisar las dudas sobre el módulo JavaScript Moderno ES6+? Quedo atento a tus comentarios.

Saludos,
Luis Ramirez",2026-01-06 16:28:59,0,Ninguno (Legítimo),0.125,[]
345,soporte@seguridad-cuenta-alert.online,ana.castro@empresa.com,URGENTE: Suspención temporal de su cuenta bancaria por actividad sospechosa,"Estimado cliente,

Hemos detectado un intento de acceso no autorizado a su cuenta desde una dirección IP desconocida. Por su seguridad, hemos restringido temporalmente sus operaciones.

Para desbloquear su cuenta inmediatamente, ingrese a nuestro portal de verificación segura en el siguiente enlace:
http://seguridad-cuenta-alert.online/login-verificacion?id=17329

Si no verifica sus datos en las próximas 24 horas, su cuenta será bloqueada permanentemente.

Atentamente,
Departamento de Seguridad Bancaria",2026-07-26 18:56:13,1,Credential Harvesting,0.964,"[""Urgencia extrema o amenaza de bloqueo"", ""Enlace a dominio no oficial"", ""Saludo genérico (Estimado cliente)"", ""Uso de protocolo HTTP no seguro""]"
346,ana.martinez@bancorivera.com,carlos.vargas@empresa.com,Confirmación de registro al evento Integración API REST,"Estimado/a Carlos Vargas,

Le confirmamos que hemos procesado la factura #652. Puede consultar el detalle en su panel de usuario de nuestra plataforma.

Atentamente,
Equipo de Contabilidad",2025-11-01 16:15:16,0,Ninguno (Legítimo),0.031,[]
347,sofia.mendoza@empresa.com,luis.perez@empresa.com,Recordatorio: Mantenimiento programado de Servicio de Autenticación,"Hola Luis Perez,

Adjunto el informe correspondiente a la reunión de seguimiento del proyecto Auditoría de Seguridad. Por favor revisa los puntos acordados para la próxima entrega.

Saludos cordiales,
Sofia Mendoza",2026-03-22 00:13:27,0,Ninguno (Legítimo),0.087,[]
348,soporte@logistica-express-rastreo.info,valentina.mendoza@techcorp.com,Solicitud urgente de transferencia de fondos - Confidencial,"Hola Valentina Mendoza,

Me encuentro en una reunión ejecutiva sin acceso a llamadas. Necesito que proceses con urgencia una transferencia bancaria para la adquisición de licencias internacionales.

Por favor confirma si puedes hacer el pago ahora mismo y te envío los datos de la cuenta de destino. Mantén esto de forma confidencial.

Saludos,
Dirección General",2026-03-25 02:16:14,1,Spear Phishing / CEO Fraud,0.891,"[""Suplantación de identidad ejecutiva (CEO Fraud)"", ""Petición de transferencia o pago urgente"", ""Solicitud de mantener secreto/confidencialidad"", ""Remitente spoofed o de correo gratuito""]"
349,notificaciones-cloudservices@seguridad-cuenta-alert.online,patricia.perez@empresa.edu.ec,Notificación de entrega fallida - Su paquete #66369 requiere pago de arancel,"Estimado usuario,

Su paquete con número de rastreo #66369 no pudo ser entregado debido a una dirección incompleta y un saldo pendiente de arancel ($2.99 USD).

Actualice su dirección y realice el pago en el enlace oficial:
https://seguridad-cuenta-alert.online/rastreo/actualizar?track=66369

De no realizar el pago hoy, el paquete será devuelto al remitente.",2026-07-14 03:05:14,1,Package Delivery Scam,0.892,"[""Cobro pequeñito no esperado ($2.99)"", ""Dominio de rastreo falso"", ""Urgencia en la entrega del paquete""]"
350,notificaciones-banconacional@soporte-urgente-banco.xyz,lucia.sanchez@logisticaexpress.com,Notificación de entrega fallida - Su paquete #87840 requiere pago de arancel,"Estimado usuario,

Su paquete con número de rastreo #87840 no pudo ser entregado debido a una dirección incompleta y un saldo pendiente de arancel ($2.99 USD).

Actualice su dirección y realice el pago en el enlace oficial:
https://soporte-urgente-banco.xyz/rastreo/actualizar?track=87840

De no realizar el pago hoy, el paquete será devuelto al remitente.",2026-03-31 23:25:14,1,Package Delivery Scam,0.827,"[""Cobro pequeñito no esperado ($2.99)"", ""Dominio de rastreo falso"", ""Urgencia en la entrega del paquete""]"
351,patricia.perez@mail.com,jorge.torres@bancorivera.com,Recordatorio: Mantenimiento programado de Servidor Node.js,"Estimado/a Jorge Torres,

Le confirmamos que hemos procesado la factura #875. Puede consultar el detalle en su panel de usuario de nuestra plataforma.

Atentamente,
Equipo de Contabilidad",2026-04-16 06:41:21,0,Ninguno (Legítimo),0.132,[]
352,camila.gomez@mail.com,maria.martinez@servicio-cliente.com,Resumen semanal de actividades del equipo Recursos Humanos,"Hola equipo,

Les recordamos que este fin de semana realizaremos un mantenimiento preventivo en Base de Datos. El servicio no estará disponible entre las 02:00 y las 04:00 AM.

Gracias por su comprensión.",2025-09-08 20:29:53,0,Ninguno (Legítimo),0.087,[]
353,fernando.lopez@bancorivera.com,roberto.ramirez@bancorivera.com,Invitación: Taller sobre JavaScript Moderno ES6+,"Hola Roberto Ramirez,

Adjunto el informe correspondiente a la reunión de seguimiento del proyecto Integración API REST. Por favor revisa los puntos acordados para la próxima entrega.

Saludos cordiales,
Fernando Lopez",2025-11-12 08:40:10,0,Ninguno (Legítimo),0.019,[]
354,roberto.perez@empresa.com,maria.gomez@gobierno.gob.ec,Minuta de la reunión de planificación del sprint #826,"Hola Maria Gomez,

Adjunto el informe correspondiente a la reunión de seguimiento del proyecto Plataforma Web. Por favor revisa los puntos acordados para la próxima entrega.

Saludos cordiales,
Roberto Perez",2026-08-06 21:06:54,0,Ninguno (Legítimo),0.036,[]
355,sofia.sanchez@servicio-cliente.com,carlos.gomez@logisticaexpress.com,Consulta sobre la entrega del módulo HTML5 Semántico,"Hola equipo,

Les recordamos que este fin de semana realizaremos un mantenimiento preventivo en API REST. El servicio no estará disponible entre las 02:00 y las 04:00 AM.

Gracias por su comprensión.",2026-04-24 04:24:50,0,Ninguno (Legítimo),0.043,[]
356,roberto.rios@bancorivera.com,ana.vargas@gobierno.gob.ec,Minuta de la reunión de planificación del sprint #386,"Estimado/a Ana Vargas,

Le confirmamos que hemos procesado la factura #386. Puede consultar el detalle en su panel de usuario de nuestra plataforma.

Atentamente,
Equipo de Contabilidad",2026-05-15 18:02:39,0,Ninguno (Legítimo),0.022,[]
357,jorge.fernandez@gobierno.gob.ec,patricia.fernandez@logisticaexpress.com,Solicitud de revisión de código - Pull Request #437,"Estimado/a Patricia Fernandez,

Le confirmamos que hemos procesado la factura #437. Puede consultar el detalle en su panel de usuario de nuestra plataforma.

Atentamente,
Equipo de Contabilidad",2026-08-15 06:17:54,0,Ninguno (Legítimo),0.091,[]
358,valentina.mendoza@techcorp.com,sofia.castro@techcorp.com,Solicitud de revisión de código - Pull Request #261,"Estimado/a Sofia Castro,

Le confirmamos que hemos procesado la factura #261. Puede consultar el detalle en su panel de usuario de nuestra plataforma.

Atentamente,
Equipo de Contabilidad",2025-12-13 13:01:42,0,Ninguno (Legítimo),0.112,[]
359,jorge.mendoza@logisticaexpress.com,sofia.torres@gobierno.gob.ec,Factura de servicio #234 de Octubre,"Hola Sofia Torres,

¿Tendrás un espacio hoy para revisar las dudas sobre el módulo HTML5 Semántico? Quedo atento a tus comentarios.

Saludos,
Jorge Mendoza",2026-03-31 22:58:23,0,Ninguno (Legítimo),0.042,[]
360,notificaciones-megamarket@verificate-ahora-login.org,lucia.rodriguez@servicio-cliente.com,Solicitud urgente de transferencia de fondos - Confidencial,"Hola Lucia Rodriguez,

Me encuentro en una reunión ejecutiva sin acceso a llamadas. Necesito que proceses con urgencia una transferencia bancaria para la adquisición de licencias internacionales.

Por favor confirma si puedes hacer el pago ahora mismo y te envío los datos de la cuenta de destino. Mantén esto de forma confidencial.

Saludos,
Dirección General",2026-08-18 08:56:58,1,Spear Phishing / CEO Fraud,0.844,"[""Suplantación de identidad ejecutiva (CEO Fraud)"", ""Petición de transferencia o pago urgente"", ""Solicitud de mantener secreto/confidencialidad"", ""Remitente spoofed o de correo gratuito""]"
361,patricia.gomez@empresa.com,jorge.lopez@logisticaexpress.com,Reunión de seguimiento - Proyecto Diseño UX/UI,"Estimado/a Jorge Lopez,

Le confirmamos que hemos procesado la factura #376. Puede consultar el detalle en su panel de usuario de nuestra plataforma.

Atentamente,
Equipo de Contabilidad",2026-05-11 01:15:08,0,Ninguno (Legítimo),0.14,[]
362,patricia.fernandez@empresa.com,gabriel.rios@servicio-cliente.com,Reunión de seguimiento - Proyecto Diseño UX/UI,"Hola Gabriel Rios,

¿Tendrás un espacio hoy para revisar las dudas sobre el módulo JavaScript Moderno ES6+? Quedo atento a tus comentarios.

Saludos,
Patricia Fernandez",2026-07-14 01:50:17,0,Ninguno (Legítimo),0.093,[]
363,ana.perez@empresa.com,maria.torres@servicio-cliente.com,Reunión de seguimiento - Proyecto Diseño UX/UI,"Estimado/a Maria Torres,

Gracias por registrarse al taller sobre WCAG 2.2 y ARIA. Adjuntamos la agenda y los recursos de lectura previos.

Nos vemos pronto,
Comité Organizador",2026-08-27 09:24:07,0,Ninguno (Legítimo),0.066,[]
364,soporte@banc0-verificacion-segura.com,elena.fernandez@gobierno.gob.ec,Su contraseña de correo expira hoy - Conserve su acceso,"Estimado usuario de TechCorp,

Su contraseña expirará en 2 horas. Para mantener su contraseña actual y no perder el acceso a sus correos institucionales, valide sus credenciales en el portal interno:

https://banc0-verificacion-segura.com/portal/reset-password

Soporte IT / TI",2026-01-26 00:47:49,1,Password Reset / Tech Support Scam,0.917,"[""Falsa expiración inminente de contraseña"", ""Portal de contraseña en dominio externo"", ""Sin personalización del nombre del usuario""]"
365,soporte@logistica-express-rastreo.info,elena.mendoza@techcorp.com,Factura vencida #52396 - Notificación final de cobro judicial,"Estimado/a Elena Mendoza,

Adjunto enviamos la factura vencida #52396 correspondiente al último periodo de facturación. Si el pago no se registra hoy, iniciaremos el proceso de cobro judicial.

Descargue y revise el archivo adjunto 'Factura_Vencida_52396.exe' o 'Factura_Detalle.zip' para cancelar el saldo.

Atentamente,
Departamento de Cobranzas",2026-05-15 12:07:13,1,Fake Invoice / Malware Attachment,0.93,"[""Extensión de archivo adjunto peligrosa (.exe, .zip, .js)"", ""Amenaza de acciones legales o judiciales"", ""Remitente desconocido exigiendo pago""]"
366,elena.castro@empresa.edu.ec,luis.martinez@mail.com,Factura de servicio #216 de Diciembre,"Estimado/a Luis Martinez,

Gracias por registrarse al taller sobre JavaScript Moderno ES6+. Adjuntamos la agenda y los recursos de lectura previos.

Nos vemos pronto,
Comité Organizador",2025-12-14 00:33:16,0,Ninguno (Legítimo),0.112,[]
367,ana.mendoza@techcorp.com,roberto.morales@empresa.com,Confirmación de registro al evento Migración a la Nube,"Hola Roberto Morales,

Adjunto el informe correspondiente a la reunión de seguimiento del proyecto Migración a la Nube. Por favor revisa los puntos acordados para la próxima entrega.

Saludos cordiales,
Ana Mendoza",2026-07-11 13:49:18,0,Ninguno (Legítimo),0.069,[]
368,soporte@banc0-verificacion-segura.com,elena.rodriguez@techcorp.com,Solicitud urgente de transferencia de fondos - Confidencial,"Hola Elena Rodriguez,

Me encuentro en una reunión ejecutiva sin acceso a llamadas. Necesito que proceses con urgencia una transferencia bancaria para la adquisición de licencias internacionales.

Por favor confirma si puedes hacer el pago ahora mismo y te envío los datos de la cuenta de destino. Mantén esto de forma confidencial.

Saludos,
Dirección General",2026-04-17 18:30:51,1,Spear Phishing / CEO Fraud,0.865,"[""Suplantación de identidad ejecutiva (CEO Fraud)"", ""Petición de transferencia o pago urgente"", ""Solicitud de mantener secreto/confidencialidad"", ""Remitente spoofed o de correo gratuito""]"
369,camila.torres@empresa.com,camila.perez@logisticaexpress.com,Informe mensual de rendimiento de la plataforma,"Hola equipo,

Les recordamos que este fin de semana realizaremos un mantenimiento preventivo en Servidor Node.js. El servicio no estará disponible entre las 02:00 y las 04:00 AM.

Gracias por su comprensión.",2025-09-04 06:08:09,0,Ninguno (Legítimo),0.097,[]
370,lucia.gomez@techcorp.com,elena.lopez@bancorivera.com,Reunión de seguimiento - Proyecto Integración API REST,"Hola Elena Lopez,

Adjunto el informe correspondiente a la reunión de seguimiento del proyecto Integración API REST. Por favor revisa los puntos acordados para la próxima entrega.

Saludos cordiales,
Lucia Gomez",2025-12-16 09:46:51,0,Ninguno (Legítimo),0.025,[]
371,ana.rodriguez@gobierno.gob.ec,elena.torres@mail.com,Confirmación de registro al evento Diseño UX/UI,"Hola equipo,

Les recordamos que este fin de semana realizaremos un mantenimiento preventivo en Servicio de Autenticación. El servicio no estará disponible entre las 02:00 y las 04:00 AM.

Gracias por su comprensión.",2025-11-22 18:21:14,0,Ninguno (Legítimo),0.076,[]
372,notificaciones-servipagos@verificate-ahora-login.org,valentina.morales@logisticaexpress.com,Solicitud urgente de transferencia de fondos - Confidencial,"Hola Valentina Morales,

Me encuentro en una reunión ejecutiva sin acceso a llamadas. Necesito que proceses con urgencia una transferencia bancaria para la adquisición de licencias internacionales.

Por favor confirma si puedes hacer el pago ahora mismo y te envío los datos de la cuenta de destino. Mantén esto de forma confidencial.

Saludos,
Dirección General",2026-01-19 19:59:10,1,Spear Phishing / CEO Fraud,0.946,"[""Suplantación de identidad ejecutiva (CEO Fraud)"", ""Petición de transferencia o pago urgente"", ""Solicitud de mantener secreto/confidencialidad"", ""Remitente spoofed o de correo gratuito""]"
373,fernando.morales@mail.com,sofia.fernandez@mail.com,Recordatorio: Mantenimiento programado de Servicio de Autenticación,"Hola Sofia Fernandez,

¿Tendrás un espacio hoy para revisar las dudas sobre el módulo Arquitectura Cliente-Servidor? Quedo atento a tus comentarios.

Saludos,
Fernando Morales",2025-10-16 01:36:34,0,Ninguno (Legítimo),0.043,[]
374,soporte@techcorp-admin-portal.tk,maria.gomez@servicio-cliente.com,URGENTE: Suspención temporal de su cuenta bancaria por actividad sospechosa,"Estimado cliente,

Hemos detectado un intento de acceso no autorizado a su cuenta desde una dirección IP desconocida. Por su seguridad, hemos restringido temporalmente sus operaciones.

Para desbloquear su cuenta inmediatamente, ingrese a nuestro portal de verificación segura en el siguiente enlace:
http://techcorp-admin-portal.tk/login-verificacion?id=37175

Si no verifica sus datos en las próximas 24 horas, su cuenta será bloqueada permanentemente.

Atentamente,
Departamento de Seguridad Bancaria",2025-12-09 08:03:27,1,Credential Harvesting,0.897,"[""Urgencia extrema o amenaza de bloqueo"", ""Enlace a dominio no oficial"", ""Saludo genérico (Estimado cliente)"", ""Uso de protocolo HTTP no seguro""]"
375,sofia.martinez@empresa.edu.ec,carlos.vargas@logisticaexpress.com,Invitación: Taller sobre WCAG 2.2 y ARIA,"Hola equipo,

Les recordamos que este fin de semana realizaremos un mantenimiento preventivo en API REST. El servicio no estará disponible entre las 02:00 y las 04:00 AM.

Gracias por su comprensión.",2026-07-24 15:43:51,0,Ninguno (Legítimo),0.058,[]
376,gabriel.vargas@servicio-cliente.com,elena.perez@mail.com,Informe mensual de rendimiento de la plataforma,"Estimado/a Elena Perez,

Gracias por registrarse al taller sobre CSS Responsivo. Adjuntamos la agenda y los recursos de lectura previos.

Nos vemos pronto,
Comité Organizador",2026-07-13 09:03:36,0,Ninguno (Legítimo),0.135,[]
377,sofia.ramirez@mail.com,valentina.castro@bancorivera.com,Minuta de la reunión de planificación del sprint #648,"Estimado/a Valentina Castro,

Le confirmamos que hemos procesado la factura #648. Puede consultar el detalle en su panel de usuario de nuestra plataforma.

Atentamente,
Equipo de Contabilidad",2026-02-20 00:50:16,0,Ninguno (Legítimo),0.049,[]
378,notificaciones-logisticaexpress@verificate-ahora-login.org,elena.ramirez@empresa.com,Solicitud urgente de transferencia de fondos - Confidencial,"Hola Elena Ramirez,

Me encuentro en una reunión ejecutiva sin acceso a llamadas. Necesito que proceses con urgencia una transferencia bancaria para la adquisición de licencias internacionales.

Por favor confirma si puedes hacer el pago ahora mismo y te envío los datos de la cuenta de destino. Mantén esto de forma confidencial.

Saludos,
Dirección General",2026-03-13 06:48:38,1,Spear Phishing / CEO Fraud,0.833,"[""Suplantación de identidad ejecutiva (CEO Fraud)"", ""Petición de transferencia o pago urgente"", ""Solicitud de mantener secreto/confidencialidad"", ""Remitente spoofed o de correo gratuito""]"
379,notificaciones-globalnet@seguridad-cuenta-alert.online,camila.perez@mail.com,Factura vencida #49666 - Notificación final de cobro judicial,"Estimado/a Camila Perez,

Adjunto enviamos la factura vencida #49666 correspondiente al último periodo de facturación. Si el pago no se registra hoy, iniciaremos el proceso de cobro judicial.

Descargue y revise el archivo adjunto 'Factura_Vencida_49666.exe' o 'Factura_Detalle.zip' para cancelar el saldo.

Atentamente,
Departamento de Cobranzas",2026-03-31 11:09:36,1,Fake Invoice / Malware Attachment,0.899,"[""Extensión de archivo adjunto peligrosa (.exe, .zip, .js)"", ""Amenaza de acciones legales o judiciales"", ""Remitente desconocido exigiendo pago""]"
380,camila.morales@techcorp.com,luis.torres@bancorivera.com,Resumen semanal de actividades del equipo Ciberseguridad,"Hola Luis Torres,

Adjunto el informe correspondiente a la reunión de seguimiento del proyecto Diseño UX/UI. Por favor revisa los puntos acordados para la próxima entrega.

Saludos cordiales,
Camila Morales",2025-09-20 15:21:29,0,Ninguno (Legítimo),0.125,[]
381,andres.fernandez@empresa.edu.ec,diego.castro@bancorivera.com,Reunión de seguimiento - Proyecto Plataforma Web,"Hola Diego Castro,

Adjunto el informe correspondiente a la reunión de seguimiento del proyecto Plataforma Web. Por favor revisa los puntos acordados para la próxima entrega.

Saludos cordiales,
Andres Fernandez",2026-08-13 12:49:55,0,Ninguno (Legítimo),0.024,[]
382,gabriel.perez@logisticaexpress.com,sofia.vargas@logisticaexpress.com,Invitación: Taller sobre JavaScript Moderno ES6+,"Estimado/a Sofia Vargas,

Le confirmamos que hemos procesado la factura #383. Puede consultar el detalle en su panel de usuario de nuestra plataforma.

Atentamente,
Equipo de Contabilidad",2026-02-07 08:49:06,0,Ninguno (Legítimo),0.032,[]
383,notificaciones-techcorp@soporte-urgente-banco.xyz,maria.perez@mail.com,Su contraseña de correo expira hoy - Conserve su acceso,"Estimado usuario de TechCorp,

Su contraseña expirará en 2 horas. Para mantener su contraseña actual y no perder el acceso a sus correos institucionales, valide sus credenciales en el portal interno:

https://soporte-urgente-banco.xyz/portal/reset-password

Soporte IT / TI",2026-07-17 04:22:31,1,Password Reset / Tech Support Scam,0.941,"[""Falsa expiración inminente de contraseña"", ""Portal de contraseña en dominio externo"", ""Sin personalización del nombre del usuario""]"
384,andres.gomez@techcorp.com,sofia.ramirez@mail.com,Reunión de seguimiento - Proyecto Plataforma Web,"Estimado/a Sofia Ramirez,

Gracias por registrarse al taller sobre HTML5 Semántico. Adjuntamos la agenda y los recursos de lectura previos.

Nos vemos pronto,
Comité Organizador",2025-11-27 10:35:37,0,Ninguno (Legítimo),0.065,[]
385,sofia.sanchez@logisticaexpress.com,andres.ramirez@mail.com,Minuta de la reunión de planificación del sprint #180,"Estimado/a Andres Ramirez,

Gracias por registrarse al taller sobre WCAG 2.2 y ARIA. Adjuntamos la agenda y los recursos de lectura previos.

Nos vemos pronto,
Comité Organizador",2026-07-02 06:55:05,0,Ninguno (Legítimo),0.024,[]
386,notificaciones-logisticaexpress@seguridad-cuenta-alert.online,camila.perez@logisticaexpress.com,Solicitud urgente de transferencia de fondos - Confidencial,"Hola Camila Perez,

Me encuentro en una reunión ejecutiva sin acceso a llamadas. Necesito que proceses con urgencia una transferencia bancaria para la adquisición de licencias internacionales.

Por favor confirma si puedes hacer el pago ahora mismo y te envío los datos de la cuenta de destino. Mantén esto de forma confidencial.

Saludos,
Dirección General",2026-07-28 00:56:40,1,Spear Phishing / CEO Fraud,0.847,"[""Suplantación de identidad ejecutiva (CEO Fraud)"", ""Petición de transferencia o pago urgente"", ""Solicitud de mantener secreto/confidencialidad"", ""Remitente spoofed o de correo gratuito""]"
387,carlos.rodriguez@servicio-cliente.com,gabriel.torres@servicio-cliente.com,Factura de servicio #459 de Junio,"Hola Gabriel Torres,

¿Tendrás un espacio hoy para revisar las dudas sobre el módulo Arquitectura Cliente-Servidor? Quedo atento a tus comentarios.

Saludos,
Carlos Rodriguez",2026-08-07 20:01:36,0,Ninguno (Legítimo),0.09,[]
388,sofia.morales@servicio-cliente.com,gabriel.morales@empresa.edu.ec,Consulta sobre la entrega del módulo CSS Responsivo,"Estimado/a Gabriel Morales,

Gracias por registrarse al taller sobre CSS Responsivo. Adjuntamos la agenda y los recursos de lectura previos.

Nos vemos pronto,
Comité Organizador",2026-03-27 11:53:42,0,Ninguno (Legítimo),0.064,[]
389,gabriel.morales@logisticaexpress.com,valentina.mendoza@empresa.com,Recordatorio: Mantenimiento programado de Servicio de Autenticación,"Hola Valentina Mendoza,

¿Tendrás un espacio hoy para revisar las dudas sobre el módulo WCAG 2.2 y ARIA? Quedo atento a tus comentarios.

Saludos,
Gabriel Morales",2026-08-23 05:30:59,0,Ninguno (Legítimo),0.075,[]
390,maria.vargas@empresa.com,sofia.fernandez@empresa.edu.ec,Confirmación de registro al evento Plataforma Web,"Hola Sofia Fernandez,

Adjunto el informe correspondiente a la reunión de seguimiento del proyecto Plataforma Web. Por favor revisa los puntos acordados para la próxima entrega.

Saludos cordiales,
Maria Vargas",2026-04-16 14:24:51,0,Ninguno (Legítimo),0.116,[]
391,diego.perez@mail.com,sofia.fernandez@servicio-cliente.com,Invitación: Taller sobre Arquitectura Cliente-Servidor,"Hola Sofia Fernandez,

Adjunto el informe correspondiente a la reunión de seguimiento del proyecto Auditoría de Seguridad. Por favor revisa los puntos acordados para la próxima entrega.

Saludos cordiales,
Diego Perez",2026-04-21 03:20:32,0,Ninguno (Legítimo),0.096,[]
392,carlos.castro@mail.com,ana.sanchez@bancorivera.com,Factura de servicio #981 de Diciembre,"Hola Ana Sanchez,

¿Tendrás un espacio hoy para revisar las dudas sobre el módulo HTML5 Semántico? Quedo atento a tus comentarios.

Saludos,
Carlos Castro",2025-11-05 18:42:39,0,Ninguno (Legítimo),0.065,[]
393,notificaciones-globalnet@logistica-express-rastreo.info,roberto.fernandez@logisticaexpress.com,Solicitud urgente de transferencia de fondos - Confidencial,"Hola Roberto Fernandez,

Me encuentro en una reunión ejecutiva sin acceso a llamadas. Necesito que proceses con urgencia una transferencia bancaria para la adquisición de licencias internacionales.

Por favor confirma si puedes hacer el pago ahora mismo y te envío los datos de la cuenta de destino. Mantén esto de forma confidencial.

Saludos,
Dirección General",2026-03-15 22:46:59,1,Spear Phishing / CEO Fraud,0.923,"[""Suplantación de identidad ejecutiva (CEO Fraud)"", ""Petición de transferencia o pago urgente"", ""Solicitud de mantener secreto/confidencialidad"", ""Remitente spoofed o de correo gratuito""]"
394,jorge.gomez@empresa.edu.ec,sofia.rios@techcorp.com,Reunión de seguimiento - Proyecto Diseño UX/UI,"Estimado/a Sofia Rios,

Gracias por registrarse al taller sobre Arquitectura Cliente-Servidor. Adjuntamos la agenda y los recursos de lectura previos.

Nos vemos pronto,
Comité Organizador",2026-04-02 13:37:00,0,Ninguno (Legítimo),0.13,[]
395,andres.morales@empresa.com,valentina.ramirez@techcorp.com,Minuta de la reunión de planificación del sprint #939,"Estimado/a Valentina Ramirez,

Gracias por registrarse al taller sobre Arquitectura Cliente-Servidor. Adjuntamos la agenda y los recursos de lectura previos.

Nos vemos pronto,
Comité Organizador",2026-08-24 06:00:23,0,Ninguno (Legítimo),0.095,[]
396,ana.gomez@servicio-cliente.com,fernando.fernandez@mail.com,Confirmación de registro al evento Integración API REST,"Hola Fernando Fernandez,

¿Tendrás un espacio hoy para revisar las dudas sobre el módulo Arquitectura Cliente-Servidor? Quedo atento a tus comentarios.

Saludos,
Ana Gomez",2026-09-10 16:37:11,0,Ninguno (Legítimo),0.148,[]
397,patricia.torres@empresa.edu.ec,luis.morales@empresa.edu.ec,Minuta de la reunión de planificación del sprint #917,"Hola Luis Morales,

Adjunto el informe correspondiente a la reunión de seguimiento del proyecto Integración API REST. Por favor revisa los puntos acordados para la próxima entrega.

Saludos cordiales,
Patricia Torres",2026-01-23 00:55:40,0,Ninguno (Legítimo),0.076,[]
398,sofia.martinez@techcorp.com,gabriel.fernandez@mail.com,Reunión de seguimiento - Proyecto Integración API REST,"Estimado/a Gabriel Fernandez,

Gracias por registrarse al taller sobre JavaScript Moderno ES6+. Adjuntamos la agenda y los recursos de lectura previos.

Nos vemos pronto,
Comité Organizador",2026-04-30 04:53:50,0,Ninguno (Legítimo),0.091,[]
399,luis.lopez@empresa.edu.ec,carlos.martinez@servicio-cliente.com,Invitación: Taller sobre WCAG 2.2 y ARIA,"Hola Carlos Martinez,

Adjunto el informe correspondiente a la reunión de seguimiento del proyecto Migración a la Nube. Por favor revisa los puntos acordados para la próxima entrega.

Saludos cordiales,
Luis Lopez",2026-08-03 18:37:20,0,Ninguno (Legítimo),0.114,[]
400,fernando.mendoza@logisticaexpress.com,andres.sanchez@techcorp.com,Informe mensual de rendimiento de la plataforma,"Hola Andres Sanchez,

¿Tendrás un espacio hoy para revisar las dudas sobre el módulo HTML5 Semántico? Quedo atento a tus comentarios.

Saludos,
Fernando Mendoza",2026-06-30 13:30:09,0,Ninguno (Legítimo),0.141,[]
401,soporte@actualiza-credenciales-pagos.net,roberto.perez@servicio-cliente.com,Solicitud urgente de transferencia de fondos - Confidencial,"Hola Roberto Perez,

Me encuentro en una reunión ejecutiva sin acceso a llamadas. Necesito que proceses con urgencia una transferencia bancaria para la adquisición de licencias internacionales.

Por favor confirma si puedes hacer el pago ahora mismo y te envío los datos de la cuenta de destino. Mantén esto de forma confidencial.

Saludos,
Dirección General",2026-05-12 23:02:05,1,Spear Phishing / CEO Fraud,0.825,"[""Suplantación de identidad ejecutiva (CEO Fraud)"", ""Petición de transferencia o pago urgente"", ""Solicitud de mantener secreto/confidencialidad"", ""Remitente spoofed o de correo gratuito""]"
402,sofia.torres@logisticaexpress.com,andres.fernandez@servicio-cliente.com,Consulta sobre la entrega del módulo Arquitectura Cliente-Servidor,"Estimado/a Andres Fernandez,

Gracias por registrarse al taller sobre Arquitectura Cliente-Servidor. Adjuntamos la agenda y los recursos de lectura previos.

Nos vemos pronto,
Comité Organizador",2025-09-27 14:06:07,0,Ninguno (Legítimo),0.012,[]
403,maria.morales@mail.com,gabriel.morales@bancorivera.com,Consulta sobre la entrega del módulo JavaScript Moderno ES6+,"Hola equipo,

Les recordamos que este fin de semana realizaremos un mantenimiento preventivo en API REST. El servicio no estará disponible entre las 02:00 y las 04:00 AM.

Gracias por su comprensión.",2026-04-18 21:54:30,0,Ninguno (Legítimo),0.102,[]
404,elena.sanchez@bancorivera.com,diego.morales@mail.com,Reunión de seguimiento - Proyecto Plataforma Web,"Hola Diego Morales,

Adjunto el informe correspondiente a la reunión de seguimiento del proyecto Plataforma Web. Por favor revisa los puntos acordados para la próxima entrega.

Saludos cordiales,
Elena Sanchez",2026-08-12 16:48:12,0,Ninguno (Legítimo),0.106,[]
405,carlos.ramirez@empresa.edu.ec,fernando.perez@bancorivera.com,Reunión de seguimiento - Proyecto Migración a la Nube,"Hola Fernando Perez,

¿Tendrás un espacio hoy para revisar las dudas sobre el módulo WCAG 2.2 y ARIA? Quedo atento a tus comentarios.

Saludos,
Carlos Ramirez",2026-09-07 18:18:52,0,Ninguno (Legítimo),0.028,[]
406,fernando.martinez@servicio-cliente.com,elena.rodriguez@techcorp.com,Factura de servicio #754 de Mayo,"Estimado/a Elena Rodriguez,

Le confirmamos que hemos procesado la factura #754. Puede consultar el detalle en su panel de usuario de nuestra plataforma.

Atentamente,
Equipo de Contabilidad",2026-07-30 04:36:35,0,Ninguno (Legítimo),0.119,[]
407,soporte@seguridad-cuenta-alert.online,roberto.sanchez@bancorivera.com,Notificación de entrega fallida - Su paquete #44690 requiere pago de arancel,"Estimado usuario,

Su paquete con número de rastreo #44690 no pudo ser entregado debido a una dirección incompleta y un saldo pendiente de arancel ($2.99 USD).

Actualice su dirección y realice el pago en el enlace oficial:
https://seguridad-cuenta-alert.online/rastreo/actualizar?track=44690

De no realizar el pago hoy, el paquete será devuelto al remitente.",2025-10-02 21:56:14,1,Package Delivery Scam,0.879,"[""Cobro pequeñito no esperado ($2.99)"", ""Dominio de rastreo falso"", ""Urgencia en la entrega del paquete""]"
408,maria.lopez@empresa.com,elena.vargas@servicio-cliente.com,Resumen semanal de actividades del equipo Desarrollo,"Hola Elena Vargas,

Adjunto el informe correspondiente a la reunión de seguimiento del proyecto Plataforma Web. Por favor revisa los puntos acordados para la próxima entrega.

Saludos cordiales,
Maria Lopez",2026-07-10 22:17:43,0,Ninguno (Legítimo),0.02,[]
409,ana.vargas@empresa.com,camila.lopez@bancorivera.com,Invitación: Taller sobre Arquitectura Cliente-Servidor,"Estimado/a Camila Lopez,

Gracias por registrarse al taller sobre Arquitectura Cliente-Servidor. Adjuntamos la agenda y los recursos de lectura previos.

Nos vemos pronto,
Comité Organizador",2026-04-17 08:40:59,0,Ninguno (Legítimo),0.077,[]
410,camila.rodriguez@mail.com,patricia.gomez@empresa.com,Confirmación de registro al evento Auditoría de Seguridad,"Hola Patricia Gomez,

¿Tendrás un espacio hoy para revisar las dudas sobre el módulo Arquitectura Cliente-Servidor? Quedo atento a tus comentarios.

Saludos,
Camila Rodriguez",2026-09-08 10:33:08,0,Ninguno (Legítimo),0.129,[]
411,roberto.vargas@logisticaexpress.com,diego.lopez@bancorivera.com,Invitación: Taller sobre HTML5 Semántico,"Estimado/a Diego Lopez,

Gracias por registrarse al taller sobre HTML5 Semántico. Adjuntamos la agenda y los recursos de lectura previos.

Nos vemos pronto,
Comité Organizador",2026-04-24 18:33:25,0,Ninguno (Legítimo),0.113,[]
412,soporte@seguridad-cuenta-alert.online,patricia.torres@empresa.com,URGENTE: Suspención temporal de su cuenta bancaria por actividad sospechosa,"Estimado cliente,

Hemos detectado un intento de acceso no autorizado a su cuenta desde una dirección IP desconocida. Por su seguridad, hemos restringido temporalmente sus operaciones.

Para desbloquear su cuenta inmediatamente, ingrese a nuestro portal de verificación segura en el siguiente enlace:
http://seguridad-cuenta-alert.online/login-verificacion?id=80851

Si no verifica sus datos en las próximas 24 horas, su cuenta será bloqueada permanentemente.

Atentamente,
Departamento de Seguridad Bancaria",2025-12-08 08:55:24,1,Credential Harvesting,0.985,"[""Urgencia extrema o amenaza de bloqueo"", ""Enlace a dominio no oficial"", ""Saludo genérico (Estimado cliente)"", ""Uso de protocolo HTTP no seguro""]"
413,ana.fernandez@empresa.edu.ec,gabriel.gomez@mail.com,Resumen semanal de actividades del equipo Recursos Humanos,"Hola Gabriel Gomez,

Adjunto el informe correspondiente a la reunión de seguimiento del proyecto Integración API REST. Por favor revisa los puntos acordados para la próxima entrega.

Saludos cordiales,
Ana Fernandez",2025-09-09 09:20:55,0,Ninguno (Legítimo),0.015,[]
414,soporte@techcorp-admin-portal.tk,camila.ramirez@bancorivera.com,Solicitud urgente de transferencia de fondos - Confidencial,"Hola Camila Ramirez,

Me encuentro en una reunión ejecutiva sin acceso a llamadas. Necesito que proceses con urgencia una transferencia bancaria para la adquisición de licencias internacionales.

Por favor confirma si puedes hacer el pago ahora mismo y te envío los datos de la cuenta de destino. Mantén esto de forma confidencial.

Saludos,
Dirección General",2026-08-01 08:41:38,1,Spear Phishing / CEO Fraud,0.888,"[""Suplantación de identidad ejecutiva (CEO Fraud)"", ""Petición de transferencia o pago urgente"", ""Solicitud de mantener secreto/confidencialidad"", ""Remitente spoofed o de correo gratuito""]"
415,maria.rodriguez@servicio-cliente.com,elena.rios@empresa.edu.ec,Solicitud de revisión de código - Pull Request #918,"Hola equipo,

Les recordamos que este fin de semana realizaremos un mantenimiento preventivo en Servidor Node.js. El servicio no estará disponible entre las 02:00 y las 04:00 AM.

Gracias por su comprensión.",2025-10-21 00:36:33,0,Ninguno (Legítimo),0.124,[]
416,gabriel.rios@logisticaexpress.com,gabriel.rodriguez@techcorp.com,Reunión de seguimiento - Proyecto Migración a la Nube,"Estimado/a Gabriel Rodriguez,

Le confirmamos que hemos procesado la factura #707. Puede consultar el detalle en su panel de usuario de nuestra plataforma.

Atentamente,
Equipo de Contabilidad",2026-08-14 22:38:12,0,Ninguno (Legítimo),0.116,[]
417,notificaciones-servipagos@banc0-verificacion-segura.com,elena.torres@logisticaexpress.com,Su contraseña de correo expira hoy - Conserve su acceso,"Estimado usuario de ServiPagos,

Su contraseña expirará en 2 horas. Para mantener su contraseña actual y no perder el acceso a sus correos institucionales, valide sus credenciales en el portal interno:

https://banc0-verificacion-segura.com/portal/reset-password

Soporte IT / TI",2026-03-10 04:08:56,1,Password Reset / Tech Support Scam,0.915,"[""Falsa expiración inminente de contraseña"", ""Portal de contraseña en dominio externo"", ""Sin personalización del nombre del usuario""]"
418,carlos.lopez@empresa.edu.ec,camila.rodriguez@bancorivera.com,Solicitud de revisión de código - Pull Request #390,"Hola equipo,

Les recordamos que este fin de semana realizaremos un mantenimiento preventivo en Base de Datos. El servicio no estará disponible entre las 02:00 y las 04:00 AM.

Gracias por su comprensión.",2025-11-20 08:34:08,0,Ninguno (Legítimo),0.083,[]
419,camila.ramirez@empresa.edu.ec,ana.ramirez@techcorp.com,Invitación: Taller sobre HTML5 Semántico,"Hola Ana Ramirez,

¿Tendrás un espacio hoy para revisar las dudas sobre el módulo HTML5 Semántico? Quedo atento a tus comentarios.

Saludos,
Camila Ramirez",2025-11-30 06:13:44,0,Ninguno (Legítimo),0.147,[]
420,fernando.gomez@logisticaexpress.com,patricia.torres@logisticaexpress.com,Factura de servicio #915 de Marzo,"Hola Patricia Torres,

Adjunto el informe correspondiente a la reunión de seguimiento del proyecto Migración a la Nube. Por favor revisa los puntos acordados para la próxima entrega.

Saludos cordiales,
Fernando Gomez",2026-06-05 02:28:44,0,Ninguno (Legítimo),0.018,[]
421,ana.rodriguez@bancorivera.com,fernando.sanchez@servicio-cliente.com,Minuta de la reunión de planificación del sprint #280,"Hola Fernando Sanchez,

Adjunto el informe correspondiente a la reunión de seguimiento del proyecto Migración a la Nube. Por favor revisa los puntos acordados para la próxima entrega.

Saludos cordiales,
Ana Rodriguez",2025-12-17 23:49:33,0,Ninguno (Legítimo),0.135,[]
422,gabriel.perez@empresa.edu.ec,gabriel.fernandez@logisticaexpress.com,Confirmación de registro al evento Plataforma Web,"Estimado/a Gabriel Fernandez,

Le confirmamos que hemos procesado la factura #333. Puede consultar el detalle en su panel de usuario de nuestra plataforma.

Atentamente,
Equipo de Contabilidad",2026-07-02 05:06:30,0,Ninguno (Legítimo),0.02,[]
423,elena.fernandez@mail.com,jorge.perez@servicio-cliente.com,Recordatorio: Mantenimiento programado de API REST,"Estimado/a Jorge Perez,

Le confirmamos que hemos procesado la factura #568. Puede consultar el detalle en su panel de usuario de nuestra plataforma.

Atentamente,
Equipo de Contabilidad",2025-09-28 23:52:09,0,Ninguno (Legítimo),0.014,[]
424,andres.fernandez@techcorp.com,maria.rios@servicio-cliente.com,Confirmación de registro al evento Auditoría de Seguridad,"Hola Maria Rios,

¿Tendrás un espacio hoy para revisar las dudas sobre el módulo WCAG 2.2 y ARIA? Quedo atento a tus comentarios.

Saludos,
Andres Fernandez",2026-01-22 12:58:11,0,Ninguno (Legítimo),0.146,[]
425,camila.rios@servicio-cliente.com,camila.rios@logisticaexpress.com,Invitación: Taller sobre CSS Responsivo,"Hola Camila Rios,

¿Tendrás un espacio hoy para revisar las dudas sobre el módulo CSS Responsivo? Quedo atento a tus comentarios.

Saludos,
Camila Rios",2025-10-15 22:59:21,0,Ninguno (Legítimo),0.041,[]
426,ana.torres@bancorivera.com,carlos.fernandez@bancorivera.com,Consulta sobre la entrega del módulo Arquitectura Cliente-Servidor,"Estimado/a Carlos Fernandez,

Le confirmamos que hemos procesado la factura #643. Puede consultar el detalle en su panel de usuario de nuestra plataforma.

Atentamente,
Equipo de Contabilidad",2025-11-17 04:53:16,0,Ninguno (Legítimo),0.022,[]
427,sofia.perez@empresa.edu.ec,diego.lopez@mail.com,Reunión de seguimiento - Proyecto Auditoría de Seguridad,"Hola Diego Lopez,

¿Tendrás un espacio hoy para revisar las dudas sobre el módulo CSS Responsivo? Quedo atento a tus comentarios.

Saludos,
Sofia Perez",2026-08-21 22:48:16,0,Ninguno (Legítimo),0.013,[]
428,andres.castro@bancorivera.com,elena.mendoza@mail.com,Factura de servicio #494 de Julio,"Hola equipo,

Les recordamos que este fin de semana realizaremos un mantenimiento preventivo en Servidor Node.js. El servicio no estará disponible entre las 02:00 y las 04:00 AM.

Gracias por su comprensión.",2025-11-10 22:45:31,0,Ninguno (Legítimo),0.108,[]
429,ana.morales@mail.com,luis.ramirez@mail.com,Reunión de seguimiento - Proyecto Diseño UX/UI,"Hola equipo,

Les recordamos que este fin de semana realizaremos un mantenimiento preventivo en Servicio de Autenticación. El servicio no estará disponible entre las 02:00 y las 04:00 AM.

Gracias por su comprensión.",2026-06-22 15:32:31,0,Ninguno (Legítimo),0.061,[]
430,patricia.morales@empresa.edu.ec,diego.lopez@mail.com,Informe mensual de rendimiento de la plataforma,"Hola equipo,

Les recordamos que este fin de semana realizaremos un mantenimiento preventivo en Base de Datos. El servicio no estará disponible entre las 02:00 y las 04:00 AM.

Gracias por su comprensión.",2026-08-27 10:26:22,0,Ninguno (Legítimo),0.08,[]
431,camila.morales@empresa.edu.ec,lucia.sanchez@servicio-cliente.com,Informe mensual de rendimiento de la plataforma,"Hola equipo,

Les recordamos que este fin de semana realizaremos un mantenimiento preventivo en API REST. El servicio no estará disponible entre las 02:00 y las 04:00 AM.

Gracias por su comprensión.",2025-09-28 10:18:25,0,Ninguno (Legítimo),0.122,[]
432,roberto.lopez@gobierno.gob.ec,andres.rodriguez@empresa.edu.ec,Factura de servicio #211 de Agosto,"Estimado/a Andres Rodriguez,

Le confirmamos que hemos procesado la factura #211. Puede consultar el detalle en su panel de usuario de nuestra plataforma.

Atentamente,
Equipo de Contabilidad",2025-10-04 14:51:27,0,Ninguno (Legítimo),0.132,[]
433,camila.sanchez@empresa.com,sofia.fernandez@techcorp.com,Informe mensual de rendimiento de la plataforma,"Estimado/a Sofia Fernandez,

Le confirmamos que hemos procesado la factura #855. Puede consultar el detalle en su panel de usuario de nuestra plataforma.

Atentamente,
Equipo de Contabilidad",2026-07-19 08:49:34,0,Ninguno (Legítimo),0.127,[]
434,camila.ramirez@servicio-cliente.com,gabriel.vargas@mail.com,Informe mensual de rendimiento de la plataforma,"Estimado/a Gabriel Vargas,

Le confirmamos que hemos procesado la factura #411. Puede consultar el detalle en su panel de usuario de nuestra plataforma.

Atentamente,
Equipo de Contabilidad",2026-02-19 22:59:21,0,Ninguno (Legítimo),0.078,[]
435,elena.ramirez@techcorp.com,lucia.martinez@servicio-cliente.com,Minuta de la reunión de planificación del sprint #392,"Hola Lucia Martinez,

Adjunto el informe correspondiente a la reunión de seguimiento del proyecto Migración a la Nube. Por favor revisa los puntos acordados para la próxima entrega.

Saludos cordiales,
Elena Ramirez",2025-09-25 13:24:03,0,Ninguno (Legítimo),0.016,[]
436,notificaciones-cloudservices@verificate-ahora-login.org,fernando.sanchez@techcorp.com,Solicitud urgente de transferencia de fondos - Confidencial,"Hola Fernando Sanchez,

Me encuentro en una reunión ejecutiva sin acceso a llamadas. Necesito que proceses con urgencia una transferencia bancaria para la adquisición de licencias internacionales.

Por favor confirma si puedes hacer el pago ahora mismo y te envío los datos de la cuenta de destino. Mantén esto de forma confidencial.

Saludos,
Dirección General",2025-11-05 00:03:08,1,Spear Phishing / CEO Fraud,0.805,"[""Suplantación de identidad ejecutiva (CEO Fraud)"", ""Petición de transferencia o pago urgente"", ""Solicitud de mantener secreto/confidencialidad"", ""Remitente spoofed o de correo gratuito""]"
437,roberto.torres@techcorp.com,sofia.rodriguez@bancorivera.com,Informe mensual de rendimiento de la plataforma,"Hola equipo,

Les recordamos que este fin de semana realizaremos un mantenimiento preventivo en API REST. El servicio no estará disponible entre las 02:00 y las 04:00 AM.

Gracias por su comprensión.",2025-11-24 03:25:45,0,Ninguno (Legítimo),0.146,[]
438,camila.gomez@techcorp.com,andres.sanchez@empresa.edu.ec,Minuta de la reunión de planificación del sprint #219,"Estimado/a Andres Sanchez,

Gracias por registrarse al taller sobre HTML5 Semántico. Adjuntamos la agenda y los recursos de lectura previos.

Nos vemos pronto,
Comité Organizador",2026-06-21 13:21:18,0,Ninguno (Legítimo),0.06,[]
439,fernando.perez@bancorivera.com,diego.ramirez@logisticaexpress.com,Factura de servicio #651 de Agosto,"Hola equipo,

Les recordamos que este fin de semana realizaremos un mantenimiento preventivo en Servicio de Autenticación. El servicio no estará disponible entre las 02:00 y las 04:00 AM.

Gracias por su comprensión.",2026-07-10 07:20:58,0,Ninguno (Legítimo),0.094,[]
440,lucia.fernandez@mail.com,roberto.lopez@empresa.com,Reunión de seguimiento - Proyecto Auditoría de Seguridad,"Hola Roberto Lopez,

Adjunto el informe correspondiente a la reunión de seguimiento del proyecto Auditoría de Seguridad. Por favor revisa los puntos acordados para la próxima entrega.

Saludos cordiales,
Lucia Fernandez",2025-09-29 21:08:45,0,Ninguno (Legítimo),0.04,[]
441,valentina.castro@empresa.com,andres.martinez@techcorp.com,Recordatorio: Mantenimiento programado de Servidor Node.js,"Hola equipo,

Les recordamos que este fin de semana realizaremos un mantenimiento preventivo en Servidor Node.js. El servicio no estará disponible entre las 02:00 y las 04:00 AM.

Gracias por su comprensión.",2026-09-15 23:07:54,0,Ninguno (Legítimo),0.076,[]
442,valentina.vargas@gobierno.gob.ec,roberto.rodriguez@bancorivera.com,Consulta sobre la entrega del módulo Arquitectura Cliente-Servidor,"Estimado/a Roberto Rodriguez,

Gracias por registrarse al taller sobre Arquitectura Cliente-Servidor. Adjuntamos la agenda y los recursos de lectura previos.

Nos vemos pronto,
Comité Organizador",2026-02-19 10:24:25,0,Ninguno (Legítimo),0.051,[]
443,patricia.gomez@bancorivera.com,sofia.torres@servicio-cliente.com,Recordatorio: Mantenimiento programado de Servidor Node.js,"Estimado/a Sofia Torres,

Le confirmamos que hemos procesado la factura #368. Puede consultar el detalle en su panel de usuario de nuestra plataforma.

Atentamente,
Equipo de Contabilidad",2026-02-03 05:18:24,0,Ninguno (Legítimo),0.079,[]
444,camila.rodriguez@mail.com,maria.mendoza@gobierno.gob.ec,Solicitud de revisión de código - Pull Request #592,"Hola Maria Mendoza,

Adjunto el informe correspondiente a la reunión de seguimiento del proyecto Integración API REST. Por favor revisa los puntos acordados para la próxima entrega.

Saludos cordiales,
Camila Rodriguez",2026-01-04 09:02:08,0,Ninguno (Legítimo),0.062,[]
445,jorge.sanchez@servicio-cliente.com,elena.ramirez@bancorivera.com,Recordatorio: Mantenimiento programado de API REST,"Hola equipo,

Les recordamos que este fin de semana realizaremos un mantenimiento preventivo en API REST. El servicio no estará disponible entre las 02:00 y las 04:00 AM.

Gracias por su comprensión.",2025-09-09 17:26:58,0,Ninguno (Legítimo),0.017,[]
446,notificaciones-cloudservices@verificate-ahora-login.org,diego.mendoza@techcorp.com,URGENTE: Suspención temporal de su cuenta bancaria por actividad sospechosa,"Estimado cliente,

Hemos detectado un intento de acceso no autorizado a su cuenta desde una dirección IP desconocida. Por su seguridad, hemos restringido temporalmente sus operaciones.

Para desbloquear su cuenta inmediatamente, ingrese a nuestro portal de verificación segura en el siguiente enlace:
http://verificate-ahora-login.org/login-verificacion?id=31906

Si no verifica sus datos en las próximas 24 horas, su cuenta será bloqueada permanentemente.

Atentamente,
Departamento de Seguridad Bancaria",2026-07-25 10:47:49,1,Credential Harvesting,0.966,"[""Urgencia extrema o amenaza de bloqueo"", ""Enlace a dominio no oficial"", ""Saludo genérico (Estimado cliente)"", ""Uso de protocolo HTTP no seguro""]"
447,jorge.gomez@techcorp.com,lucia.rodriguez@mail.com,Minuta de la reunión de planificación del sprint #388,"Hola Lucia Rodriguez,

Adjunto el informe correspondiente a la reunión de seguimiento del proyecto Auditoría de Seguridad. Por favor revisa los puntos acordados para la próxima entrega.

Saludos cordiales,
Jorge Gomez",2026-02-02 17:53:00,0,Ninguno (Legítimo),0.041,[]
448,luis.rodriguez@techcorp.com,maria.fernandez@servicio-cliente.com,Reunión de seguimiento - Proyecto Auditoría de Seguridad,"Hola Maria Fernandez,

¿Tendrás un espacio hoy para revisar las dudas sobre el módulo JavaScript Moderno ES6+? Quedo atento a tus comentarios.

Saludos,
Luis Rodriguez",2025-12-07 04:20:24,0,Ninguno (Legítimo),0.083,[]
449,patricia.lopez@techcorp.com,carlos.castro@empresa.edu.ec,Resumen semanal de actividades del equipo Desarrollo,"Hola Carlos Castro,

Adjunto el informe correspondiente a la reunión de seguimiento del proyecto Migración a la Nube. Por favor revisa los puntos acordados para la próxima entrega.

Saludos cordiales,
Patricia Lopez",2025-11-28 19:05:35,0,Ninguno (Legítimo),0.021,[]
450,ana.torres@empresa.edu.ec,diego.rodriguez@bancorivera.com,Invitación: Taller sobre JavaScript Moderno ES6+,"Hola Diego Rodriguez,

¿Tendrás un espacio hoy para revisar las dudas sobre el módulo JavaScript Moderno ES6+? Quedo atento a tus comentarios.

Saludos,
Ana Torres",2026-04-09 09:32:52,0,Ninguno (Legítimo),0.039,[]
451,fernando.ramirez@mail.com,carlos.rodriguez@techcorp.com,Confirmación de registro al evento Integración API REST,"Hola Carlos Rodriguez,

Adjunto el informe correspondiente a la reunión de seguimiento del proyecto Integración API REST. Por favor revisa los puntos acordados para la próxima entrega.

Saludos cordiales,
Fernando Ramirez",2025-12-04 20:47:56,0,Ninguno (Legítimo),0.024,[]
452,sofia.lopez@bancorivera.com,diego.castro@logisticaexpress.com,Factura de servicio #319 de Marzo,"Estimado/a Diego Castro,

Gracias por registrarse al taller sobre Arquitectura Cliente-Servidor. Adjuntamos la agenda y los recursos de lectura previos.

Nos vemos pronto,
Comité Organizador",2025-09-09 03:15:15,0,Ninguno (Legítimo),0.104,[]
453,soporte@banc0-verificacion-segura.com,valentina.perez@logisticaexpress.com,Factura vencida #51193 - Notificación final de cobro judicial,"Estimado/a Valentina Perez,

Adjunto enviamos la factura vencida #51193 correspondiente al último periodo de facturación. Si el pago no se registra hoy, iniciaremos el proceso de cobro judicial.

Descargue y revise el archivo adjunto 'Factura_Vencida_51193.exe' o 'Factura_Detalle.zip' para cancelar el saldo.

Atentamente,
Departamento de Cobranzas",2026-03-01 21:49:16,1,Fake Invoice / Malware Attachment,0.937,"[""Extensión de archivo adjunto peligrosa (.exe, .zip, .js)"", ""Amenaza de acciones legales o judiciales"", ""Remitente desconocido exigiendo pago""]"
454,camila.rodriguez@empresa.com,ana.rodriguez@mail.com,Invitación: Taller sobre JavaScript Moderno ES6+,"Estimado/a Ana Rodriguez,

Gracias por registrarse al taller sobre JavaScript Moderno ES6+. Adjuntamos la agenda y los recursos de lectura previos.

Nos vemos pronto,
Comité Organizador",2026-03-04 18:29:44,0,Ninguno (Legítimo),0.051,[]
455,elena.gomez@servicio-cliente.com,camila.vargas@mail.com,Factura de servicio #505 de Marzo,"Estimado/a Camila Vargas,

Gracias por registrarse al taller sobre WCAG 2.2 y ARIA. Adjuntamos la agenda y los recursos de lectura previos.

Nos vemos pronto,
Comité Organizador",2025-12-06 10:32:03,0,Ninguno (Legítimo),0.066,[]
456,gabriel.perez@empresa.com,luis.sanchez@logisticaexpress.com,Factura de servicio #338 de Octubre,"Hola equipo,

Les recordamos que este fin de semana realizaremos un mantenimiento preventivo en API REST. El servicio no estará disponible entre las 02:00 y las 04:00 AM.

Gracias por su comprensión.",2025-10-23 14:08:34,0,Ninguno (Legítimo),0.116,[]
457,camila.morales@gobierno.gob.ec,camila.vargas@empresa.com,Recordatorio: Mantenimiento programado de Servidor Node.js,"Estimado/a Camila Vargas,

Gracias por registrarse al taller sobre HTML5 Semántico. Adjuntamos la agenda y los recursos de lectura previos.

Nos vemos pronto,
Comité Organizador",2026-03-24 20:57:54,0,Ninguno (Legítimo),0.042,[]
458,camila.vargas@bancorivera.com,ana.rios@empresa.edu.ec,Recordatorio: Mantenimiento programado de Base de Datos,"Hola Ana Rios,

¿Tendrás un espacio hoy para revisar las dudas sobre el módulo JavaScript Moderno ES6+? Quedo atento a tus comentarios.

Saludos,
Camila Vargas",2025-09-16 11:37:35,0,Ninguno (Legítimo),0.023,[]
459,notificaciones-logisticaexpress@logistica-express-rastreo.info,andres.perez@gobierno.gob.ec,Factura vencida #76164 - Notificación final de cobro judicial,"Estimado/a Andres Perez,

Adjunto enviamos la factura vencida #76164 correspondiente al último periodo de facturación. Si el pago no se registra hoy, iniciaremos el proceso de cobro judicial.

Descargue y revise el archivo adjunto 'Factura_Vencida_76164.exe' o 'Factura_Detalle.zip' para cancelar el saldo.

Atentamente,
Departamento de Cobranzas",2026-05-26 01:55:12,1,Fake Invoice / Malware Attachment,0.969,"[""Extensión de archivo adjunto peligrosa (.exe, .zip, .js)"", ""Amenaza de acciones legales o judiciales"", ""Remitente desconocido exigiendo pago""]"
460,andres.sanchez@empresa.com,valentina.rodriguez@empresa.com,Informe mensual de rendimiento de la plataforma,"Hola equipo,

Les recordamos que este fin de semana realizaremos un mantenimiento preventivo en Base de Datos. El servicio no estará disponible entre las 02:00 y las 04:00 AM.

Gracias por su comprensión.",2025-09-10 09:09:01,0,Ninguno (Legítimo),0.134,[]
461,notificaciones-megamarket@seguridad-cuenta-alert.online,sofia.castro@empresa.com,Factura vencida #24336 - Notificación final de cobro judicial,"Estimado/a Sofia Castro,

Adjunto enviamos la factura vencida #24336 correspondiente al último periodo de facturación. Si el pago no se registra hoy, iniciaremos el proceso de cobro judicial.

Descargue y revise el archivo adjunto 'Factura_Vencida_24336.exe' o 'Factura_Detalle.zip' para cancelar el saldo.

Atentamente,
Departamento de Cobranzas",2026-04-09 12:53:47,1,Fake Invoice / Malware Attachment,0.955,"[""Extensión de archivo adjunto peligrosa (.exe, .zip, .js)"", ""Amenaza de acciones legales o judiciales"", ""Remitente desconocido exigiendo pago""]"
462,roberto.martinez@servicio-cliente.com,elena.morales@bancorivera.com,Solicitud de revisión de código - Pull Request #486,"Hola Elena Morales,

Adjunto el informe correspondiente a la reunión de seguimiento del proyecto Integración API REST. Por favor revisa los puntos acordados para la próxima entrega.

Saludos cordiales,
Roberto Martinez",2026-05-03 04:28:15,0,Ninguno (Legítimo),0.093,[]
463,notificaciones-cloudservices@banc0-verificacion-segura.com,carlos.mendoza@mail.com,Factura vencida #66118 - Notificación final de cobro judicial,"Estimado/a Carlos Mendoza,

Adjunto enviamos la factura vencida #66118 correspondiente al último periodo de facturación. Si el pago no se registra hoy, iniciaremos el proceso de cobro judicial.

Descargue y revise el archivo adjunto 'Factura_Vencida_66118.exe' o 'Factura_Detalle.zip' para cancelar el saldo.

Atentamente,
Departamento de Cobranzas",2026-03-07 20:42:07,1,Fake Invoice / Malware Attachment,0.925,"[""Extensión de archivo adjunto peligrosa (.exe, .zip, .js)"", ""Amenaza de acciones legales o judiciales"", ""Remitente desconocido exigiendo pago""]"
464,soporte@banc0-verificacion-segura.com,patricia.vargas@gobierno.gob.ec,Su contraseña de correo expira hoy - Conserve su acceso,"Estimado usuario de LogisticaExpress,

Su contraseña expirará en 2 horas. Para mantener su contraseña actual y no perder el acceso a sus correos institucionales, valide sus credenciales en el portal interno:

https://banc0-verificacion-segura.com/portal/reset-password

Soporte IT / TI",2026-01-04 17:00:55,1,Password Reset / Tech Support Scam,0.845,"[""Falsa expiración inminente de contraseña"", ""Portal de contraseña en dominio externo"", ""Sin personalización del nombre del usuario""]"
465,fernando.gomez@servicio-cliente.com,valentina.ramirez@empresa.com,Solicitud de revisión de código - Pull Request #122,"Hola Valentina Ramirez,

Adjunto el informe correspondiente a la reunión de seguimiento del proyecto Auditoría de Seguridad. Por favor revisa los puntos acordados para la próxima entrega.

Saludos cordiales,
Fernando Gomez",2025-09-21 00:46:52,0,Ninguno (Legítimo),0.123,[]
466,notificaciones-cloudservices@verificate-ahora-login.org,gabriel.torres@mail.com,Solicitud urgente de transferencia de fondos - Confidencial,"Hola Gabriel Torres,

Me encuentro en una reunión ejecutiva sin acceso a llamadas. Necesito que proceses con urgencia una transferencia bancaria para la adquisición de licencias internacionales.

Por favor confirma si puedes hacer el pago ahora mismo y te envío los datos de la cuenta de destino. Mantén esto de forma confidencial.

Saludos,
Dirección General",2026-08-12 15:29:48,1,Spear Phishing / CEO Fraud,0.814,"[""Suplantación de identidad ejecutiva (CEO Fraud)"", ""Petición de transferencia o pago urgente"", ""Solicitud de mantener secreto/confidencialidad"", ""Remitente spoofed o de correo gratuito""]"
467,ana.martinez@empresa.com,diego.martinez@gobierno.gob.ec,Resumen semanal de actividades del equipo Recursos Humanos,"Hola equipo,

Les recordamos que este fin de semana realizaremos un mantenimiento preventivo en Servidor Node.js. El servicio no estará disponible entre las 02:00 y las 04:00 AM.

Gracias por su comprensión.",2025-10-10 03:30:32,0,Ninguno (Legítimo),0.019,[]
468,sofia.morales@gobierno.gob.ec,diego.sanchez@empresa.edu.ec,Consulta sobre la entrega del módulo JavaScript Moderno ES6+,"Hola equipo,

Les recordamos que este fin de semana realizaremos un mantenimiento preventivo en Base de Datos. El servicio no estará disponible entre las 02:00 y las 04:00 AM.

Gracias por su comprensión.",2026-05-02 23:33:01,0,Ninguno (Legítimo),0.097,[]
469,camila.perez@servicio-cliente.com,carlos.vargas@techcorp.com,Invitación: Taller sobre WCAG 2.2 y ARIA,"Hola Carlos Vargas,

Adjunto el informe correspondiente a la reunión de seguimiento del proyecto Integración API REST. Por favor revisa los puntos acordados para la próxima entrega.

Saludos cordiales,
Camila Perez",2026-06-08 14:34:31,0,Ninguno (Legítimo),0.083,[]
470,valentina.fernandez@mail.com,jorge.castro@gobierno.gob.ec,Factura de servicio #749 de Noviembre,"Estimado/a Jorge Castro,

Le confirmamos que hemos procesado la factura #749. Puede consultar el detalle en su panel de usuario de nuestra plataforma.

Atentamente,
Equipo de Contabilidad",2025-11-15 16:45:06,0,Ninguno (Legítimo),0.046,[]
471,carlos.perez@gobierno.gob.ec,maria.lopez@logisticaexpress.com,Informe mensual de rendimiento de la plataforma,"Estimado/a Maria Lopez,

Le confirmamos que hemos procesado la factura #597. Puede consultar el detalle en su panel de usuario de nuestra plataforma.

Atentamente,
Equipo de Contabilidad",2026-03-27 16:40:58,0,Ninguno (Legítimo),0.048,[]
472,notificaciones-banconacional@seguridad-cuenta-alert.online,elena.vargas@bancorivera.com,Factura vencida #12609 - Notificación final de cobro judicial,"Estimado/a Elena Vargas,

Adjunto enviamos la factura vencida #12609 correspondiente al último periodo de facturación. Si el pago no se registra hoy, iniciaremos el proceso de cobro judicial.

Descargue y revise el archivo adjunto 'Factura_Vencida_12609.exe' o 'Factura_Detalle.zip' para cancelar el saldo.

Atentamente,
Departamento de Cobranzas",2026-01-22 07:58:53,1,Fake Invoice / Malware Attachment,0.889,"[""Extensión de archivo adjunto peligrosa (.exe, .zip, .js)"", ""Amenaza de acciones legales o judiciales"", ""Remitente desconocido exigiendo pago""]"
473,roberto.rios@techcorp.com,lucia.vargas@empresa.edu.ec,Resumen semanal de actividades del equipo Recursos Humanos,"Hola Lucia Vargas,

¿Tendrás un espacio hoy para revisar las dudas sobre el módulo WCAG 2.2 y ARIA? Quedo atento a tus comentarios.

Saludos,
Roberto Rios",2025-10-03 22:49:07,0,Ninguno (Legítimo),0.143,[]
474,gabriel.sanchez@empresa.com,luis.perez@empresa.edu.ec,Resumen semanal de actividades del equipo Infraestructura,"Hola equipo,

Les recordamos que este fin de semana realizaremos un mantenimiento preventivo en Servidor Node.js. El servicio no estará disponible entre las 02:00 y las 04:00 AM.

Gracias por su comprensión.",2026-01-08 02:04:30,0,Ninguno (Legítimo),0.072,[]
475,soporte@soporte-urgente-banco.xyz,camila.morales@mail.com,URGENTE: Suspención temporal de su cuenta bancaria por actividad sospechosa,"Estimado cliente,

Hemos detectado un intento de acceso no autorizado a su cuenta desde una dirección IP desconocida. Por su seguridad, hemos restringido temporalmente sus operaciones.

Para desbloquear su cuenta inmediatamente, ingrese a nuestro portal de verificación segura en el siguiente enlace:
http://soporte-urgente-banco.xyz/login-verificacion?id=81531

Si no verifica sus datos en las próximas 24 horas, su cuenta será bloqueada permanentemente.

Atentamente,
Departamento de Seguridad Bancaria",2026-06-29 10:02:10,1,Credential Harvesting,0.884,"[""Urgencia extrema o amenaza de bloqueo"", ""Enlace a dominio no oficial"", ""Saludo genérico (Estimado cliente)"", ""Uso de protocolo HTTP no seguro""]"
476,notificaciones-banconacional@banc0-verificacion-segura.com,camila.castro@mail.com,Notificación de entrega fallida - Su paquete #94593 requiere pago de arancel,"Estimado usuario,

Su paquete con número de rastreo #94593 no pudo ser entregado debido a una dirección incompleta y un saldo pendiente de arancel ($2.99 USD).

Actualice su dirección y realice el pago en el enlace oficial:
https://banc0-verificacion-segura.com/rastreo/actualizar?track=94593

De no realizar el pago hoy, el paquete será devuelto al remitente.",2025-11-14 21:12:58,1,Package Delivery Scam,0.906,"[""Cobro pequeñito no esperado ($2.99)"", ""Dominio de rastreo falso"", ""Urgencia en la entrega del paquete""]"
477,sofia.vargas@mail.com,fernando.morales@empresa.com,Factura de servicio #647 de Julio,"Hola equipo,

Les recordamos que este fin de semana realizaremos un mantenimiento preventivo en Servicio de Autenticación. El servicio no estará disponible entre las 02:00 y las 04:00 AM.

Gracias por su comprensión.",2026-08-20 16:43:34,0,Ninguno (Legítimo),0.052,[]
478,andres.vargas@mail.com,diego.rios@techcorp.com,Consulta sobre la entrega del módulo JavaScript Moderno ES6+,"Estimado/a Diego Rios,

Gracias por registrarse al taller sobre JavaScript Moderno ES6+. Adjuntamos la agenda y los recursos de lectura previos.

Nos vemos pronto,
Comité Organizador",2025-12-30 18:49:43,0,Ninguno (Legítimo),0.14,[]
479,luis.sanchez@empresa.com,elena.castro@gobierno.gob.ec,Solicitud de revisión de código - Pull Request #846,"Estimado/a Elena Castro,

Le confirmamos que hemos procesado la factura #846. Puede consultar el detalle en su panel de usuario de nuestra plataforma.

Atentamente,
Equipo de Contabilidad",2026-04-05 11:39:19,0,Ninguno (Legítimo),0.098,[]
480,gabriel.ramirez@empresa.edu.ec,roberto.perez@gobierno.gob.ec,Factura de servicio #261 de Noviembre,"Estimado/a Roberto Perez,

Gracias por registrarse al taller sobre WCAG 2.2 y ARIA. Adjuntamos la agenda y los recursos de lectura previos.

Nos vemos pronto,
Comité Organizador",2025-11-09 08:06:43,0,Ninguno (Legítimo),0.121,[]
481,soporte@actualiza-credenciales-pagos.net,fernando.lopez@mail.com,Notificación de entrega fallida - Su paquete #21062 requiere pago de arancel,"Estimado usuario,

Su paquete con número de rastreo #21062 no pudo ser entregado debido a una dirección incompleta y un saldo pendiente de arancel ($2.99 USD).

Actualice su dirección y realice el pago en el enlace oficial:
https://actualiza-credenciales-pagos.net/rastreo/actualizar?track=21062

De no realizar el pago hoy, el paquete será devuelto al remitente.",2026-05-03 12:51:39,1,Package Delivery Scam,0.863,"[""Cobro pequeñito no esperado ($2.99)"", ""Dominio de rastreo falso"", ""Urgencia en la entrega del paquete""]"
482,luis.torres@logisticaexpress.com,carlos.gomez@logisticaexpress.com,Invitación: Taller sobre HTML5 Semántico,"Hola Carlos Gomez,

¿Tendrás un espacio hoy para revisar las dudas sobre el módulo HTML5 Semántico? Quedo atento a tus comentarios.

Saludos,
Luis Torres",2026-06-20 16:10:23,0,Ninguno (Legítimo),0.046,[]
483,soporte@seguridad-cuenta-alert.online,maria.gomez@empresa.com,Factura vencida #98291 - Notificación final de cobro judicial,"Estimado/a Maria Gomez,

Adjunto enviamos la factura vencida #98291 correspondiente al último periodo de facturación. Si el pago no se registra hoy, iniciaremos el proceso de cobro judicial.

Descargue y revise el archivo adjunto 'Factura_Vencida_98291.exe' o 'Factura_Detalle.zip' para cancelar el saldo.

Atentamente,
Departamento de Cobranzas",2026-03-08 14:11:38,1,Fake Invoice / Malware Attachment,0.958,"[""Extensión de archivo adjunto peligrosa (.exe, .zip, .js)"", ""Amenaza de acciones legales o judiciales"", ""Remitente desconocido exigiendo pago""]"
484,notificaciones-globalnet@seguridad-cuenta-alert.online,camila.fernandez@techcorp.com,Factura vencida #37080 - Notificación final de cobro judicial,"Estimado/a Camila Fernandez,

Adjunto enviamos la factura vencida #37080 correspondiente al último periodo de facturación. Si el pago no se registra hoy, iniciaremos el proceso de cobro judicial.

Descargue y revise el archivo adjunto 'Factura_Vencida_37080.exe' o 'Factura_Detalle.zip' para cancelar el saldo.

Atentamente,
Departamento de Cobranzas",2026-01-15 18:29:03,1,Fake Invoice / Malware Attachment,0.911,"[""Extensión de archivo adjunto peligrosa (.exe, .zip, .js)"", ""Amenaza de acciones legales o judiciales"", ""Remitente desconocido exigiendo pago""]"
485,carlos.martinez@gobierno.gob.ec,valentina.mendoza@techcorp.com,Resumen semanal de actividades del equipo Recursos Humanos,"Estimado/a Valentina Mendoza,

Gracias por registrarse al taller sobre CSS Responsivo. Adjuntamos la agenda y los recursos de lectura previos.

Nos vemos pronto,
Comité Organizador",2026-04-03 14:34:01,0,Ninguno (Legítimo),0.022,[]
486,valentina.castro@gobierno.gob.ec,diego.castro@empresa.com,Factura de servicio #197 de Abril,"Estimado/a Diego Castro,

Gracias por registrarse al taller sobre HTML5 Semántico. Adjuntamos la agenda y los recursos de lectura previos.

Nos vemos pronto,
Comité Organizador",2026-02-13 22:28:28,0,Ninguno (Legítimo),0.137,[]
487,roberto.martinez@empresa.com,ana.gomez@gobierno.gob.ec,Confirmación de registro al evento Integración API REST,"Hola Ana Gomez,

¿Tendrás un espacio hoy para revisar las dudas sobre el módulo HTML5 Semántico? Quedo atento a tus comentarios.

Saludos,
Roberto Martinez",2026-08-11 05:46:51,0,Ninguno (Legítimo),0.079,[]
488,jorge.martinez@empresa.edu.ec,luis.sanchez@empresa.com,Confirmación de registro al evento Migración a la Nube,"Hola equipo,

Les recordamos que este fin de semana realizaremos un mantenimiento preventivo en API REST. El servicio no estará disponible entre las 02:00 y las 04:00 AM.

Gracias por su comprensión.",2026-04-28 12:48:10,0,Ninguno (Legítimo),0.136,[]
489,notificaciones-techcorp@techcorp-admin-portal.tk,gabriel.fernandez@techcorp.com,Notificación de entrega fallida - Su paquete #74392 requiere pago de arancel,"Estimado usuario,

Su paquete con número de rastreo #74392 no pudo ser entregado debido a una dirección incompleta y un saldo pendiente de arancel ($2.99 USD).

Actualice su dirección y realice el pago en el enlace oficial:
https://techcorp-admin-portal.tk/rastreo/actualizar?track=74392

De no realizar el pago hoy, el paquete será devuelto al remitente.",2026-01-15 02:49:20,1,Package Delivery Scam,0.948,"[""Cobro pequeñito no esperado ($2.99)"", ""Dominio de rastreo falso"", ""Urgencia en la entrega del paquete""]"
490,patricia.lopez@bancorivera.com,diego.lopez@bancorivera.com,Informe mensual de rendimiento de la plataforma,"Hola Diego Lopez,

Adjunto el informe correspondiente a la reunión de seguimiento del proyecto Migración a la Nube. Por favor revisa los puntos acordados para la próxima entrega.

Saludos cordiales,
Patricia Lopez",2026-04-14 09:56:15,0,Ninguno (Legítimo),0.072,[]
491,jorge.rodriguez@mail.com,andres.torres@empresa.edu.ec,Factura de servicio #308 de Mayo,"Hola Andres Torres,

¿Tendrás un espacio hoy para revisar las dudas sobre el módulo CSS Responsivo? Quedo atento a tus comentarios.

Saludos,
Jorge Rodriguez",2026-06-16 01:39:56,0,Ninguno (Legítimo),0.135,[]
492,patricia.mendoza@servicio-cliente.com,elena.fernandez@empresa.edu.ec,Factura de servicio #436 de Junio,"Hola Elena Fernandez,

¿Tendrás un espacio hoy para revisar las dudas sobre el módulo JavaScript Moderno ES6+? Quedo atento a tus comentarios.

Saludos,
Patricia Mendoza",2026-06-26 08:09:00,0,Ninguno (Legítimo),0.14,[]
493,notificaciones-logisticaexpress@logistica-express-rastreo.info,carlos.rodriguez@servicio-cliente.com,Factura vencida #92359 - Notificación final de cobro judicial,"Estimado/a Carlos Rodriguez,

Adjunto enviamos la factura vencida #92359 correspondiente al último periodo de facturación. Si el pago no se registra hoy, iniciaremos el proceso de cobro judicial.

Descargue y revise el archivo adjunto 'Factura_Vencida_92359.exe' o 'Factura_Detalle.zip' para cancelar el saldo.

Atentamente,
Departamento de Cobranzas",2026-02-13 13:35:55,1,Fake Invoice / Malware Attachment,0.881,"[""Extensión de archivo adjunto peligrosa (.exe, .zip, .js)"", ""Amenaza de acciones legales o judiciales"", ""Remitente desconocido exigiendo pago""]"
494,diego.rios@bancorivera.com,andres.sanchez@techcorp.com,Invitación: Taller sobre HTML5 Semántico,"Hola equipo,

Les recordamos que este fin de semana realizaremos un mantenimiento preventivo en Servicio de Autenticación. El servicio no estará disponible entre las 02:00 y las 04:00 AM.

Gracias por su comprensión.",2026-08-03 06:39:34,0,Ninguno (Legítimo),0.035,[]
495,elena.fernandez@empresa.com,carlos.rios@logisticaexpress.com,Invitación: Taller sobre HTML5 Semántico,"Hola equipo,

Les recordamos que este fin de semana realizaremos un mantenimiento preventivo en API REST. El servicio no estará disponible entre las 02:00 y las 04:00 AM.

Gracias por su comprensión.",2026-03-24 11:14:50,0,Ninguno (Legítimo),0.137,[]
496,camila.torres@empresa.com,lucia.morales@logisticaexpress.com,Informe mensual de rendimiento de la plataforma,"Hola equipo,

Les recordamos que este fin de semana realizaremos un mantenimiento preventivo en Servicio de Autenticación. El servicio no estará disponible entre las 02:00 y las 04:00 AM.

Gracias por su comprensión.",2026-03-03 11:29:57,0,Ninguno (Legítimo),0.096,[]
497,andres.vargas@logisticaexpress.com,ana.morales@mail.com,Recordatorio: Mantenimiento programado de Servidor Node.js,"Estimado/a Ana Morales,

Gracias por registrarse al taller sobre WCAG 2.2 y ARIA. Adjuntamos la agenda y los recursos de lectura previos.

Nos vemos pronto,
Comité Organizador",2026-04-07 11:23:02,0,Ninguno (Legítimo),0.021,[]
498,patricia.morales@empresa.com,jorge.vargas@gobierno.gob.ec,Invitación: Taller sobre WCAG 2.2 y ARIA,"Hola Jorge Vargas,

Adjunto el informe correspondiente a la reunión de seguimiento del proyecto Plataforma Web. Por favor revisa los puntos acordados para la próxima entrega.

Saludos cordiales,
Patricia Morales",2026-02-01 13:24:38,0,Ninguno (Legítimo),0.081,[]
499,luis.mendoza@bancorivera.com,fernando.sanchez@gobierno.gob.ec,Factura de servicio #858 de Enero,"Hola Fernando Sanchez,

Adjunto el informe correspondiente a la reunión de seguimiento del proyecto Diseño UX/UI. Por favor revisa los puntos acordados para la próxima entrega.

Saludos cordiales,
Luis Mendoza",2026-04-27 04:41:51,0,Ninguno (Legítimo),0.068,[]
500,fernando.sanchez@techcorp.com,andres.mendoza@servicio-cliente.com,Resumen semanal de actividades del equipo Desarrollo,"Hola Andres Mendoza,

¿Tendrás un espacio hoy para revisar las dudas sobre el módulo WCAG 2.2 y ARIA? Quedo atento a tus comentarios.

Saludos,
Fernando Sanchez",2026-02-09 05:22:46,0,Ninguno (Legítimo),0.013,[]
501,camila.martinez@mail.com,camila.torres@empresa.com,Consulta sobre la entrega del módulo HTML5 Semántico,"Estimado/a Camila Torres,

Le confirmamos que hemos procesado la factura #923. Puede consultar el detalle en su panel de usuario de nuestra plataforma.

Atentamente,
Equipo de Contabilidad",2025-09-07 14:15:09,0,Ninguno (Legítimo),0.026,[]
502,soporte@logistica-express-rastreo.info,diego.torres@techcorp.com,Solicitud urgente de transferencia de fondos - Confidencial,"Hola Diego Torres,

Me encuentro en una reunión ejecutiva sin acceso a llamadas. Necesito que proceses con urgencia una transferencia bancaria para la adquisición de licencias internacionales.

Por favor confirma si puedes hacer el pago ahora mismo y te envío los datos de la cuenta de destino. Mantén esto de forma confidencial.

Saludos,
Dirección General",2025-12-06 08:58:34,1,Spear Phishing / CEO Fraud,0.911,"[""Suplantación de identidad ejecutiva (CEO Fraud)"", ""Petición de transferencia o pago urgente"", ""Solicitud de mantener secreto/confidencialidad"", ""Remitente spoofed o de correo gratuito""]"
503,notificaciones-banconacional@logistica-express-rastreo.info,maria.lopez@techcorp.com,Factura vencida #71799 - Notificación final de cobro judicial,"Estimado/a Maria Lopez,

Adjunto enviamos la factura vencida #71799 correspondiente al último periodo de facturación. Si el pago no se registra hoy, iniciaremos el proceso de cobro judicial.

Descargue y revise el archivo adjunto 'Factura_Vencida_71799.exe' o 'Factura_Detalle.zip' para cancelar el saldo.

Atentamente,
Departamento de Cobranzas",2026-04-05 08:47:39,1,Fake Invoice / Malware Attachment,0.944,"[""Extensión de archivo adjunto peligrosa (.exe, .zip, .js)"", ""Amenaza de acciones legales o judiciales"", ""Remitente desconocido exigiendo pago""]"
504,notificaciones-plataformaeducativa@techcorp-admin-portal.tk,ana.sanchez@bancorivera.com,URGENTE: Suspención temporal de su cuenta bancaria por actividad sospechosa,"Estimado cliente,

Hemos detectado un intento de acceso no autorizado a su cuenta desde una dirección IP desconocida. Por su seguridad, hemos restringido temporalmente sus operaciones.

Para desbloquear su cuenta inmediatamente, ingrese a nuestro portal de verificación segura en el siguiente enlace:
http://techcorp-admin-portal.tk/login-verificacion?id=66595

Si no verifica sus datos en las próximas 24 horas, su cuenta será bloqueada permanentemente.

Atentamente,
Departamento de Seguridad Bancaria",2026-06-19 22:15:45,1,Credential Harvesting,0.953,"[""Urgencia extrema o amenaza de bloqueo"", ""Enlace a dominio no oficial"", ""Saludo genérico (Estimado cliente)"", ""Uso de protocolo HTTP no seguro""]"
505,camila.morales@servicio-cliente.com,ana.torres@empresa.com,Resumen semanal de actividades del equipo Soporte Técnico,"Hola equipo,

Les recordamos que este fin de semana realizaremos un mantenimiento preventivo en Servidor Node.js. El servicio no estará disponible entre las 02:00 y las 04:00 AM.

Gracias por su comprensión.",2026-06-11 18:35:12,0,Ninguno (Legítimo),0.087,[]
506,notificaciones-megamarket@techcorp-admin-portal.tk,camila.rodriguez@servicio-cliente.com,Su contraseña de correo expira hoy - Conserve su acceso,"Estimado usuario de MegaMarket,

Su contraseña expirará en 2 horas. Para mantener su contraseña actual y no perder el acceso a sus correos institucionales, valide sus credenciales en el portal interno:

https://techcorp-admin-portal.tk/portal/reset-password

Soporte IT / TI",2026-07-29 23:11:15,1,Password Reset / Tech Support Scam,0.823,"[""Falsa expiración inminente de contraseña"", ""Portal de contraseña en dominio externo"", ""Sin personalización del nombre del usuario""]"
507,notificaciones-cloudservices@actualiza-credenciales-pagos.net,lucia.torres@logisticaexpress.com,Su contraseña de correo expira hoy - Conserve su acceso,"Estimado usuario de CloudServices,

Su contraseña expirará en 2 horas. Para mantener su contraseña actual y no perder el acceso a sus correos institucionales, valide sus credenciales en el portal interno:

https://actualiza-credenciales-pagos.net/portal/reset-password

Soporte IT / TI",2025-12-09 01:05:04,1,Password Reset / Tech Support Scam,0.948,"[""Falsa expiración inminente de contraseña"", ""Portal de contraseña en dominio externo"", ""Sin personalización del nombre del usuario""]"
508,valentina.rios@mail.com,sofia.castro@empresa.com,Informe mensual de rendimiento de la plataforma,"Hola Sofia Castro,

Adjunto el informe correspondiente a la reunión de seguimiento del proyecto Migración a la Nube. Por favor revisa los puntos acordados para la próxima entrega.

Saludos cordiales,
Valentina Rios",2026-04-28 12:46:31,0,Ninguno (Legítimo),0.103,[]
509,notificaciones-globalnet@soporte-urgente-banco.xyz,camila.rodriguez@empresa.com,Factura vencida #40765 - Notificación final de cobro judicial,"Estimado/a Camila Rodriguez,

Adjunto enviamos la factura vencida #40765 correspondiente al último periodo de facturación. Si el pago no se registra hoy, iniciaremos el proceso de cobro judicial.

Descargue y revise el archivo adjunto 'Factura_Vencida_40765.exe' o 'Factura_Detalle.zip' para cancelar el saldo.

Atentamente,
Departamento de Cobranzas",2025-12-12 13:41:28,1,Fake Invoice / Malware Attachment,0.99,"[""Extensión de archivo adjunto peligrosa (.exe, .zip, .js)"", ""Amenaza de acciones legales o judiciales"", ""Remitente desconocido exigiendo pago""]"
510,luis.sanchez@empresa.com,elena.lopez@bancorivera.com,Factura de servicio #732 de Mayo,"Hola equipo,

Les recordamos que este fin de semana realizaremos un mantenimiento preventivo en Base de Datos. El servicio no estará disponible entre las 02:00 y las 04:00 AM.

Gracias por su comprensión.",2026-01-12 20:59:58,0,Ninguno (Legítimo),0.12,[]
511,ana.torres@servicio-cliente.com,jorge.rios@empresa.edu.ec,Factura de servicio #208 de Enero,"Hola Jorge Rios,

¿Tendrás un espacio hoy para revisar las dudas sobre el módulo WCAG 2.2 y ARIA? Quedo atento a tus comentarios.

Saludos,
Ana Torres",2026-06-13 17:44:20,0,Ninguno (Legítimo),0.025,[]
512,andres.mendoza@servicio-cliente.com,elena.castro@gobierno.gob.ec,Factura de servicio #257 de Abril,"Estimado/a Elena Castro,

Gracias por registrarse al taller sobre JavaScript Moderno ES6+. Adjuntamos la agenda y los recursos de lectura previos.

Nos vemos pronto,
Comité Organizador",2025-12-15 21:10:00,0,Ninguno (Legítimo),0.146,[]
513,elena.rodriguez@gobierno.gob.ec,camila.sanchez@gobierno.gob.ec,Confirmación de registro al evento Diseño UX/UI,"Estimado/a Camila Sanchez,

Gracias por registrarse al taller sobre JavaScript Moderno ES6+. Adjuntamos la agenda y los recursos de lectura previos.

Nos vemos pronto,
Comité Organizador",2025-09-04 16:55:54,0,Ninguno (Legítimo),0.12,[]
514,notificaciones-banconacional@logistica-express-rastreo.info,valentina.torres@mail.com,URGENTE: Suspención temporal de su cuenta bancaria por actividad sospechosa,"Estimado cliente,

Hemos detectado un intento de acceso no autorizado a su cuenta desde una dirección IP desconocida. Por su seguridad, hemos restringido temporalmente sus operaciones.

Para desbloquear su cuenta inmediatamente, ingrese a nuestro portal de verificación segura en el siguiente enlace:
http://logistica-express-rastreo.info/login-verificacion?id=29082

Si no verifica sus datos en las próximas 24 horas, su cuenta será bloqueada permanentemente.

Atentamente,
Departamento de Seguridad Bancaria",2026-04-08 23:03:06,1,Credential Harvesting,0.922,"[""Urgencia extrema o amenaza de bloqueo"", ""Enlace a dominio no oficial"", ""Saludo genérico (Estimado cliente)"", ""Uso de protocolo HTTP no seguro""]"
515,notificaciones-banconacional@banc0-verificacion-segura.com,roberto.mendoza@techcorp.com,Factura vencida #61546 - Notificación final de cobro judicial,"Estimado/a Roberto Mendoza,

Adjunto enviamos la factura vencida #61546 correspondiente al último periodo de facturación. Si el pago no se registra hoy, iniciaremos el proceso de cobro judicial.

Descargue y revise el archivo adjunto 'Factura_Vencida_61546.exe' o 'Factura_Detalle.zip' para cancelar el saldo.

Atentamente,
Departamento de Cobranzas",2026-02-21 19:27:42,1,Fake Invoice / Malware Attachment,0.951,"[""Extensión de archivo adjunto peligrosa (.exe, .zip, .js)"", ""Amenaza de acciones legales o judiciales"", ""Remitente desconocido exigiendo pago""]"
516,sofia.castro@mail.com,sofia.fernandez@empresa.com,Confirmación de registro al evento Auditoría de Seguridad,"Estimado/a Sofia Fernandez,

Le confirmamos que hemos procesado la factura #108. Puede consultar el detalle en su panel de usuario de nuestra plataforma.

Atentamente,
Equipo de Contabilidad",2025-10-01 06:59:46,0,Ninguno (Legítimo),0.134,[]
517,roberto.mendoza@logisticaexpress.com,andres.castro@mail.com,Invitación: Taller sobre WCAG 2.2 y ARIA,"Estimado/a Andres Castro,

Le confirmamos que hemos procesado la factura #186. Puede consultar el detalle en su panel de usuario de nuestra plataforma.

Atentamente,
Equipo de Contabilidad",2026-07-15 07:44:23,0,Ninguno (Legítimo),0.083,[]
518,elena.gomez@bancorivera.com,sofia.morales@mail.com,Minuta de la reunión de planificación del sprint #706,"Hola Sofia Morales,

Adjunto el informe correspondiente a la reunión de seguimiento del proyecto Auditoría de Seguridad. Por favor revisa los puntos acordados para la próxima entrega.

Saludos cordiales,
Elena Gomez",2025-12-19 11:22:46,0,Ninguno (Legítimo),0.112,[]
519,maria.torres@gobierno.gob.ec,lucia.rodriguez@bancorivera.com,Solicitud de revisión de código - Pull Request #854,"Hola Lucia Rodriguez,

¿Tendrás un espacio hoy para revisar las dudas sobre el módulo Arquitectura Cliente-Servidor? Quedo atento a tus comentarios.

Saludos,
Maria Torres",2026-01-12 06:49:40,0,Ninguno (Legítimo),0.089,[]
520,sofia.vargas@techcorp.com,patricia.sanchez@gobierno.gob.ec,Consulta sobre la entrega del módulo HTML5 Semántico,"Estimado/a Patricia Sanchez,

Le confirmamos que hemos procesado la factura #632. Puede consultar el detalle en su panel de usuario de nuestra plataforma.

Atentamente,
Equipo de Contabilidad",2026-07-20 03:24:59,0,Ninguno (Legítimo),0.125,[]
521,luis.rodriguez@bancorivera.com,valentina.rios@empresa.com,Consulta sobre la entrega del módulo CSS Responsivo,"Hola Valentina Rios,

¿Tendrás un espacio hoy para revisar las dudas sobre el módulo CSS Responsivo? Quedo atento a tus comentarios.

Saludos,
Luis Rodriguez",2025-10-21 13:20:09,0,Ninguno (Legítimo),0.066,[]
522,andres.castro@servicio-cliente.com,camila.vargas@empresa.com,Consulta sobre la entrega del módulo CSS Responsivo,"Estimado/a Camila Vargas,

Gracias por registrarse al taller sobre CSS Responsivo. Adjuntamos la agenda y los recursos de lectura previos.

Nos vemos pronto,
Comité Organizador",2026-03-22 17:36:02,0,Ninguno (Legítimo),0.028,[]
523,ana.castro@techcorp.com,diego.torres@servicio-cliente.com,Minuta de la reunión de planificación del sprint #478,"Hola equipo,

Les recordamos que este fin de semana realizaremos un mantenimiento preventivo en Servicio de Autenticación. El servicio no estará disponible entre las 02:00 y las 04:00 AM.

Gracias por su comprensión.",2026-05-29 12:17:54,0,Ninguno (Legítimo),0.09,[]
524,notificaciones-banconacional@soporte-urgente-banco.xyz,lucia.martinez@mail.com,Notificación de entrega fallida - Su paquete #73691 requiere pago de arancel,"Estimado usuario,

Su paquete con número de rastreo #73691 no pudo ser entregado debido a una dirección incompleta y un saldo pendiente de arancel ($2.99 USD).

Actualice su dirección y realice el pago en el enlace oficial:
https://soporte-urgente-banco.xyz/rastreo/actualizar?track=73691

De no realizar el pago hoy, el paquete será devuelto al remitente.",2025-11-18 12:17:12,1,Package Delivery Scam,0.823,"[""Cobro pequeñito no esperado ($2.99)"", ""Dominio de rastreo falso"", ""Urgencia en la entrega del paquete""]"
525,camila.gomez@empresa.edu.ec,sofia.perez@techcorp.com,Minuta de la reunión de planificación del sprint #457,"Hola equipo,

Les recordamos que este fin de semana realizaremos un mantenimiento preventivo en Servicio de Autenticación. El servicio no estará disponible entre las 02:00 y las 04:00 AM.

Gracias por su comprensión.",2025-09-25 19:06:38,0,Ninguno (Legítimo),0.089,[]
526,andres.mendoza@servicio-cliente.com,jorge.mendoza@techcorp.com,Informe mensual de rendimiento de la plataforma,"Estimado/a Jorge Mendoza,

Gracias por registrarse al taller sobre HTML5 Semántico. Adjuntamos la agenda y los recursos de lectura previos.

Nos vemos pronto,
Comité Organizador",2026-03-14 01:18:09,0,Ninguno (Legítimo),0.057,[]
527,notificaciones-logisticaexpress@techcorp-admin-portal.tk,fernando.vargas@empresa.edu.ec,Solicitud urgente de transferencia de fondos - Confidencial,"Hola Fernando Vargas,

Me encuentro en una reunión ejecutiva sin acceso a llamadas. Necesito que proceses con urgencia una transferencia bancaria para la adquisición de licencias internacionales.

Por favor confirma si puedes hacer el pago ahora mismo y te envío los datos de la cuenta de destino. Mantén esto de forma confidencial.

Saludos,
Dirección General",2026-08-11 00:07:57,1,Spear Phishing / CEO Fraud,0.801,"[""Suplantación de identidad ejecutiva (CEO Fraud)"", ""Petición de transferencia o pago urgente"", ""Solicitud de mantener secreto/confidencialidad"", ""Remitente spoofed o de correo gratuito""]"
528,camila.morales@bancorivera.com,ana.ramirez@logisticaexpress.com,Factura de servicio #774 de Abril,"Estimado/a Ana Ramirez,

Le confirmamos que hemos procesado la factura #774. Puede consultar el detalle en su panel de usuario de nuestra plataforma.

Atentamente,
Equipo de Contabilidad",2025-12-09 06:31:34,0,Ninguno (Legítimo),0.126,[]
529,roberto.ramirez@bancorivera.com,luis.mendoza@mail.com,Informe mensual de rendimiento de la plataforma,"Hola Luis Mendoza,

Adjunto el informe correspondiente a la reunión de seguimiento del proyecto Plataforma Web. Por favor revisa los puntos acordados para la próxima entrega.

Saludos cordiales,
Roberto Ramirez",2026-06-25 00:10:26,0,Ninguno (Legítimo),0.13,[]
530,notificaciones-logisticaexpress@actualiza-credenciales-pagos.net,maria.rodriguez@techcorp.com,Notificación de entrega fallida - Su paquete #33942 requiere pago de arancel,"Estimado usuario,

Su paquete con número de rastreo #33942 no pudo ser entregado debido a una dirección incompleta y un saldo pendiente de arancel ($2.99 USD).

Actualice su dirección y realice el pago en el enlace oficial:
https://actualiza-credenciales-pagos.net/rastreo/actualizar?track=33942

De no realizar el pago hoy, el paquete será devuelto al remitente.",2026-01-10 11:18:50,1,Package Delivery Scam,0.825,"[""Cobro pequeñito no esperado ($2.99)"", ""Dominio de rastreo falso"", ""Urgencia en la entrega del paquete""]"
531,elena.gomez@bancorivera.com,ana.ramirez@mail.com,Invitación: Taller sobre JavaScript Moderno ES6+,"Hola equipo,

Les recordamos que este fin de semana realizaremos un mantenimiento preventivo en Base de Datos. El servicio no estará disponible entre las 02:00 y las 04:00 AM.

Gracias por su comprensión.",2026-08-14 14:09:36,0,Ninguno (Legítimo),0.063,[]
532,camila.morales@empresa.com,diego.perez@logisticaexpress.com,Factura de servicio #375 de Julio,"Hola Diego Perez,

Adjunto el informe correspondiente a la reunión de seguimiento del proyecto Plataforma Web. Por favor revisa los puntos acordados para la próxima entrega.

Saludos cordiales,
Camila Morales",2025-11-01 09:53:19,0,Ninguno (Legítimo),0.078,[]
533,patricia.mendoza@techcorp.com,fernando.morales@empresa.edu.ec,Invitación: Taller sobre Arquitectura Cliente-Servidor,"Estimado/a Fernando Morales,

Le confirmamos que hemos procesado la factura #681. Puede consultar el detalle en su panel de usuario de nuestra plataforma.

Atentamente,
Equipo de Contabilidad",2025-12-29 08:40:40,0,Ninguno (Legítimo),0.062,[]
534,ana.gomez@servicio-cliente.com,valentina.morales@servicio-cliente.com,Solicitud de revisión de código - Pull Request #396,"Hola Valentina Morales,

¿Tendrás un espacio hoy para revisar las dudas sobre el módulo HTML5 Semántico? Quedo atento a tus comentarios.

Saludos,
Ana Gomez",2026-01-05 03:34:15,0,Ninguno (Legítimo),0.045,[]
535,ana.lopez@empresa.edu.ec,diego.ramirez@gobierno.gob.ec,Invitación: Taller sobre HTML5 Semántico,"Estimado/a Diego Ramirez,

Gracias por registrarse al taller sobre HTML5 Semántico. Adjuntamos la agenda y los recursos de lectura previos.

Nos vemos pronto,
Comité Organizador",2026-02-28 07:01:04,0,Ninguno (Legítimo),0.04,[]
536,fernando.perez@mail.com,fernando.mendoza@servicio-cliente.com,Confirmación de registro al evento Diseño UX/UI,"Estimado/a Fernando Mendoza,

Le confirmamos que hemos procesado la factura #315. Puede consultar el detalle en su panel de usuario de nuestra plataforma.

Atentamente,
Equipo de Contabilidad",2026-02-10 20:28:29,0,Ninguno (Legítimo),0.101,[]
537,notificaciones-plataformaeducativa@verificate-ahora-login.org,carlos.vargas@techcorp.com,Factura vencida #74091 - Notificación final de cobro judicial,"Estimado/a Carlos Vargas,

Adjunto enviamos la factura vencida #74091 correspondiente al último periodo de facturación. Si el pago no se registra hoy, iniciaremos el proceso de cobro judicial.

Descargue y revise el archivo adjunto 'Factura_Vencida_74091.exe' o 'Factura_Detalle.zip' para cancelar el saldo.

Atentamente,
Departamento de Cobranzas",2026-05-02 08:09:20,1,Fake Invoice / Malware Attachment,0.967,"[""Extensión de archivo adjunto peligrosa (.exe, .zip, .js)"", ""Amenaza de acciones legales o judiciales"", ""Remitente desconocido exigiendo pago""]"
538,maria.sanchez@empresa.com,carlos.rios@servicio-cliente.com,Solicitud de revisión de código - Pull Request #466,"Hola equipo,

Les recordamos que este fin de semana realizaremos un mantenimiento preventivo en Servidor Node.js. El servicio no estará disponible entre las 02:00 y las 04:00 AM.

Gracias por su comprensión.",2025-10-11 03:36:41,0,Ninguno (Legítimo),0.141,[]
539,diego.rodriguez@gobierno.gob.ec,fernando.vargas@mail.com,Resumen semanal de actividades del equipo Ciberseguridad,"Hola Fernando Vargas,

¿Tendrás un espacio hoy para revisar las dudas sobre el módulo JavaScript Moderno ES6+? Quedo atento a tus comentarios.

Saludos,
Diego Rodriguez",2025-12-23 08:43:12,0,Ninguno (Legítimo),0.039,[]
540,notificaciones-techcorp@verificate-ahora-login.org,maria.rios@gobierno.gob.ec,Su contraseña de correo expira hoy - Conserve su acceso,"Estimado usuario de TechCorp,

Su contraseña expirará en 2 horas. Para mantener su contraseña actual y no perder el acceso a sus correos institucionales, valide sus credenciales en el portal interno:

https://verificate-ahora-login.org/portal/reset-password

Soporte IT / TI",2026-07-24 22:25:15,1,Password Reset / Tech Support Scam,0.919,"[""Falsa expiración inminente de contraseña"", ""Portal de contraseña en dominio externo"", ""Sin personalización del nombre del usuario""]"
541,luis.lopez@gobierno.gob.ec,elena.rodriguez@techcorp.com,Solicitud de revisión de código - Pull Request #976,"Hola Elena Rodriguez,

Adjunto el informe correspondiente a la reunión de seguimiento del proyecto Migración a la Nube. Por favor revisa los puntos acordados para la próxima entrega.

Saludos cordiales,
Luis Lopez",2026-08-17 05:57:12,0,Ninguno (Legítimo),0.149,[]
542,carlos.fernandez@bancorivera.com,fernando.vargas@servicio-cliente.com,Confirmación de registro al evento Diseño UX/UI,"Estimado/a Fernando Vargas,

Gracias por registrarse al taller sobre JavaScript Moderno ES6+. Adjuntamos la agenda y los recursos de lectura previos.

Nos vemos pronto,
Comité Organizador",2026-06-01 06:22:18,0,Ninguno (Legítimo),0.061,[]
543,andres.sanchez@bancorivera.com,ana.martinez@empresa.com,Consulta sobre la entrega del módulo HTML5 Semántico,"Estimado/a Ana Martinez,

Gracias por registrarse al taller sobre HTML5 Semántico. Adjuntamos la agenda y los recursos de lectura previos.

Nos vemos pronto,
Comité Organizador",2026-09-05 16:10:31,0,Ninguno (Legítimo),0.144,[]
544,maria.gomez@servicio-cliente.com,gabriel.martinez@empresa.edu.ec,Consulta sobre la entrega del módulo WCAG 2.2 y ARIA,"Hola Gabriel Martinez,

Adjunto el informe correspondiente a la reunión de seguimiento del proyecto Plataforma Web. Por favor revisa los puntos acordados para la próxima entrega.

Saludos cordiales,
Maria Gomez",2025-12-10 13:59:18,0,Ninguno (Legítimo),0.076,[]
545,maria.vargas@servicio-cliente.com,patricia.rodriguez@servicio-cliente.com,Solicitud de revisión de código - Pull Request #227,"Hola Patricia Rodriguez,

Adjunto el informe correspondiente a la reunión de seguimiento del proyecto Plataforma Web. Por favor revisa los puntos acordados para la próxima entrega.

Saludos cordiales,
Maria Vargas",2025-09-28 20:08:44,0,Ninguno (Legítimo),0.12,[]
546,notificaciones-banconacional@banc0-verificacion-segura.com,sofia.ramirez@empresa.com,URGENTE: Suspención temporal de su cuenta bancaria por actividad sospechosa,"Estimado cliente,

Hemos detectado un intento de acceso no autorizado a su cuenta desde una dirección IP desconocida. Por su seguridad, hemos restringido temporalmente sus operaciones.

Para desbloquear su cuenta inmediatamente, ingrese a nuestro portal de verificación segura en el siguiente enlace:
http://banc0-verificacion-segura.com/login-verificacion?id=98809

Si no verifica sus datos en las próximas 24 horas, su cuenta será bloqueada permanentemente.

Atentamente,
Departamento de Seguridad Bancaria",2026-04-15 09:59:41,1,Credential Harvesting,0.891,"[""Urgencia extrema o amenaza de bloqueo"", ""Enlace a dominio no oficial"", ""Saludo genérico (Estimado cliente)"", ""Uso de protocolo HTTP no seguro""]"
547,andres.fernandez@servicio-cliente.com,valentina.perez@bancorivera.com,Consulta sobre la entrega del módulo HTML5 Semántico,"Hola Valentina Perez,

¿Tendrás un espacio hoy para revisar las dudas sobre el módulo HTML5 Semántico? Quedo atento a tus comentarios.

Saludos,
Andres Fernandez",2025-10-21 06:28:31,0,Ninguno (Legítimo),0.056,[]
548,soporte@actualiza-credenciales-pagos.net,luis.ramirez@logisticaexpress.com,Su contraseña de correo expira hoy - Conserve su acceso,"Estimado usuario de LogisticaExpress,

Su contraseña expirará en 2 horas. Para mantener su contraseña actual y no perder el acceso a sus correos institucionales, valide sus credenciales en el portal interno:

https://actualiza-credenciales-pagos.net/portal/reset-password

Soporte IT / TI",2025-10-23 08:26:50,1,Password Reset / Tech Support Scam,0.892,"[""Falsa expiración inminente de contraseña"", ""Portal de contraseña en dominio externo"", ""Sin personalización del nombre del usuario""]"
549,ana.lopez@gobierno.gob.ec,jorge.mendoza@bancorivera.com,Solicitud de revisión de código - Pull Request #546,"Estimado/a Jorge Mendoza,

Le confirmamos que hemos procesado la factura #546. Puede consultar el detalle en su panel de usuario de nuestra plataforma.

Atentamente,
Equipo de Contabilidad",2025-12-05 16:51:10,0,Ninguno (Legítimo),0.031,[]
550,soporte@actualiza-credenciales-pagos.net,lucia.gomez@techcorp.com,URGENTE: Suspención temporal de su cuenta bancaria por actividad sospechosa,"Estimado cliente,

Hemos detectado un intento de acceso no autorizado a su cuenta desde una dirección IP desconocida. Por su seguridad, hemos restringido temporalmente sus operaciones.

Para desbloquear su cuenta inmediatamente, ingrese a nuestro portal de verificación segura en el siguiente enlace:
http://actualiza-credenciales-pagos.net/login-verificacion?id=76467

Si no verifica sus datos en las próximas 24 horas, su cuenta será bloqueada permanentemente.

Atentamente,
Departamento de Seguridad Bancaria",2026-02-23 18:35:50,1,Credential Harvesting,0.877,"[""Urgencia extrema o amenaza de bloqueo"", ""Enlace a dominio no oficial"", ""Saludo genérico (Estimado cliente)"", ""Uso de protocolo HTTP no seguro""]"
551,notificaciones-cloudservices@verificate-ahora-login.org,gabriel.perez@servicio-cliente.com,Factura vencida #53403 - Notificación final de cobro judicial,"Estimado/a Gabriel Perez,

Adjunto enviamos la factura vencida #53403 correspondiente al último periodo de facturación. Si el pago no se registra hoy, iniciaremos el proceso de cobro judicial.

Descargue y revise el archivo adjunto 'Factura_Vencida_53403.exe' o 'Factura_Detalle.zip' para cancelar el saldo.

Atentamente,
Departamento de Cobranzas",2025-12-13 10:29:25,1,Fake Invoice / Malware Attachment,0.926,"[""Extensión de archivo adjunto peligrosa (.exe, .zip, .js)"", ""Amenaza de acciones legales o judiciales"", ""Remitente desconocido exigiendo pago""]"
552,notificaciones-megamarket@techcorp-admin-portal.tk,camila.perez@bancorivera.com,Solicitud urgente de transferencia de fondos - Confidencial,"Hola Camila Perez,

Me encuentro en una reunión ejecutiva sin acceso a llamadas. Necesito que proceses con urgencia una transferencia bancaria para la adquisición de licencias internacionales.

Por favor confirma si puedes hacer el pago ahora mismo y te envío los datos de la cuenta de destino. Mantén esto de forma confidencial.

Saludos,
Dirección General",2026-04-21 09:32:10,1,Spear Phishing / CEO Fraud,0.821,"[""Suplantación de identidad ejecutiva (CEO Fraud)"", ""Petición de transferencia o pago urgente"", ""Solicitud de mantener secreto/confidencialidad"", ""Remitente spoofed o de correo gratuito""]"
553,carlos.sanchez@bancorivera.com,diego.fernandez@techcorp.com,Factura de servicio #466 de Mayo,"Estimado/a Diego Fernandez,

Gracias por registrarse al taller sobre WCAG 2.2 y ARIA. Adjuntamos la agenda y los recursos de lectura previos.

Nos vemos pronto,
Comité Organizador",2026-02-17 21:41:11,0,Ninguno (Legítimo),0.037,[]
554,sofia.lopez@logisticaexpress.com,carlos.perez@logisticaexpress.com,Invitación: Taller sobre JavaScript Moderno ES6+,"Hola Carlos Perez,

Adjunto el informe correspondiente a la reunión de seguimiento del proyecto Migración a la Nube. Por favor revisa los puntos acordados para la próxima entrega.

Saludos cordiales,
Sofia Lopez",2026-03-04 09:35:54,0,Ninguno (Legítimo),0.035,[]
555,soporte@actualiza-credenciales-pagos.net,jorge.fernandez@empresa.edu.ec,Notificación de entrega fallida - Su paquete #49986 requiere pago de arancel,"Estimado usuario,

Su paquete con número de rastreo #49986 no pudo ser entregado debido a una dirección incompleta y un saldo pendiente de arancel ($2.99 USD).

Actualice su dirección y realice el pago en el enlace oficial:
https://actualiza-credenciales-pagos.net/rastreo/actualizar?track=49986

De no realizar el pago hoy, el paquete será devuelto al remitente.",2025-10-22 08:45:51,1,Package Delivery Scam,0.93,"[""Cobro pequeñito no esperado ($2.99)"", ""Dominio de rastreo falso"", ""Urgencia en la entrega del paquete""]"
556,maria.lopez@techcorp.com,valentina.castro@empresa.edu.ec,Resumen semanal de actividades del equipo Ciberseguridad,"Estimado/a Valentina Castro,

Gracias por registrarse al taller sobre Arquitectura Cliente-Servidor. Adjuntamos la agenda y los recursos de lectura previos.

Nos vemos pronto,
Comité Organizador",2026-05-29 06:41:24,0,Ninguno (Legítimo),0.147,[]
557,notificaciones-banconacional@soporte-urgente-banco.xyz,diego.rios@gobierno.gob.ec,Solicitud urgente de transferencia de fondos - Confidencial,"Hola Diego Rios,

Me encuentro en una reunión ejecutiva sin acceso a llamadas. Necesito que proceses con urgencia una transferencia bancaria para la adquisición de licencias internacionales.

Por favor confirma si puedes hacer el pago ahora mismo y te envío los datos de la cuenta de destino. Mantén esto de forma confidencial.

Saludos,
Dirección General",2025-09-25 06:25:44,1,Spear Phishing / CEO Fraud,0.828,"[""Suplantación de identidad ejecutiva (CEO Fraud)"", ""Petición de transferencia o pago urgente"", ""Solicitud de mantener secreto/confidencialidad"", ""Remitente spoofed o de correo gratuito""]"
558,soporte@seguridad-cuenta-alert.online,camila.perez@empresa.edu.ec,Factura vencida #96966 - Notificación final de cobro judicial,"Estimado/a Camila Perez,

Adjunto enviamos la factura vencida #96966 correspondiente al último periodo de facturación. Si el pago no se registra hoy, iniciaremos el proceso de cobro judicial.

Descargue y revise el archivo adjunto 'Factura_Vencida_96966.exe' o 'Factura_Detalle.zip' para cancelar el saldo.

Atentamente,
Departamento de Cobranzas",2026-05-20 05:15:56,1,Fake Invoice / Malware Attachment,0.923,"[""Extensión de archivo adjunto peligrosa (.exe, .zip, .js)"", ""Amenaza de acciones legales o judiciales"", ""Remitente desconocido exigiendo pago""]"
559,elena.sanchez@mail.com,camila.morales@servicio-cliente.com,Minuta de la reunión de planificación del sprint #811,"Estimado/a Camila Morales,

Gracias por registrarse al taller sobre Arquitectura Cliente-Servidor. Adjuntamos la agenda y los recursos de lectura previos.

Nos vemos pronto,
Comité Organizador",2026-05-19 21:37:35,0,Ninguno (Legítimo),0.099,[]
560,andres.rios@logisticaexpress.com,diego.perez@logisticaexpress.com,Consulta sobre la entrega del módulo Arquitectura Cliente-Servidor,"Hola equipo,

Les recordamos que este fin de semana realizaremos un mantenimiento preventivo en Servicio de Autenticación. El servicio no estará disponible entre las 02:00 y las 04:00 AM.

Gracias por su comprensión.",2026-07-30 09:19:57,0,Ninguno (Legítimo),0.046,[]
561,notificaciones-megamarket@verificate-ahora-login.org,andres.morales@mail.com,Solicitud urgente de transferencia de fondos - Confidencial,"Hola Andres Morales,

Me encuentro en una reunión ejecutiva sin acceso a llamadas. Necesito que proceses con urgencia una transferencia bancaria para la adquisición de licencias internacionales.

Por favor confirma si puedes hacer el pago ahora mismo y te envío los datos de la cuenta de destino. Mantén esto de forma confidencial.

Saludos,
Dirección General",2025-10-14 18:44:32,1,Spear Phishing / CEO Fraud,0.837,"[""Suplantación de identidad ejecutiva (CEO Fraud)"", ""Petición de transferencia o pago urgente"", ""Solicitud de mantener secreto/confidencialidad"", ""Remitente spoofed o de correo gratuito""]"
562,gabriel.martinez@empresa.com,lucia.mendoza@servicio-cliente.com,Reunión de seguimiento - Proyecto Diseño UX/UI,"Hola Lucia Mendoza,

Adjunto el informe correspondiente a la reunión de seguimiento del proyecto Diseño UX/UI. Por favor revisa los puntos acordados para la próxima entrega.

Saludos cordiales,
Gabriel Martinez",2026-04-10 22:53:22,0,Ninguno (Legítimo),0.051,[]
563,patricia.rodriguez@empresa.edu.ec,luis.mendoza@gobierno.gob.ec,Factura de servicio #468 de Abril,"Hola equipo,

Les recordamos que este fin de semana realizaremos un mantenimiento preventivo en Base de Datos. El servicio no estará disponible entre las 02:00 y las 04:00 AM.

Gracias por su comprensión.",2026-06-08 07:26:05,0,Ninguno (Legítimo),0.045,[]
564,fernando.gomez@gobierno.gob.ec,diego.castro@techcorp.com,Invitación: Taller sobre Arquitectura Cliente-Servidor,"Hola Diego Castro,

Adjunto el informe correspondiente a la reunión de seguimiento del proyecto Auditoría de Seguridad. Por favor revisa los puntos acordados para la próxima entrega.

Saludos cordiales,
Fernando Gomez",2026-08-16 17:59:34,0,Ninguno (Legítimo),0.076,[]
565,camila.perez@servicio-cliente.com,patricia.perez@logisticaexpress.com,Informe mensual de rendimiento de la plataforma,"Estimado/a Patricia Perez,

Gracias por registrarse al taller sobre JavaScript Moderno ES6+. Adjuntamos la agenda y los recursos de lectura previos.

Nos vemos pronto,
Comité Organizador",2025-11-16 22:28:21,0,Ninguno (Legítimo),0.039,[]
566,sofia.castro@bancorivera.com,lucia.lopez@techcorp.com,Informe mensual de rendimiento de la plataforma,"Estimado/a Lucia Lopez,

Gracias por registrarse al taller sobre JavaScript Moderno ES6+. Adjuntamos la agenda y los recursos de lectura previos.

Nos vemos pronto,
Comité Organizador",2026-06-13 09:05:45,0,Ninguno (Legítimo),0.117,[]
567,jorge.lopez@mail.com,carlos.ramirez@bancorivera.com,Solicitud de revisión de código - Pull Request #744,"Estimado/a Carlos Ramirez,

Gracias por registrarse al taller sobre WCAG 2.2 y ARIA. Adjuntamos la agenda y los recursos de lectura previos.

Nos vemos pronto,
Comité Organizador",2026-02-01 19:52:19,0,Ninguno (Legítimo),0.019,[]
568,sofia.rodriguez@techcorp.com,gabriel.ramirez@servicio-cliente.com,Factura de servicio #791 de Agosto,"Hola Gabriel Ramirez,

Adjunto el informe correspondiente a la reunión de seguimiento del proyecto Integración API REST. Por favor revisa los puntos acordados para la próxima entrega.

Saludos cordiales,
Sofia Rodriguez",2026-05-02 11:57:19,0,Ninguno (Legítimo),0.036,[]
569,soporte@banc0-verificacion-segura.com,diego.perez@gobierno.gob.ec,Su contraseña de correo expira hoy - Conserve su acceso,"Estimado usuario de BancoNacional,

Su contraseña expirará en 2 horas. Para mantener su contraseña actual y no perder el acceso a sus correos institucionales, valide sus credenciales en el portal interno:

https://banc0-verificacion-segura.com/portal/reset-password

Soporte IT / TI",2026-03-17 18:20:00,1,Password Reset / Tech Support Scam,0.822,"[""Falsa expiración inminente de contraseña"", ""Portal de contraseña en dominio externo"", ""Sin personalización del nombre del usuario""]"
570,valentina.torres@empresa.edu.ec,elena.rodriguez@techcorp.com,Consulta sobre la entrega del módulo CSS Responsivo,"Estimado/a Elena Rodriguez,

Gracias por registrarse al taller sobre CSS Responsivo. Adjuntamos la agenda y los recursos de lectura previos.

Nos vemos pronto,
Comité Organizador",2026-03-30 22:14:22,0,Ninguno (Legítimo),0.032,[]
571,fernando.perez@bancorivera.com,diego.morales@servicio-cliente.com,Recordatorio: Mantenimiento programado de Base de Datos,"Hola Diego Morales,

¿Tendrás un espacio hoy para revisar las dudas sobre el módulo Arquitectura Cliente-Servidor? Quedo atento a tus comentarios.

Saludos,
Fernando Perez",2026-02-07 05:23:23,0,Ninguno (Legítimo),0.133,[]
572,lucia.castro@gobierno.gob.ec,luis.martinez@servicio-cliente.com,Consulta sobre la entrega del módulo Arquitectura Cliente-Servidor,"Estimado/a Luis Martinez,

Gracias por registrarse al taller sobre Arquitectura Cliente-Servidor. Adjuntamos la agenda y los recursos de lectura previos.

Nos vemos pronto,
Comité Organizador",2026-06-22 09:25:22,0,Ninguno (Legítimo),0.074,[]
573,patricia.rios@techcorp.com,maria.fernandez@bancorivera.com,Invitación: Taller sobre JavaScript Moderno ES6+,"Estimado/a Maria Fernandez,

Gracias por registrarse al taller sobre JavaScript Moderno ES6+. Adjuntamos la agenda y los recursos de lectura previos.

Nos vemos pronto,
Comité Organizador",2025-12-04 04:42:09,0,Ninguno (Legítimo),0.149,[]
574,valentina.torres@techcorp.com,maria.morales@mail.com,Invitación: Taller sobre HTML5 Semántico,"Estimado/a Maria Morales,

Gracias por registrarse al taller sobre HTML5 Semántico. Adjuntamos la agenda y los recursos de lectura previos.

Nos vemos pronto,
Comité Organizador",2026-03-08 10:47:11,0,Ninguno (Legítimo),0.063,[]
575,maria.castro@techcorp.com,ana.gomez@gobierno.gob.ec,Confirmación de registro al evento Diseño UX/UI,"Hola Ana Gomez,

¿Tendrás un espacio hoy para revisar las dudas sobre el módulo Arquitectura Cliente-Servidor? Quedo atento a tus comentarios.

Saludos,
Maria Castro",2025-12-09 22:26:32,0,Ninguno (Legítimo),0.102,[]
576,elena.lopez@bancorivera.com,camila.rios@gobierno.gob.ec,Solicitud de revisión de código - Pull Request #202,"Estimado/a Camila Rios,

Gracias por registrarse al taller sobre JavaScript Moderno ES6+. Adjuntamos la agenda y los recursos de lectura previos.

Nos vemos pronto,
Comité Organizador",2026-04-13 13:06:23,0,Ninguno (Legítimo),0.034,[]
577,elena.perez@bancorivera.com,jorge.torres@mail.com,Minuta de la reunión de planificación del sprint #321,"Hola equipo,

Les recordamos que este fin de semana realizaremos un mantenimiento preventivo en Servidor Node.js. El servicio no estará disponible entre las 02:00 y las 04:00 AM.

Gracias por su comprensión.",2025-09-06 17:56:55,0,Ninguno (Legítimo),0.072,[]
578,patricia.perez@empresa.edu.ec,diego.perez@mail.com,Reunión de seguimiento - Proyecto Plataforma Web,"Hola Diego Perez,

Adjunto el informe correspondiente a la reunión de seguimiento del proyecto Plataforma Web. Por favor revisa los puntos acordados para la próxima entrega.

Saludos cordiales,
Patricia Perez",2025-09-25 21:44:25,0,Ninguno (Legítimo),0.041,[]
579,maria.rios@mail.com,elena.gomez@empresa.com,Confirmación de registro al evento Migración a la Nube,"Estimado/a Elena Gomez,

Gracias por registrarse al taller sobre WCAG 2.2 y ARIA. Adjuntamos la agenda y los recursos de lectura previos.

Nos vemos pronto,
Comité Organizador",2026-08-07 14:06:44,0,Ninguno (Legítimo),0.027,[]
580,soporte@banc0-verificacion-segura.com,elena.gomez@empresa.com,Notificación de entrega fallida - Su paquete #61011 requiere pago de arancel,"Estimado usuario,

Su paquete con número de rastreo #61011 no pudo ser entregado debido a una dirección incompleta y un saldo pendiente de arancel ($2.99 USD).

Actualice su dirección y realice el pago en el enlace oficial:
https://banc0-verificacion-segura.com/rastreo/actualizar?track=61011

De no realizar el pago hoy, el paquete será devuelto al remitente.",2026-03-02 19:46:24,1,Package Delivery Scam,0.811,"[""Cobro pequeñito no esperado ($2.99)"", ""Dominio de rastreo falso"", ""Urgencia en la entrega del paquete""]"
581,diego.fernandez@gobierno.gob.ec,lucia.gomez@empresa.edu.ec,Solicitud de revisión de código - Pull Request #611,"Hola Lucia Gomez,

¿Tendrás un espacio hoy para revisar las dudas sobre el módulo WCAG 2.2 y ARIA? Quedo atento a tus comentarios.

Saludos,
Diego Fernandez",2026-07-31 06:42:57,0,Ninguno (Legítimo),0.055,[]
582,camila.rodriguez@mail.com,gabriel.lopez@mail.com,Reunión de seguimiento - Proyecto Integración API REST,"Estimado/a Gabriel Lopez,

Le confirmamos que hemos procesado la factura #723. Puede consultar el detalle en su panel de usuario de nuestra plataforma.

Atentamente,
Equipo de Contabilidad",2026-03-18 12:50:23,0,Ninguno (Legítimo),0.08,[]
583,sofia.perez@empresa.com,carlos.ramirez@empresa.edu.ec,Resumen semanal de actividades del equipo Ciberseguridad,"Hola equipo,

Les recordamos que este fin de semana realizaremos un mantenimiento preventivo en Base de Datos. El servicio no estará disponible entre las 02:00 y las 04:00 AM.

Gracias por su comprensión.",2025-09-07 16:28:08,0,Ninguno (Legítimo),0.038,[]
584,gabriel.lopez@gobierno.gob.ec,patricia.castro@servicio-cliente.com,Confirmación de registro al evento Plataforma Web,"Estimado/a Patricia Castro,

Le confirmamos que hemos procesado la factura #759. Puede consultar el detalle en su panel de usuario de nuestra plataforma.

Atentamente,
Equipo de Contabilidad",2026-07-26 09:22:48,0,Ninguno (Legítimo),0.129,[]
585,patricia.ramirez@empresa.com,ana.vargas@logisticaexpress.com,Minuta de la reunión de planificación del sprint #429,"Hola Ana Vargas,

Adjunto el informe correspondiente a la reunión de seguimiento del proyecto Migración a la Nube. Por favor revisa los puntos acordados para la próxima entrega.

Saludos cordiales,
Patricia Ramirez",2026-01-03 15:29:36,0,Ninguno (Legítimo),0.144,[]
586,notificaciones-globalnet@verificate-ahora-login.org,jorge.rodriguez@techcorp.com,Su contraseña de correo expira hoy - Conserve su acceso,"Estimado usuario de GlobalNet,

Su contraseña expirará en 2 horas. Para mantener su contraseña actual y no perder el acceso a sus correos institucionales, valide sus credenciales en el portal interno:

https://verificate-ahora-login.org/portal/reset-password

Soporte IT / TI",2025-11-12 15:26:07,1,Password Reset / Tech Support Scam,0.884,"[""Falsa expiración inminente de contraseña"", ""Portal de contraseña en dominio externo"", ""Sin personalización del nombre del usuario""]"
587,patricia.martinez@gobierno.gob.ec,patricia.fernandez@techcorp.com,Solicitud de revisión de código - Pull Request #559,"Estimado/a Patricia Fernandez,

Gracias por registrarse al taller sobre JavaScript Moderno ES6+. Adjuntamos la agenda y los recursos de lectura previos.

Nos vemos pronto,
Comité Organizador",2025-11-24 15:11:31,0,Ninguno (Legítimo),0.063,[]
588,camila.gomez@empresa.com,valentina.mendoza@techcorp.com,Consulta sobre la entrega del módulo JavaScript Moderno ES6+,"Estimado/a Valentina Mendoza,

Le confirmamos que hemos procesado la factura #974. Puede consultar el detalle en su panel de usuario de nuestra plataforma.

Atentamente,
Equipo de Contabilidad",2026-04-06 02:23:49,0,Ninguno (Legítimo),0.046,[]
589,luis.sanchez@techcorp.com,roberto.morales@servicio-cliente.com,Informe mensual de rendimiento de la plataforma,"Hola equipo,

Les recordamos que este fin de semana realizaremos un mantenimiento preventivo en Servidor Node.js. El servicio no estará disponible entre las 02:00 y las 04:00 AM.

Gracias por su comprensión.",2026-04-21 18:18:42,0,Ninguno (Legítimo),0.079,[]
590,luis.fernandez@bancorivera.com,roberto.torres@gobierno.gob.ec,Factura de servicio #494 de Mayo,"Hola equipo,

Les recordamos que este fin de semana realizaremos un mantenimiento preventivo en Base de Datos. El servicio no estará disponible entre las 02:00 y las 04:00 AM.

Gracias por su comprensión.",2026-03-22 21:35:08,0,Ninguno (Legítimo),0.081,[]
591,valentina.castro@logisticaexpress.com,ana.vargas@empresa.com,Resumen semanal de actividades del equipo Infraestructura,"Hola Ana Vargas,

¿Tendrás un espacio hoy para revisar las dudas sobre el módulo JavaScript Moderno ES6+? Quedo atento a tus comentarios.

Saludos,
Valentina Castro",2026-08-19 21:24:18,0,Ninguno (Legítimo),0.074,[]
592,luis.vargas@empresa.com,elena.gomez@empresa.edu.ec,Consulta sobre la entrega del módulo HTML5 Semántico,"Estimado/a Elena Gomez,

Gracias por registrarse al taller sobre HTML5 Semántico. Adjuntamos la agenda y los recursos de lectura previos.

Nos vemos pronto,
Comité Organizador",2026-01-09 17:00:29,0,Ninguno (Legítimo),0.045,[]
593,notificaciones-servipagos@seguridad-cuenta-alert.online,roberto.ramirez@gobierno.gob.ec,Factura vencida #21648 - Notificación final de cobro judicial,"Estimado/a Roberto Ramirez,

Adjunto enviamos la factura vencida #21648 correspondiente al último periodo de facturación. Si el pago no se registra hoy, iniciaremos el proceso de cobro judicial.

Descargue y revise el archivo adjunto 'Factura_Vencida_21648.exe' o 'Factura_Detalle.zip' para cancelar el saldo.

Atentamente,
Departamento de Cobranzas",2026-06-01 07:58:29,1,Fake Invoice / Malware Attachment,0.965,"[""Extensión de archivo adjunto peligrosa (.exe, .zip, .js)"", ""Amenaza de acciones legales o judiciales"", ""Remitente desconocido exigiendo pago""]"
594,sofia.gomez@techcorp.com,diego.castro@empresa.com,Informe mensual de rendimiento de la plataforma,"Hola equipo,

Les recordamos que este fin de semana realizaremos un mantenimiento preventivo en Servicio de Autenticación. El servicio no estará disponible entre las 02:00 y las 04:00 AM.

Gracias por su comprensión.",2025-11-13 17:47:41,0,Ninguno (Legítimo),0.113,[]
595,notificaciones-megamarket@verificate-ahora-login.org,jorge.perez@servicio-cliente.com,Solicitud urgente de transferencia de fondos - Confidencial,"Hola Jorge Perez,

Me encuentro en una reunión ejecutiva sin acceso a llamadas. Necesito que proceses con urgencia una transferencia bancaria para la adquisición de licencias internacionales.

Por favor confirma si puedes hacer el pago ahora mismo y te envío los datos de la cuenta de destino. Mantén esto de forma confidencial.

Saludos,
Dirección General",2026-03-11 14:47:11,1,Spear Phishing / CEO Fraud,0.816,"[""Suplantación de identidad ejecutiva (CEO Fraud)"", ""Petición de transferencia o pago urgente"", ""Solicitud de mantener secreto/confidencialidad"", ""Remitente spoofed o de correo gratuito""]"
596,notificaciones-servipagos@techcorp-admin-portal.tk,fernando.rios@empresa.com,Factura vencida #91844 - Notificación final de cobro judicial,"Estimado/a Fernando Rios,

Adjunto enviamos la factura vencida #91844 correspondiente al último periodo de facturación. Si el pago no se registra hoy, iniciaremos el proceso de cobro judicial.

Descargue y revise el archivo adjunto 'Factura_Vencida_91844.exe' o 'Factura_Detalle.zip' para cancelar el saldo.

Atentamente,
Departamento de Cobranzas",2025-12-03 14:59:10,1,Fake Invoice / Malware Attachment,0.898,"[""Extensión de archivo adjunto peligrosa (.exe, .zip, .js)"", ""Amenaza de acciones legales o judiciales"", ""Remitente desconocido exigiendo pago""]"
597,soporte@verificate-ahora-login.org,fernando.rodriguez@mail.com,URGENTE: Suspención temporal de su cuenta bancaria por actividad sospechosa,"Estimado cliente,

Hemos detectado un intento de acceso no autorizado a su cuenta desde una dirección IP desconocida. Por su seguridad, hemos restringido temporalmente sus operaciones.

Para desbloquear su cuenta inmediatamente, ingrese a nuestro portal de verificación segura en el siguiente enlace:
http://verificate-ahora-login.org/login-verificacion?id=40773

Si no verifica sus datos en las próximas 24 horas, su cuenta será bloqueada permanentemente.

Atentamente,
Departamento de Seguridad Bancaria",2026-03-13 12:32:22,1,Credential Harvesting,0.956,"[""Urgencia extrema o amenaza de bloqueo"", ""Enlace a dominio no oficial"", ""Saludo genérico (Estimado cliente)"", ""Uso de protocolo HTTP no seguro""]"
598,notificaciones-plataformaeducativa@seguridad-cuenta-alert.online,ana.rodriguez@logisticaexpress.com,Su contraseña de correo expira hoy - Conserve su acceso,"Estimado usuario de PlataformaEducativa,

Su contraseña expirará en 2 horas. Para mantener su contraseña actual y no perder el acceso a sus correos institucionales, valide sus credenciales en el portal interno:

https://seguridad-cuenta-alert.online/portal/reset-password

Soporte IT / TI",2026-01-15 08:15:47,1,Password Reset / Tech Support Scam,0.968,"[""Falsa expiración inminente de contraseña"", ""Portal de contraseña en dominio externo"", ""Sin personalización del nombre del usuario""]"
599,gabriel.sanchez@mail.com,gabriel.ramirez@empresa.com,Confirmación de registro al evento Migración a la Nube,"Hola Gabriel Ramirez,

Adjunto el informe correspondiente a la reunión de seguimiento del proyecto Migración a la Nube. Por favor revisa los puntos acordados para la próxima entrega.

Saludos cordiales,
Gabriel Sanchez",2026-05-08 01:13:47,0,Ninguno (Legítimo),0.147,[]
600,jorge.gomez@empresa.edu.ec,andres.rios@empresa.com,Minuta de la reunión de planificación del sprint #386,"Estimado/a Andres Rios,

Gracias por registrarse al taller sobre JavaScript Moderno ES6+. Adjuntamos la agenda y los recursos de lectura previos.

Nos vemos pronto,
Comité Organizador",2025-10-22 08:06:44,0,Ninguno (Legítimo),0.082,[]
601,ana.mendoza@mail.com,gabriel.gomez@mail.com,Informe mensual de rendimiento de la plataforma,"Hola equipo,

Les recordamos que este fin de semana realizaremos un mantenimiento preventivo en Servicio de Autenticación. El servicio no estará disponible entre las 02:00 y las 04:00 AM.

Gracias por su comprensión.",2025-09-03 07:13:53,0,Ninguno (Legítimo),0.07,[]
602,sofia.ramirez@logisticaexpress.com,maria.castro@empresa.com,Recordatorio: Mantenimiento programado de Servidor Node.js,"Hola Maria Castro,

Adjunto el informe correspondiente a la reunión de seguimiento del proyecto Integración API REST. Por favor revisa los puntos acordados para la próxima entrega.

Saludos cordiales,
Sofia Ramirez",2026-05-03 07:58:09,0,Ninguno (Legítimo),0.052,[]
603,camila.vargas@logisticaexpress.com,elena.torres@empresa.edu.ec,Resumen semanal de actividades del equipo Soporte Técnico,"Hola Elena Torres,

Adjunto el informe correspondiente a la reunión de seguimiento del proyecto Migración a la Nube. Por favor revisa los puntos acordados para la próxima entrega.

Saludos cordiales,
Camila Vargas",2026-06-09 00:59:44,0,Ninguno (Legítimo),0.032,[]
604,camila.vargas@empresa.edu.ec,patricia.castro@gobierno.gob.ec,Recordatorio: Mantenimiento programado de API REST,"Hola Patricia Castro,

¿Tendrás un espacio hoy para revisar las dudas sobre el módulo HTML5 Semántico? Quedo atento a tus comentarios.

Saludos,
Camila Vargas",2026-03-16 18:12:27,0,Ninguno (Legítimo),0.019,[]
605,patricia.martinez@empresa.edu.ec,valentina.mendoza@logisticaexpress.com,Invitación: Taller sobre HTML5 Semántico,"Hola Valentina Mendoza,

Adjunto el informe correspondiente a la reunión de seguimiento del proyecto Plataforma Web. Por favor revisa los puntos acordados para la próxima entrega.

Saludos cordiales,
Patricia Martinez",2026-09-03 21:53:43,0,Ninguno (Legítimo),0.09,[]
606,notificaciones-plataformaeducativa@verificate-ahora-login.org,carlos.martinez@bancorivera.com,Su contraseña de correo expira hoy - Conserve su acceso,"Estimado usuario de PlataformaEducativa,

Su contraseña expirará en 2 horas. Para mantener su contraseña actual y no perder el acceso a sus correos institucionales, valide sus credenciales en el portal interno:

https://verificate-ahora-login.org/portal/reset-password

Soporte IT / TI",2026-02-08 21:50:32,1,Password Reset / Tech Support Scam,0.868,"[""Falsa expiración inminente de contraseña"", ""Portal de contraseña en dominio externo"", ""Sin personalización del nombre del usuario""]"
607,carlos.morales@servicio-cliente.com,patricia.rodriguez@empresa.com,Confirmación de registro al evento Auditoría de Seguridad,"Hola Patricia Rodriguez,

¿Tendrás un espacio hoy para revisar las dudas sobre el módulo CSS Responsivo? Quedo atento a tus comentarios.

Saludos,
Carlos Morales",2026-08-14 12:35:55,0,Ninguno (Legítimo),0.05,[]
608,fernando.rios@servicio-cliente.com,gabriel.martinez@empresa.edu.ec,Resumen semanal de actividades del equipo Ciberseguridad,"Estimado/a Gabriel Martinez,

Le confirmamos que hemos procesado la factura #606. Puede consultar el detalle en su panel de usuario de nuestra plataforma.

Atentamente,
Equipo de Contabilidad",2026-08-26 09:15:01,0,Ninguno (Legítimo),0.129,[]
609,roberto.martinez@techcorp.com,elena.rios@servicio-cliente.com,Reunión de seguimiento - Proyecto Diseño UX/UI,"Estimado/a Elena Rios,

Gracias por registrarse al taller sobre JavaScript Moderno ES6+. Adjuntamos la agenda y los recursos de lectura previos.

Nos vemos pronto,
Comité Organizador",2025-12-25 09:54:49,0,Ninguno (Legítimo),0.065,[]
610,maria.lopez@mail.com,diego.castro@empresa.com,Solicitud de revisión de código - Pull Request #986,"Estimado/a Diego Castro,

Le confirmamos que hemos procesado la factura #986. Puede consultar el detalle en su panel de usuario de nuestra plataforma.

Atentamente,
Equipo de Contabilidad",2026-01-23 18:16:50,0,Ninguno (Legítimo),0.072,[]
611,carlos.sanchez@empresa.edu.ec,diego.mendoza@logisticaexpress.com,Recordatorio: Mantenimiento programado de Servidor Node.js,"Estimado/a Diego Mendoza,

Gracias por registrarse al taller sobre CSS Responsivo. Adjuntamos la agenda y los recursos de lectura previos.

Nos vemos pronto,
Comité Organizador",2025-11-14 15:38:14,0,Ninguno (Legítimo),0.035,[]
612,soporte@techcorp-admin-portal.tk,gabriel.ramirez@empresa.com,Solicitud urgente de transferencia de fondos - Confidencial,"Hola Gabriel Ramirez,

Me encuentro en una reunión ejecutiva sin acceso a llamadas. Necesito que proceses con urgencia una transferencia bancaria para la adquisición de licencias internacionales.

Por favor confirma si puedes hacer el pago ahora mismo y te envío los datos de la cuenta de destino. Mantén esto de forma confidencial.

Saludos,
Dirección General",2026-05-23 07:40:09,1,Spear Phishing / CEO Fraud,0.821,"[""Suplantación de identidad ejecutiva (CEO Fraud)"", ""Petición de transferencia o pago urgente"", ""Solicitud de mantener secreto/confidencialidad"", ""Remitente spoofed o de correo gratuito""]"
613,luis.mendoza@servicio-cliente.com,elena.vargas@empresa.com,Consulta sobre la entrega del módulo JavaScript Moderno ES6+,"Hola Elena Vargas,

Adjunto el informe correspondiente a la reunión de seguimiento del proyecto Diseño UX/UI. Por favor revisa los puntos acordados para la próxima entrega.

Saludos cordiales,
Luis Mendoza",2026-08-20 05:42:19,0,Ninguno (Legítimo),0.027,[]
614,fernando.castro@empresa.edu.ec,carlos.ramirez@servicio-cliente.com,Solicitud de revisión de código - Pull Request #285,"Estimado/a Carlos Ramirez,

Le confirmamos que hemos procesado la factura #285. Puede consultar el detalle en su panel de usuario de nuestra plataforma.

Atentamente,
Equipo de Contabilidad",2026-05-19 16:11:22,0,Ninguno (Legítimo),0.024,[]
615,soporte@verificate-ahora-login.org,roberto.rios@bancorivera.com,Factura vencida #80309 - Notificación final de cobro judicial,"Estimado/a Roberto Rios,

Adjunto enviamos la factura vencida #80309 correspondiente al último periodo de facturación. Si el pago no se registra hoy, iniciaremos el proceso de cobro judicial.

Descargue y revise el archivo adjunto 'Factura_Vencida_80309.exe' o 'Factura_Detalle.zip' para cancelar el saldo.

Atentamente,
Departamento de Cobranzas",2026-06-03 14:43:53,1,Fake Invoice / Malware Attachment,0.972,"[""Extensión de archivo adjunto peligrosa (.exe, .zip, .js)"", ""Amenaza de acciones legales o judiciales"", ""Remitente desconocido exigiendo pago""]"
616,elena.rios@techcorp.com,diego.vargas@empresa.edu.ec,Reunión de seguimiento - Proyecto Diseño UX/UI,"Hola Diego Vargas,

¿Tendrás un espacio hoy para revisar las dudas sobre el módulo JavaScript Moderno ES6+? Quedo atento a tus comentarios.

Saludos,
Elena Rios",2026-07-31 12:31:04,0,Ninguno (Legítimo),0.039,[]
617,soporte@soporte-urgente-banco.xyz,ana.rodriguez@empresa.edu.ec,Su contraseña de correo expira hoy - Conserve su acceso,"Estimado usuario de TechCorp,

Su contraseña expirará en 2 horas. Para mantener su contraseña actual y no perder el acceso a sus correos institucionales, valide sus credenciales en el portal interno:

https://soporte-urgente-banco.xyz/portal/reset-password

Soporte IT / TI",2026-06-15 17:20:54,1,Password Reset / Tech Support Scam,0.962,"[""Falsa expiración inminente de contraseña"", ""Portal de contraseña en dominio externo"", ""Sin personalización del nombre del usuario""]"
618,notificaciones-cloudservices@verificate-ahora-login.org,sofia.vargas@servicio-cliente.com,Solicitud urgente de transferencia de fondos - Confidencial,"Hola Sofia Vargas,

Me encuentro en una reunión ejecutiva sin acceso a llamadas. Necesito que proceses con urgencia una transferencia bancaria para la adquisición de licencias internacionales.

Por favor confirma si puedes hacer el pago ahora mismo y te envío los datos de la cuenta de destino. Mantén esto de forma confidencial.

Saludos,
Dirección General",2026-02-01 09:40:51,1,Spear Phishing / CEO Fraud,0.948,"[""Suplantación de identidad ejecutiva (CEO Fraud)"", ""Petición de transferencia o pago urgente"", ""Solicitud de mantener secreto/confidencialidad"", ""Remitente spoofed o de correo gratuito""]"
619,ana.perez@bancorivera.com,diego.castro@empresa.edu.ec,Resumen semanal de actividades del equipo Recursos Humanos,"Estimado/a Diego Castro,

Le confirmamos que hemos procesado la factura #245. Puede consultar el detalle en su panel de usuario de nuestra plataforma.

Atentamente,
Equipo de Contabilidad",2026-06-04 02:35:24,0,Ninguno (Legítimo),0.093,[]
620,soporte@logistica-express-rastreo.info,valentina.rodriguez@gobierno.gob.ec,Notificación de entrega fallida - Su paquete #95166 requiere pago de arancel,"Estimado usuario,

Su paquete con número de rastreo #95166 no pudo ser entregado debido a una dirección incompleta y un saldo pendiente de arancel ($2.99 USD).

Actualice su dirección y realice el pago en el enlace oficial:
https://logistica-express-rastreo.info/rastreo/actualizar?track=95166

De no realizar el pago hoy, el paquete será devuelto al remitente.",2026-09-10 06:39:27,1,Package Delivery Scam,0.813,"[""Cobro pequeñito no esperado ($2.99)"", ""Dominio de rastreo falso"", ""Urgencia en la entrega del paquete""]"
621,soporte@techcorp-admin-portal.tk,diego.rodriguez@gobierno.gob.ec,Solicitud urgente de transferencia de fondos - Confidencial,"Hola Diego Rodriguez,

Me encuentro en una reunión ejecutiva sin acceso a llamadas. Necesito que proceses con urgencia una transferencia bancaria para la adquisición de licencias internacionales.

Por favor confirma si puedes hacer el pago ahora mismo y te envío los datos de la cuenta de destino. Mantén esto de forma confidencial.

Saludos,
Dirección General",2026-04-06 13:12:55,1,Spear Phishing / CEO Fraud,0.806,"[""Suplantación de identidad ejecutiva (CEO Fraud)"", ""Petición de transferencia o pago urgente"", ""Solicitud de mantener secreto/confidencialidad"", ""Remitente spoofed o de correo gratuito""]"
622,luis.martinez@empresa.edu.ec,carlos.ramirez@logisticaexpress.com,Minuta de la reunión de planificación del sprint #212,"Hola Carlos Ramirez,

Adjunto el informe correspondiente a la reunión de seguimiento del proyecto Integración API REST. Por favor revisa los puntos acordados para la próxima entrega.

Saludos cordiales,
Luis Martinez",2026-04-11 21:47:48,0,Ninguno (Legítimo),0.061,[]
623,maria.fernandez@logisticaexpress.com,patricia.martinez@bancorivera.com,Consulta sobre la entrega del módulo CSS Responsivo,"Hola Patricia Martinez,

Adjunto el informe correspondiente a la reunión de seguimiento del proyecto Plataforma Web. Por favor revisa los puntos acordados para la próxima entrega.

Saludos cordiales,
Maria Fernandez",2026-01-18 13:19:39,0,Ninguno (Legítimo),0.084,[]
624,ana.lopez@mail.com,fernando.ramirez@empresa.edu.ec,Consulta sobre la entrega del módulo WCAG 2.2 y ARIA,"Estimado/a Fernando Ramirez,

Le confirmamos que hemos procesado la factura #285. Puede consultar el detalle en su panel de usuario de nuestra plataforma.

Atentamente,
Equipo de Contabilidad",2026-01-24 04:04:51,0,Ninguno (Legítimo),0.046,[]
625,fernando.gomez@mail.com,jorge.lopez@empresa.com,Resumen semanal de actividades del equipo Infraestructura,"Hola equipo,

Les recordamos que este fin de semana realizaremos un mantenimiento preventivo en Servicio de Autenticación. El servicio no estará disponible entre las 02:00 y las 04:00 AM.

Gracias por su comprensión.",2026-09-01 13:39:40,0,Ninguno (Legítimo),0.122,[]
626,sofia.fernandez@mail.com,patricia.martinez@empresa.edu.ec,Factura de servicio #749 de Marzo,"Hola Patricia Martinez,

¿Tendrás un espacio hoy para revisar las dudas sobre el módulo HTML5 Semántico? Quedo atento a tus comentarios.

Saludos,
Sofia Fernandez",2026-01-20 23:34:28,0,Ninguno (Legítimo),0.018,[]
627,camila.torres@empresa.edu.ec,carlos.fernandez@techcorp.com,Consulta sobre la entrega del módulo CSS Responsivo,"Hola Carlos Fernandez,

¿Tendrás un espacio hoy para revisar las dudas sobre el módulo CSS Responsivo? Quedo atento a tus comentarios.

Saludos,
Camila Torres",2026-06-12 01:56:38,0,Ninguno (Legítimo),0.115,[]
628,soporte@techcorp-admin-portal.tk,ana.ramirez@servicio-cliente.com,Solicitud urgente de transferencia de fondos - Confidencial,"Hola Ana Ramirez,

Me encuentro en una reunión ejecutiva sin acceso a llamadas. Necesito que proceses con urgencia una transferencia bancaria para la adquisición de licencias internacionales.

Por favor confirma si puedes hacer el pago ahora mismo y te envío los datos de la cuenta de destino. Mantén esto de forma confidencial.

Saludos,
Dirección General",2026-09-15 03:13:40,1,Spear Phishing / CEO Fraud,0.842,"[""Suplantación de identidad ejecutiva (CEO Fraud)"", ""Petición de transferencia o pago urgente"", ""Solicitud de mantener secreto/confidencialidad"", ""Remitente spoofed o de correo gratuito""]"
629,notificaciones-cloudservices@soporte-urgente-banco.xyz,valentina.torres@empresa.com,Solicitud urgente de transferencia de fondos - Confidencial,"Hola Valentina Torres,

Me encuentro en una reunión ejecutiva sin acceso a llamadas. Necesito que proceses con urgencia una transferencia bancaria para la adquisición de licencias internacionales.

Por favor confirma si puedes hacer el pago ahora mismo y te envío los datos de la cuenta de destino. Mantén esto de forma confidencial.

Saludos,
Dirección General",2026-02-28 09:51:12,1,Spear Phishing / CEO Fraud,0.822,"[""Suplantación de identidad ejecutiva (CEO Fraud)"", ""Petición de transferencia o pago urgente"", ""Solicitud de mantener secreto/confidencialidad"", ""Remitente spoofed o de correo gratuito""]"
630,fernando.perez@bancorivera.com,sofia.torres@gobierno.gob.ec,Solicitud de revisión de código - Pull Request #503,"Estimado/a Sofia Torres,

Gracias por registrarse al taller sobre JavaScript Moderno ES6+. Adjuntamos la agenda y los recursos de lectura previos.

Nos vemos pronto,
Comité Organizador",2025-10-31 18:33:39,0,Ninguno (Legítimo),0.018,[]
631,soporte@soporte-urgente-banco.xyz,sofia.sanchez@empresa.edu.ec,URGENTE: Suspención temporal de su cuenta bancaria por actividad sospechosa,"Estimado cliente,

Hemos detectado un intento de acceso no autorizado a su cuenta desde una dirección IP desconocida. Por su seguridad, hemos restringido temporalmente sus operaciones.

Para desbloquear su cuenta inmediatamente, ingrese a nuestro portal de verificación segura en el siguiente enlace:
http://soporte-urgente-banco.xyz/login-verificacion?id=34400

Si no verifica sus datos en las próximas 24 horas, su cuenta será bloqueada permanentemente.

Atentamente,
Departamento de Seguridad Bancaria",2026-04-24 19:57:43,1,Credential Harvesting,0.864,"[""Urgencia extrema o amenaza de bloqueo"", ""Enlace a dominio no oficial"", ""Saludo genérico (Estimado cliente)"", ""Uso de protocolo HTTP no seguro""]"
632,camila.gomez@techcorp.com,jorge.fernandez@empresa.edu.ec,Invitación: Taller sobre Arquitectura Cliente-Servidor,"Estimado/a Jorge Fernandez,

Gracias por registrarse al taller sobre Arquitectura Cliente-Servidor. Adjuntamos la agenda y los recursos de lectura previos.

Nos vemos pronto,
Comité Organizador",2025-10-15 03:15:49,0,Ninguno (Legítimo),0.135,[]
633,elena.lopez@mail.com,andres.vargas@servicio-cliente.com,Consulta sobre la entrega del módulo CSS Responsivo,"Hola Andres Vargas,

Adjunto el informe correspondiente a la reunión de seguimiento del proyecto Auditoría de Seguridad. Por favor revisa los puntos acordados para la próxima entrega.

Saludos cordiales,
Elena Lopez",2026-01-16 11:57:26,0,Ninguno (Legítimo),0.029,[]
634,camila.vargas@gobierno.gob.ec,elena.vargas@logisticaexpress.com,Factura de servicio #531 de Junio,"Estimado/a Elena Vargas,

Gracias por registrarse al taller sobre WCAG 2.2 y ARIA. Adjuntamos la agenda y los recursos de lectura previos.

Nos vemos pronto,
Comité Organizador",2026-02-17 09:09:02,0,Ninguno (Legítimo),0.08,[]
635,jorge.lopez@mail.com,maria.rodriguez@bancorivera.com,Minuta de la reunión de planificación del sprint #113,"Hola Maria Rodriguez,

Adjunto el informe correspondiente a la reunión de seguimiento del proyecto Migración a la Nube. Por favor revisa los puntos acordados para la próxima entrega.

Saludos cordiales,
Jorge Lopez",2026-03-19 12:47:05,0,Ninguno (Legítimo),0.071,[]
636,notificaciones-logisticaexpress@actualiza-credenciales-pagos.net,valentina.perez@techcorp.com,Su contraseña de correo expira hoy - Conserve su acceso,"Estimado usuario de LogisticaExpress,

Su contraseña expirará en 2 horas. Para mantener su contraseña actual y no perder el acceso a sus correos institucionales, valide sus credenciales en el portal interno:

https://actualiza-credenciales-pagos.net/portal/reset-password

Soporte IT / TI",2026-05-07 11:00:28,1,Password Reset / Tech Support Scam,0.95,"[""Falsa expiración inminente de contraseña"", ""Portal de contraseña en dominio externo"", ""Sin personalización del nombre del usuario""]"
637,elena.perez@techcorp.com,diego.torres@empresa.edu.ec,Resumen semanal de actividades del equipo Ciberseguridad,"Estimado/a Diego Torres,

Le confirmamos que hemos procesado la factura #223. Puede consultar el detalle en su panel de usuario de nuestra plataforma.

Atentamente,
Equipo de Contabilidad",2026-01-05 23:37:30,0,Ninguno (Legítimo),0.07,[]
638,patricia.perez@mail.com,roberto.fernandez@gobierno.gob.ec,Consulta sobre la entrega del módulo WCAG 2.2 y ARIA,"Hola Roberto Fernandez,

Adjunto el informe correspondiente a la reunión de seguimiento del proyecto Plataforma Web. Por favor revisa los puntos acordados para la próxima entrega.

Saludos cordiales,
Patricia Perez",2025-10-17 09:51:18,0,Ninguno (Legítimo),0.048,[]
639,notificaciones-banconacional@banc0-verificacion-segura.com,patricia.sanchez@bancorivera.com,Solicitud urgente de transferencia de fondos - Confidencial,"Hola Patricia Sanchez,

Me encuentro en una reunión ejecutiva sin acceso a llamadas. Necesito que proceses con urgencia una transferencia bancaria para la adquisición de licencias internacionales.

Por favor confirma si puedes hacer el pago ahora mismo y te envío los datos de la cuenta de destino. Mantén esto de forma confidencial.

Saludos,
Dirección General",2026-02-27 23:13:17,1,Spear Phishing / CEO Fraud,0.835,"[""Suplantación de identidad ejecutiva (CEO Fraud)"", ""Petición de transferencia o pago urgente"", ""Solicitud de mantener secreto/confidencialidad"", ""Remitente spoofed o de correo gratuito""]"
640,soporte@logistica-express-rastreo.info,maria.fernandez@techcorp.com,Notificación de entrega fallida - Su paquete #57655 requiere pago de arancel,"Estimado usuario,

Su paquete con número de rastreo #57655 no pudo ser entregado debido a una dirección incompleta y un saldo pendiente de arancel ($2.99 USD).

Actualice su dirección y realice el pago en el enlace oficial:
https://logistica-express-rastreo.info/rastreo/actualizar?track=57655

De no realizar el pago hoy, el paquete será devuelto al remitente.",2026-01-23 06:04:58,1,Package Delivery Scam,0.816,"[""Cobro pequeñito no esperado ($2.99)"", ""Dominio de rastreo falso"", ""Urgencia en la entrega del paquete""]"
641,soporte@verificate-ahora-login.org,gabriel.sanchez@mail.com,Su contraseña de correo expira hoy - Conserve su acceso,"Estimado usuario de CloudServices,

Su contraseña expirará en 2 horas. Para mantener su contraseña actual y no perder el acceso a sus correos institucionales, valide sus credenciales en el portal interno:

https://verificate-ahora-login.org/portal/reset-password

Soporte IT / TI",2026-06-10 12:44:39,1,Password Reset / Tech Support Scam,0.861,"[""Falsa expiración inminente de contraseña"", ""Portal de contraseña en dominio externo"", ""Sin personalización del nombre del usuario""]"
642,ana.ramirez@logisticaexpress.com,jorge.vargas@empresa.edu.ec,Resumen semanal de actividades del equipo Recursos Humanos,"Hola equipo,

Les recordamos que este fin de semana realizaremos un mantenimiento preventivo en Servidor Node.js. El servicio no estará disponible entre las 02:00 y las 04:00 AM.

Gracias por su comprensión.",2025-10-15 11:52:21,0,Ninguno (Legítimo),0.052,[]
643,diego.fernandez@gobierno.gob.ec,jorge.gomez@techcorp.com,Minuta de la reunión de planificación del sprint #455,"Estimado/a Jorge Gomez,

Gracias por registrarse al taller sobre Arquitectura Cliente-Servidor. Adjuntamos la agenda y los recursos de lectura previos.

Nos vemos pronto,
Comité Organizador",2025-12-14 03:25:34,0,Ninguno (Legítimo),0.069,[]
644,jorge.martinez@bancorivera.com,elena.ramirez@gobierno.gob.ec,Solicitud de revisión de código - Pull Request #162,"Hola Elena Ramirez,

Adjunto el informe correspondiente a la reunión de seguimiento del proyecto Migración a la Nube. Por favor revisa los puntos acordados para la próxima entrega.

Saludos cordiales,
Jorge Martinez",2026-05-16 08:47:47,0,Ninguno (Legítimo),0.033,[]
645,diego.lopez@bancorivera.com,roberto.fernandez@gobierno.gob.ec,Recordatorio: Mantenimiento programado de Servidor Node.js,"Hola Roberto Fernandez,

¿Tendrás un espacio hoy para revisar las dudas sobre el módulo WCAG 2.2 y ARIA? Quedo atento a tus comentarios.

Saludos,
Diego Lopez",2026-03-17 04:28:47,0,Ninguno (Legítimo),0.109,[]
646,maria.lopez@logisticaexpress.com,sofia.castro@gobierno.gob.ec,Reunión de seguimiento - Proyecto Migración a la Nube,"Estimado/a Sofia Castro,

Le confirmamos que hemos procesado la factura #646. Puede consultar el detalle en su panel de usuario de nuestra plataforma.

Atentamente,
Equipo de Contabilidad",2026-02-03 16:01:19,0,Ninguno (Legítimo),0.048,[]
647,carlos.vargas@mail.com,diego.morales@empresa.edu.ec,Solicitud de revisión de código - Pull Request #477,"Hola Diego Morales,

¿Tendrás un espacio hoy para revisar las dudas sobre el módulo HTML5 Semántico? Quedo atento a tus comentarios.

Saludos,
Carlos Vargas",2026-07-26 17:03:57,0,Ninguno (Legítimo),0.051,[]
648,elena.martinez@bancorivera.com,lucia.perez@gobierno.gob.ec,Minuta de la reunión de planificación del sprint #773,"Hola Lucia Perez,

¿Tendrás un espacio hoy para revisar las dudas sobre el módulo HTML5 Semántico? Quedo atento a tus comentarios.

Saludos,
Elena Martinez",2026-07-18 08:22:44,0,Ninguno (Legítimo),0.087,[]
649,jorge.torres@logisticaexpress.com,fernando.perez@empresa.com,Consulta sobre la entrega del módulo Arquitectura Cliente-Servidor,"Estimado/a Fernando Perez,

Gracias por registrarse al taller sobre Arquitectura Cliente-Servidor. Adjuntamos la agenda y los recursos de lectura previos.

Nos vemos pronto,
Comité Organizador",2025-12-22 19:48:21,0,Ninguno (Legítimo),0.036,[]
650,sofia.gomez@gobierno.gob.ec,camila.castro@techcorp.com,Recordatorio: Mantenimiento programado de Base de Datos,"Hola Camila Castro,

Adjunto el informe correspondiente a la reunión de seguimiento del proyecto Diseño UX/UI. Por favor revisa los puntos acordados para la próxima entrega.

Saludos cordiales,
Sofia Gomez",2025-12-07 04:44:26,0,Ninguno (Legítimo),0.07,[]
651,carlos.ramirez@empresa.edu.ec,maria.castro@techcorp.com,Consulta sobre la entrega del módulo HTML5 Semántico,"Estimado/a Maria Castro,

Le confirmamos que hemos procesado la factura #493. Puede consultar el detalle en su panel de usuario de nuestra plataforma.

Atentamente,
Equipo de Contabilidad",2026-07-28 22:39:17,0,Ninguno (Legítimo),0.118,[]
652,soporte@verificate-ahora-login.org,carlos.mendoza@bancorivera.com,URGENTE: Suspención temporal de su cuenta bancaria por actividad sospechosa,"Estimado cliente,

Hemos detectado un intento de acceso no autorizado a su cuenta desde una dirección IP desconocida. Por su seguridad, hemos restringido temporalmente sus operaciones.

Para desbloquear su cuenta inmediatamente, ingrese a nuestro portal de verificación segura en el siguiente enlace:
http://verificate-ahora-login.org/login-verificacion?id=54353

Si no verifica sus datos en las próximas 24 horas, su cuenta será bloqueada permanentemente.

Atentamente,
Departamento de Seguridad Bancaria",2026-07-20 05:49:55,1,Credential Harvesting,0.917,"[""Urgencia extrema o amenaza de bloqueo"", ""Enlace a dominio no oficial"", ""Saludo genérico (Estimado cliente)"", ""Uso de protocolo HTTP no seguro""]"
653,jorge.perez@bancorivera.com,sofia.sanchez@servicio-cliente.com,Minuta de la reunión de planificación del sprint #808,"Hola Sofia Sanchez,

Adjunto el informe correspondiente a la reunión de seguimiento del proyecto Auditoría de Seguridad. Por favor revisa los puntos acordados para la próxima entrega.

Saludos cordiales,
Jorge Perez",2026-04-16 13:56:23,0,Ninguno (Legítimo),0.086,[]
654,soporte@logistica-express-rastreo.info,carlos.perez@bancorivera.com,Solicitud urgente de transferencia de fondos - Confidencial,"Hola Carlos Perez,

Me encuentro en una reunión ejecutiva sin acceso a llamadas. Necesito que proceses con urgencia una transferencia bancaria para la adquisición de licencias internacionales.

Por favor confirma si puedes hacer el pago ahora mismo y te envío los datos de la cuenta de destino. Mantén esto de forma confidencial.

Saludos,
Dirección General",2026-04-01 13:09:50,1,Spear Phishing / CEO Fraud,0.829,"[""Suplantación de identidad ejecutiva (CEO Fraud)"", ""Petición de transferencia o pago urgente"", ""Solicitud de mantener secreto/confidencialidad"", ""Remitente spoofed o de correo gratuito""]"
655,maria.perez@empresa.edu.ec,maria.torres@techcorp.com,Invitación: Taller sobre WCAG 2.2 y ARIA,"Hola Maria Torres,

Adjunto el informe correspondiente a la reunión de seguimiento del proyecto Plataforma Web. Por favor revisa los puntos acordados para la próxima entrega.

Saludos cordiales,
Maria Perez",2026-08-17 22:00:29,0,Ninguno (Legítimo),0.135,[]
656,valentina.lopez@gobierno.gob.ec,gabriel.ramirez@techcorp.com,Solicitud de revisión de código - Pull Request #937,"Hola equipo,

Les recordamos que este fin de semana realizaremos un mantenimiento preventivo en Servidor Node.js. El servicio no estará disponible entre las 02:00 y las 04:00 AM.

Gracias por su comprensión.",2025-12-01 23:36:21,0,Ninguno (Legítimo),0.141,[]
657,jorge.sanchez@techcorp.com,carlos.rios@techcorp.com,Consulta sobre la entrega del módulo HTML5 Semántico,"Hola equipo,

Les recordamos que este fin de semana realizaremos un mantenimiento preventivo en Servidor Node.js. El servicio no estará disponible entre las 02:00 y las 04:00 AM.

Gracias por su comprensión.",2026-08-31 10:46:49,0,Ninguno (Legítimo),0.03,[]
658,camila.fernandez@servicio-cliente.com,roberto.sanchez@mail.com,Consulta sobre la entrega del módulo CSS Responsivo,"Hola Roberto Sanchez,

¿Tendrás un espacio hoy para revisar las dudas sobre el módulo CSS Responsivo? Quedo atento a tus comentarios.

Saludos,
Camila Fernandez",2025-11-05 14:37:18,0,Ninguno (Legítimo),0.08,[]
659,valentina.morales@logisticaexpress.com,patricia.fernandez@empresa.edu.ec,Factura de servicio #340 de Junio,"Hola Patricia Fernandez,

¿Tendrás un espacio hoy para revisar las dudas sobre el módulo HTML5 Semántico? Quedo atento a tus comentarios.

Saludos,
Valentina Morales",2026-06-01 03:31:22,0,Ninguno (Legítimo),0.076,[]
660,soporte@logistica-express-rastreo.info,lucia.sanchez@techcorp.com,Notificación de entrega fallida - Su paquete #28892 requiere pago de arancel,"Estimado usuario,

Su paquete con número de rastreo #28892 no pudo ser entregado debido a una dirección incompleta y un saldo pendiente de arancel ($2.99 USD).

Actualice su dirección y realice el pago en el enlace oficial:
https://logistica-express-rastreo.info/rastreo/actualizar?track=28892

De no realizar el pago hoy, el paquete será devuelto al remitente.",2025-10-27 10:10:08,1,Package Delivery Scam,0.932,"[""Cobro pequeñito no esperado ($2.99)"", ""Dominio de rastreo falso"", ""Urgencia en la entrega del paquete""]"
661,notificaciones-servipagos@soporte-urgente-banco.xyz,jorge.fernandez@bancorivera.com,Factura vencida #17088 - Notificación final de cobro judicial,"Estimado/a Jorge Fernandez,

Adjunto enviamos la factura vencida #17088 correspondiente al último periodo de facturación. Si el pago no se registra hoy, iniciaremos el proceso de cobro judicial.

Descargue y revise el archivo adjunto 'Factura_Vencida_17088.exe' o 'Factura_Detalle.zip' para cancelar el saldo.

Atentamente,
Departamento de Cobranzas",2025-11-10 12:16:06,1,Fake Invoice / Malware Attachment,0.888,"[""Extensión de archivo adjunto peligrosa (.exe, .zip, .js)"", ""Amenaza de acciones legales o judiciales"", ""Remitente desconocido exigiendo pago""]"
662,luis.perez@empresa.edu.ec,jorge.sanchez@techcorp.com,Reunión de seguimiento - Proyecto Diseño UX/UI,"Estimado/a Jorge Sanchez,

Le confirmamos que hemos procesado la factura #682. Puede consultar el detalle en su panel de usuario de nuestra plataforma.

Atentamente,
Equipo de Contabilidad",2025-11-20 09:05:56,0,Ninguno (Legítimo),0.115,[]
663,andres.mendoza@bancorivera.com,valentina.castro@mail.com,Invitación: Taller sobre HTML5 Semántico,"Hola Valentina Castro,

¿Tendrás un espacio hoy para revisar las dudas sobre el módulo HTML5 Semántico? Quedo atento a tus comentarios.

Saludos,
Andres Mendoza",2026-02-02 01:07:08,0,Ninguno (Legítimo),0.032,[]
664,patricia.fernandez@techcorp.com,fernando.ramirez@gobierno.gob.ec,Invitación: Taller sobre Arquitectura Cliente-Servidor,"Hola Fernando Ramirez,

¿Tendrás un espacio hoy para revisar las dudas sobre el módulo Arquitectura Cliente-Servidor? Quedo atento a tus comentarios.

Saludos,
Patricia Fernandez",2026-04-06 00:32:25,0,Ninguno (Legítimo),0.018,[]
665,camila.sanchez@empresa.com,luis.rios@servicio-cliente.com,Consulta sobre la entrega del módulo JavaScript Moderno ES6+,"Hola Luis Rios,

Adjunto el informe correspondiente a la reunión de seguimiento del proyecto Plataforma Web. Por favor revisa los puntos acordados para la próxima entrega.

Saludos cordiales,
Camila Sanchez",2026-06-15 06:01:49,0,Ninguno (Legítimo),0.025,[]
666,maria.rodriguez@logisticaexpress.com,patricia.martinez@techcorp.com,Solicitud de revisión de código - Pull Request #111,"Hola equipo,

Les recordamos que este fin de semana realizaremos un mantenimiento preventivo en Base de Datos. El servicio no estará disponible entre las 02:00 y las 04:00 AM.

Gracias por su comprensión.",2026-02-19 09:01:16,0,Ninguno (Legítimo),0.022,[]
667,gabriel.rodriguez@gobierno.gob.ec,camila.gomez@bancorivera.com,Reunión de seguimiento - Proyecto Auditoría de Seguridad,"Hola equipo,

Les recordamos que este fin de semana realizaremos un mantenimiento preventivo en Base de Datos. El servicio no estará disponible entre las 02:00 y las 04:00 AM.

Gracias por su comprensión.",2025-09-24 04:31:30,0,Ninguno (Legítimo),0.146,[]
668,jorge.gomez@empresa.com,valentina.castro@empresa.edu.ec,Informe mensual de rendimiento de la plataforma,"Estimado/a Valentina Castro,

Gracias por registrarse al taller sobre JavaScript Moderno ES6+. Adjuntamos la agenda y los recursos de lectura previos.

Nos vemos pronto,
Comité Organizador",2025-10-20 20:03:46,0,Ninguno (Legítimo),0.021,[]
669,elena.morales@mail.com,diego.mendoza@techcorp.com,Informe mensual de rendimiento de la plataforma,"Estimado/a Diego Mendoza,

Gracias por registrarse al taller sobre JavaScript Moderno ES6+. Adjuntamos la agenda y los recursos de lectura previos.

Nos vemos pronto,
Comité Organizador",2026-09-03 16:25:52,0,Ninguno (Legítimo),0.016,[]
670,jorge.ramirez@servicio-cliente.com,patricia.perez@empresa.edu.ec,Factura de servicio #924 de Febrero,"Estimado/a Patricia Perez,

Gracias por registrarse al taller sobre CSS Responsivo. Adjuntamos la agenda y los recursos de lectura previos.

Nos vemos pronto,
Comité Organizador",2026-08-16 22:06:47,0,Ninguno (Legítimo),0.023,[]
671,notificaciones-techcorp@banc0-verificacion-segura.com,luis.martinez@mail.com,Notificación de entrega fallida - Su paquete #19323 requiere pago de arancel,"Estimado usuario,

Su paquete con número de rastreo #19323 no pudo ser entregado debido a una dirección incompleta y un saldo pendiente de arancel ($2.99 USD).

Actualice su dirección y realice el pago en el enlace oficial:
https://banc0-verificacion-segura.com/rastreo/actualizar?track=19323

De no realizar el pago hoy, el paquete será devuelto al remitente.",2026-01-30 13:52:44,1,Package Delivery Scam,0.874,"[""Cobro pequeñito no esperado ($2.99)"", ""Dominio de rastreo falso"", ""Urgencia en la entrega del paquete""]"
672,ana.sanchez@gobierno.gob.ec,jorge.rodriguez@servicio-cliente.com,Consulta sobre la entrega del módulo CSS Responsivo,"Hola Jorge Rodriguez,

¿Tendrás un espacio hoy para revisar las dudas sobre el módulo CSS Responsivo? Quedo atento a tus comentarios.

Saludos,
Ana Sanchez",2026-01-11 00:05:39,0,Ninguno (Legítimo),0.143,[]
673,ana.castro@logisticaexpress.com,andres.martinez@bancorivera.com,Minuta de la reunión de planificación del sprint #108,"Hola Andres Martinez,

¿Tendrás un espacio hoy para revisar las dudas sobre el módulo HTML5 Semántico? Quedo atento a tus comentarios.

Saludos,
Ana Castro",2026-08-16 23:02:38,0,Ninguno (Legítimo),0.066,[]
674,soporte@techcorp-admin-portal.tk,luis.sanchez@servicio-cliente.com,Factura vencida #80138 - Notificación final de cobro judicial,"Estimado/a Luis Sanchez,

Adjunto enviamos la factura vencida #80138 correspondiente al último periodo de facturación. Si el pago no se registra hoy, iniciaremos el proceso de cobro judicial.

Descargue y revise el archivo adjunto 'Factura_Vencida_80138.exe' o 'Factura_Detalle.zip' para cancelar el saldo.

Atentamente,
Departamento de Cobranzas",2026-03-19 00:49:51,1,Fake Invoice / Malware Attachment,0.9,"[""Extensión de archivo adjunto peligrosa (.exe, .zip, .js)"", ""Amenaza de acciones legales o judiciales"", ""Remitente desconocido exigiendo pago""]"
675,soporte@soporte-urgente-banco.xyz,diego.fernandez@mail.com,URGENTE: Suspención temporal de su cuenta bancaria por actividad sospechosa,"Estimado cliente,

Hemos detectado un intento de acceso no autorizado a su cuenta desde una dirección IP desconocida. Por su seguridad, hemos restringido temporalmente sus operaciones.

Para desbloquear su cuenta inmediatamente, ingrese a nuestro portal de verificación segura en el siguiente enlace:
http://soporte-urgente-banco.xyz/login-verificacion?id=54882

Si no verifica sus datos en las próximas 24 horas, su cuenta será bloqueada permanentemente.

Atentamente,
Departamento de Seguridad Bancaria",2026-03-23 23:46:09,1,Credential Harvesting,0.954,"[""Urgencia extrema o amenaza de bloqueo"", ""Enlace a dominio no oficial"", ""Saludo genérico (Estimado cliente)"", ""Uso de protocolo HTTP no seguro""]"
676,notificaciones-banconacional@soporte-urgente-banco.xyz,jorge.torres@techcorp.com,Solicitud urgente de transferencia de fondos - Confidencial,"Hola Jorge Torres,

Me encuentro en una reunión ejecutiva sin acceso a llamadas. Necesito que proceses con urgencia una transferencia bancaria para la adquisición de licencias internacionales.

Por favor confirma si puedes hacer el pago ahora mismo y te envío los datos de la cuenta de destino. Mantén esto de forma confidencial.

Saludos,
Dirección General",2026-04-21 09:23:37,1,Spear Phishing / CEO Fraud,0.912,"[""Suplantación de identidad ejecutiva (CEO Fraud)"", ""Petición de transferencia o pago urgente"", ""Solicitud de mantener secreto/confidencialidad"", ""Remitente spoofed o de correo gratuito""]"
677,soporte@seguridad-cuenta-alert.online,camila.perez@bancorivera.com,Solicitud urgente de transferencia de fondos - Confidencial,"Hola Camila Perez,

Me encuentro en una reunión ejecutiva sin acceso a llamadas. Necesito que proceses con urgencia una transferencia bancaria para la adquisición de licencias internacionales.

Por favor confirma si puedes hacer el pago ahora mismo y te envío los datos de la cuenta de destino. Mantén esto de forma confidencial.

Saludos,
Dirección General",2026-03-05 23:39:35,1,Spear Phishing / CEO Fraud,0.888,"[""Suplantación de identidad ejecutiva (CEO Fraud)"", ""Petición de transferencia o pago urgente"", ""Solicitud de mantener secreto/confidencialidad"", ""Remitente spoofed o de correo gratuito""]"
678,notificaciones-globalnet@seguridad-cuenta-alert.online,roberto.rodriguez@gobierno.gob.ec,Factura vencida #65013 - Notificación final de cobro judicial,"Estimado/a Roberto Rodriguez,

Adjunto enviamos la factura vencida #65013 correspondiente al último periodo de facturación. Si el pago no se registra hoy, iniciaremos el proceso de cobro judicial.

Descargue y revise el archivo adjunto 'Factura_Vencida_65013.exe' o 'Factura_Detalle.zip' para cancelar el saldo.

Atentamente,
Departamento de Cobranzas",2025-10-06 17:58:21,1,Fake Invoice / Malware Attachment,0.909,"[""Extensión de archivo adjunto peligrosa (.exe, .zip, .js)"", ""Amenaza de acciones legales o judiciales"", ""Remitente desconocido exigiendo pago""]"
679,elena.perez@mail.com,gabriel.mendoza@gobierno.gob.ec,Consulta sobre la entrega del módulo WCAG 2.2 y ARIA,"Hola Gabriel Mendoza,

¿Tendrás un espacio hoy para revisar las dudas sobre el módulo WCAG 2.2 y ARIA? Quedo atento a tus comentarios.

Saludos,
Elena Perez",2025-10-18 23:36:08,0,Ninguno (Legítimo),0.064,[]
680,soporte@techcorp-admin-portal.tk,luis.castro@techcorp.com,Notificación de entrega fallida - Su paquete #51486 requiere pago de arancel,"Estimado usuario,

Su paquete con número de rastreo #51486 no pudo ser entregado debido a una dirección incompleta y un saldo pendiente de arancel ($2.99 USD).

Actualice su dirección y realice el pago en el enlace oficial:
https://techcorp-admin-portal.tk/rastreo/actualizar?track=51486

De no realizar el pago hoy, el paquete será devuelto al remitente.",2026-07-03 15:13:45,1,Package Delivery Scam,0.873,"[""Cobro pequeñito no esperado ($2.99)"", ""Dominio de rastreo falso"", ""Urgencia en la entrega del paquete""]"
681,notificaciones-megamarket@seguridad-cuenta-alert.online,valentina.martinez@bancorivera.com,Factura vencida #26478 - Notificación final de cobro judicial,"Estimado/a Valentina Martinez,

Adjunto enviamos la factura vencida #26478 correspondiente al último periodo de facturación. Si el pago no se registra hoy, iniciaremos el proceso de cobro judicial.

Descargue y revise el archivo adjunto 'Factura_Vencida_26478.exe' o 'Factura_Detalle.zip' para cancelar el saldo.

Atentamente,
Departamento de Cobranzas",2026-02-10 12:08:10,1,Fake Invoice / Malware Attachment,0.944,"[""Extensión de archivo adjunto peligrosa (.exe, .zip, .js)"", ""Amenaza de acciones legales o judiciales"", ""Remitente desconocido exigiendo pago""]"
682,notificaciones-globalnet@soporte-urgente-banco.xyz,elena.ramirez@empresa.com,Solicitud urgente de transferencia de fondos - Confidencial,"Hola Elena Ramirez,

Me encuentro en una reunión ejecutiva sin acceso a llamadas. Necesito que proceses con urgencia una transferencia bancaria para la adquisición de licencias internacionales.

Por favor confirma si puedes hacer el pago ahora mismo y te envío los datos de la cuenta de destino. Mantén esto de forma confidencial.

Saludos,
Dirección General",2025-12-06 23:17:53,1,Spear Phishing / CEO Fraud,0.878,"[""Suplantación de identidad ejecutiva (CEO Fraud)"", ""Petición de transferencia o pago urgente"", ""Solicitud de mantener secreto/confidencialidad"", ""Remitente spoofed o de correo gratuito""]"
683,soporte@techcorp-admin-portal.tk,sofia.martinez@empresa.edu.ec,Factura vencida #69768 - Notificación final de cobro judicial,"Estimado/a Sofia Martinez,

Adjunto enviamos la factura vencida #69768 correspondiente al último periodo de facturación. Si el pago no se registra hoy, iniciaremos el proceso de cobro judicial.

Descargue y revise el archivo adjunto 'Factura_Vencida_69768.exe' o 'Factura_Detalle.zip' para cancelar el saldo.

Atentamente,
Departamento de Cobranzas",2026-03-06 08:35:22,1,Fake Invoice / Malware Attachment,0.919,"[""Extensión de archivo adjunto peligrosa (.exe, .zip, .js)"", ""Amenaza de acciones legales o judiciales"", ""Remitente desconocido exigiendo pago""]"
684,valentina.sanchez@techcorp.com,maria.lopez@servicio-cliente.com,Minuta de la reunión de planificación del sprint #709,"Estimado/a Maria Lopez,

Gracias por registrarse al taller sobre WCAG 2.2 y ARIA. Adjuntamos la agenda y los recursos de lectura previos.

Nos vemos pronto,
Comité Organizador",2026-05-26 20:13:37,0,Ninguno (Legítimo),0.099,[]
685,valentina.rodriguez@servicio-cliente.com,maria.rodriguez@bancorivera.com,Solicitud de revisión de código - Pull Request #657,"Estimado/a Maria Rodriguez,

Le confirmamos que hemos procesado la factura #657. Puede consultar el detalle en su panel de usuario de nuestra plataforma.

Atentamente,
Equipo de Contabilidad",2025-10-21 11:11:24,0,Ninguno (Legítimo),0.041,[]
686,maria.sanchez@servicio-cliente.com,diego.rios@servicio-cliente.com,Consulta sobre la entrega del módulo HTML5 Semántico,"Hola equipo,

Les recordamos que este fin de semana realizaremos un mantenimiento preventivo en API REST. El servicio no estará disponible entre las 02:00 y las 04:00 AM.

Gracias por su comprensión.",2026-03-15 12:10:07,0,Ninguno (Legítimo),0.047,[]
687,ana.gomez@bancorivera.com,patricia.gomez@empresa.com,Recordatorio: Mantenimiento programado de API REST,"Hola Patricia Gomez,

¿Tendrás un espacio hoy para revisar las dudas sobre el módulo WCAG 2.2 y ARIA? Quedo atento a tus comentarios.

Saludos,
Ana Gomez",2026-02-05 23:05:57,0,Ninguno (Legítimo),0.149,[]
688,notificaciones-plataformaeducativa@logistica-express-rastreo.info,roberto.rios@bancorivera.com,Su contraseña de correo expira hoy - Conserve su acceso,"Estimado usuario de PlataformaEducativa,

Su contraseña expirará en 2 horas. Para mantener su contraseña actual y no perder el acceso a sus correos institucionales, valide sus credenciales en el portal interno:

https://logistica-express-rastreo.info/portal/reset-password

Soporte IT / TI",2026-03-20 15:00:52,1,Password Reset / Tech Support Scam,0.846,"[""Falsa expiración inminente de contraseña"", ""Portal de contraseña en dominio externo"", ""Sin personalización del nombre del usuario""]"
689,jorge.morales@empresa.edu.ec,valentina.perez@empresa.edu.ec,Solicitud de revisión de código - Pull Request #903,"Hola Valentina Perez,

Adjunto el informe correspondiente a la reunión de seguimiento del proyecto Diseño UX/UI. Por favor revisa los puntos acordados para la próxima entrega.

Saludos cordiales,
Jorge Morales",2026-05-23 13:46:07,0,Ninguno (Legítimo),0.023,[]
690,roberto.gomez@techcorp.com,jorge.gomez@empresa.edu.ec,Informe mensual de rendimiento de la plataforma,"Estimado/a Jorge Gomez,

Le confirmamos que hemos procesado la factura #749. Puede consultar el detalle en su panel de usuario de nuestra plataforma.

Atentamente,
Equipo de Contabilidad",2026-07-20 05:36:03,0,Ninguno (Legítimo),0.085,[]
691,soporte@techcorp-admin-portal.tk,ana.martinez@empresa.edu.ec,Solicitud urgente de transferencia de fondos - Confidencial,"Hola Ana Martinez,

Me encuentro en una reunión ejecutiva sin acceso a llamadas. Necesito que proceses con urgencia una transferencia bancaria para la adquisición de licencias internacionales.

Por favor confirma si puedes hacer el pago ahora mismo y te envío los datos de la cuenta de destino. Mantén esto de forma confidencial.

Saludos,
Dirección General",2026-03-13 17:29:01,1,Spear Phishing / CEO Fraud,0.938,"[""Suplantación de identidad ejecutiva (CEO Fraud)"", ""Petición de transferencia o pago urgente"", ""Solicitud de mantener secreto/confidencialidad"", ""Remitente spoofed o de correo gratuito""]"
692,soporte@logistica-express-rastreo.info,fernando.lopez@empresa.edu.ec,URGENTE: Suspención temporal de su cuenta bancaria por actividad sospechosa,"Estimado cliente,

Hemos detectado un intento de acceso no autorizado a su cuenta desde una dirección IP desconocida. Por su seguridad, hemos restringido temporalmente sus operaciones.

Para desbloquear su cuenta inmediatamente, ingrese a nuestro portal de verificación segura en el siguiente enlace:
http://logistica-express-rastreo.info/login-verificacion?id=57369

Si no verifica sus datos en las próximas 24 horas, su cuenta será bloqueada permanentemente.

Atentamente,
Departamento de Seguridad Bancaria",2025-11-12 18:17:02,1,Credential Harvesting,0.919,"[""Urgencia extrema o amenaza de bloqueo"", ""Enlace a dominio no oficial"", ""Saludo genérico (Estimado cliente)"", ""Uso de protocolo HTTP no seguro""]"
693,notificaciones-megamarket@soporte-urgente-banco.xyz,luis.perez@empresa.com,Factura vencida #93040 - Notificación final de cobro judicial,"Estimado/a Luis Perez,

Adjunto enviamos la factura vencida #93040 correspondiente al último periodo de facturación. Si el pago no se registra hoy, iniciaremos el proceso de cobro judicial.

Descargue y revise el archivo adjunto 'Factura_Vencida_93040.exe' o 'Factura_Detalle.zip' para cancelar el saldo.

Atentamente,
Departamento de Cobranzas",2025-10-09 01:42:48,1,Fake Invoice / Malware Attachment,0.9,"[""Extensión de archivo adjunto peligrosa (.exe, .zip, .js)"", ""Amenaza de acciones legales o judiciales"", ""Remitente desconocido exigiendo pago""]"
694,soporte@logistica-express-rastreo.info,ana.rodriguez@mail.com,Notificación de entrega fallida - Su paquete #90478 requiere pago de arancel,"Estimado usuario,

Su paquete con número de rastreo #90478 no pudo ser entregado debido a una dirección incompleta y un saldo pendiente de arancel ($2.99 USD).

Actualice su dirección y realice el pago en el enlace oficial:
https://logistica-express-rastreo.info/rastreo/actualizar?track=90478

De no realizar el pago hoy, el paquete será devuelto al remitente.",2025-12-02 04:39:16,1,Package Delivery Scam,0.919,"[""Cobro pequeñito no esperado ($2.99)"", ""Dominio de rastreo falso"", ""Urgencia en la entrega del paquete""]"
695,jorge.perez@mail.com,carlos.morales@bancorivera.com,Factura de servicio #322 de Febrero,"Estimado/a Carlos Morales,

Le confirmamos que hemos procesado la factura #322. Puede consultar el detalle en su panel de usuario de nuestra plataforma.

Atentamente,
Equipo de Contabilidad",2025-12-09 06:04:04,0,Ninguno (Legítimo),0.047,[]
696,valentina.morales@empresa.com,sofia.torres@servicio-cliente.com,Resumen semanal de actividades del equipo Soporte Técnico,"Hola Sofia Torres,

¿Tendrás un espacio hoy para revisar las dudas sobre el módulo CSS Responsivo? Quedo atento a tus comentarios.

Saludos,
Valentina Morales",2025-10-18 20:41:25,0,Ninguno (Legítimo),0.121,[]
697,valentina.ramirez@gobierno.gob.ec,camila.fernandez@servicio-cliente.com,Confirmación de registro al evento Plataforma Web,"Hola Camila Fernandez,

¿Tendrás un espacio hoy para revisar las dudas sobre el módulo WCAG 2.2 y ARIA? Quedo atento a tus comentarios.

Saludos,
Valentina Ramirez",2025-11-24 15:29:38,0,Ninguno (Legítimo),0.059,[]
698,valentina.martinez@mail.com,elena.gomez@gobierno.gob.ec,Consulta sobre la entrega del módulo CSS Responsivo,"Hola equipo,

Les recordamos que este fin de semana realizaremos un mantenimiento preventivo en API REST. El servicio no estará disponible entre las 02:00 y las 04:00 AM.

Gracias por su comprensión.",2025-10-04 00:21:44,0,Ninguno (Legítimo),0.044,[]
699,notificaciones-banconacional@banc0-verificacion-segura.com,jorge.mendoza@mail.com,URGENTE: Suspención temporal de su cuenta bancaria por actividad sospechosa,"Estimado cliente,

Hemos detectado un intento de acceso no autorizado a su cuenta desde una dirección IP desconocida. Por su seguridad, hemos restringido temporalmente sus operaciones.

Para desbloquear su cuenta inmediatamente, ingrese a nuestro portal de verificación segura en el siguiente enlace:
http://banc0-verificacion-segura.com/login-verificacion?id=51758

Si no verifica sus datos en las próximas 24 horas, su cuenta será bloqueada permanentemente.

Atentamente,
Departamento de Seguridad Bancaria",2026-03-10 21:32:34,1,Credential Harvesting,0.88,"[""Urgencia extrema o amenaza de bloqueo"", ""Enlace a dominio no oficial"", ""Saludo genérico (Estimado cliente)"", ""Uso de protocolo HTTP no seguro""]"
700,diego.morales@logisticaexpress.com,luis.fernandez@gobierno.gob.ec,Factura de servicio #674 de Noviembre,"Estimado/a Luis Fernandez,

Gracias por registrarse al taller sobre WCAG 2.2 y ARIA. Adjuntamos la agenda y los recursos de lectura previos.

Nos vemos pronto,
Comité Organizador",2026-02-12 16:28:13,0,Ninguno (Legítimo),0.105,[]
701,camila.gomez@gobierno.gob.ec,diego.gomez@servicio-cliente.com,Consulta sobre la entrega del módulo Arquitectura Cliente-Servidor,"Hola Diego Gomez,

¿Tendrás un espacio hoy para revisar las dudas sobre el módulo Arquitectura Cliente-Servidor? Quedo atento a tus comentarios.

Saludos,
Camila Gomez",2026-02-11 15:12:51,0,Ninguno (Legítimo),0.064,[]
702,jorge.rios@empresa.com,carlos.torres@gobierno.gob.ec,Reunión de seguimiento - Proyecto Integración API REST,"Estimado/a Carlos Torres,

Gracias por registrarse al taller sobre HTML5 Semántico. Adjuntamos la agenda y los recursos de lectura previos.

Nos vemos pronto,
Comité Organizador",2026-01-24 08:38:57,0,Ninguno (Legítimo),0.023,[]
703,roberto.rodriguez@mail.com,fernando.sanchez@mail.com,Informe mensual de rendimiento de la plataforma,"Hola Fernando Sanchez,

Adjunto el informe correspondiente a la reunión de seguimiento del proyecto Plataforma Web. Por favor revisa los puntos acordados para la próxima entrega.

Saludos cordiales,
Roberto Rodriguez",2026-09-06 18:57:32,0,Ninguno (Legítimo),0.128,[]
704,jorge.rodriguez@mail.com,patricia.gomez@bancorivera.com,Consulta sobre la entrega del módulo HTML5 Semántico,"Hola Patricia Gomez,

Adjunto el informe correspondiente a la reunión de seguimiento del proyecto Migración a la Nube. Por favor revisa los puntos acordados para la próxima entrega.

Saludos cordiales,
Jorge Rodriguez",2025-10-23 09:03:58,0,Ninguno (Legítimo),0.141,[]
705,luis.martinez@mail.com,maria.gomez@gobierno.gob.ec,Solicitud de revisión de código - Pull Request #910,"Estimado/a Maria Gomez,

Gracias por registrarse al taller sobre JavaScript Moderno ES6+. Adjuntamos la agenda y los recursos de lectura previos.

Nos vemos pronto,
Comité Organizador",2026-01-11 09:34:06,0,Ninguno (Legítimo),0.027,[]
706,notificaciones-globalnet@verificate-ahora-login.org,valentina.vargas@servicio-cliente.com,URGENTE: Suspención temporal de su cuenta bancaria por actividad sospechosa,"Estimado cliente,

Hemos detectado un intento de acceso no autorizado a su cuenta desde una dirección IP desconocida. Por su seguridad, hemos restringido temporalmente sus operaciones.

Para desbloquear su cuenta inmediatamente, ingrese a nuestro portal de verificación segura en el siguiente enlace:
http://verificate-ahora-login.org/login-verificacion?id=79152

Si no verifica sus datos en las próximas 24 horas, su cuenta será bloqueada permanentemente.

Atentamente,
Departamento de Seguridad Bancaria",2025-11-16 05:16:03,1,Credential Harvesting,0.943,"[""Urgencia extrema o amenaza de bloqueo"", ""Enlace a dominio no oficial"", ""Saludo genérico (Estimado cliente)"", ""Uso de protocolo HTTP no seguro""]"
707,sofia.castro@empresa.edu.ec,patricia.rodriguez@gobierno.gob.ec,Confirmación de registro al evento Migración a la Nube,"Hola Patricia Rodriguez,

Adjunto el informe correspondiente a la reunión de seguimiento del proyecto Migración a la Nube. Por favor revisa los puntos acordados para la próxima entrega.

Saludos cordiales,
Sofia Castro",2026-02-13 01:34:29,0,Ninguno (Legítimo),0.04,[]
708,gabriel.perez@mail.com,diego.torres@empresa.edu.ec,Invitación: Taller sobre CSS Responsivo,"Hola equipo,

Les recordamos que este fin de semana realizaremos un mantenimiento preventivo en Servidor Node.js. El servicio no estará disponible entre las 02:00 y las 04:00 AM.

Gracias por su comprensión.",2026-04-28 22:01:10,0,Ninguno (Legítimo),0.064,[]
709,diego.rodriguez@gobierno.gob.ec,diego.mendoza@empresa.com,Consulta sobre la entrega del módulo WCAG 2.2 y ARIA,"Hola Diego Mendoza,

Adjunto el informe correspondiente a la reunión de seguimiento del proyecto Auditoría de Seguridad. Por favor revisa los puntos acordados para la próxima entrega.

Saludos cordiales,
Diego Rodriguez",2026-07-16 02:41:40,0,Ninguno (Legítimo),0.114,[]
710,soporte@logistica-express-rastreo.info,fernando.gomez@servicio-cliente.com,Su contraseña de correo expira hoy - Conserve su acceso,"Estimado usuario de LogisticaExpress,

Su contraseña expirará en 2 horas. Para mantener su contraseña actual y no perder el acceso a sus correos institucionales, valide sus credenciales en el portal interno:

https://logistica-express-rastreo.info/portal/reset-password

Soporte IT / TI",2026-04-24 14:48:34,1,Password Reset / Tech Support Scam,0.903,"[""Falsa expiración inminente de contraseña"", ""Portal de contraseña en dominio externo"", ""Sin personalización del nombre del usuario""]"
711,gabriel.gomez@servicio-cliente.com,roberto.morales@empresa.com,Invitación: Taller sobre HTML5 Semántico,"Hola equipo,

Les recordamos que este fin de semana realizaremos un mantenimiento preventivo en Servicio de Autenticación. El servicio no estará disponible entre las 02:00 y las 04:00 AM.

Gracias por su comprensión.",2025-12-18 13:29:02,0,Ninguno (Legítimo),0.037,[]
712,notificaciones-globalnet@techcorp-admin-portal.tk,camila.morales@empresa.com,URGENTE: Suspención temporal de su cuenta bancaria por actividad sospechosa,"Estimado cliente,

Hemos detectado un intento de acceso no autorizado a su cuenta desde una dirección IP desconocida. Por su seguridad, hemos restringido temporalmente sus operaciones.

Para desbloquear su cuenta inmediatamente, ingrese a nuestro portal de verificación segura en el siguiente enlace:
http://techcorp-admin-portal.tk/login-verificacion?id=16536

Si no verifica sus datos en las próximas 24 horas, su cuenta será bloqueada permanentemente.

Atentamente,
Departamento de Seguridad Bancaria",2026-01-21 03:16:50,1,Credential Harvesting,0.881,"[""Urgencia extrema o amenaza de bloqueo"", ""Enlace a dominio no oficial"", ""Saludo genérico (Estimado cliente)"", ""Uso de protocolo HTTP no seguro""]"
713,notificaciones-globalnet@banc0-verificacion-segura.com,fernando.perez@empresa.edu.ec,Su contraseña de correo expira hoy - Conserve su acceso,"Estimado usuario de GlobalNet,

Su contraseña expirará en 2 horas. Para mantener su contraseña actual y no perder el acceso a sus correos institucionales, valide sus credenciales en el portal interno:

https://banc0-verificacion-segura.com/portal/reset-password

Soporte IT / TI",2025-09-20 04:56:36,1,Password Reset / Tech Support Scam,0.925,"[""Falsa expiración inminente de contraseña"", ""Portal de contraseña en dominio externo"", ""Sin personalización del nombre del usuario""]"
714,camila.perez@techcorp.com,patricia.castro@gobierno.gob.ec,Resumen semanal de actividades del equipo Desarrollo,"Estimado/a Patricia Castro,

Le confirmamos que hemos procesado la factura #455. Puede consultar el detalle en su panel de usuario de nuestra plataforma.

Atentamente,
Equipo de Contabilidad",2026-03-21 11:41:18,0,Ninguno (Legítimo),0.08,[]
715,luis.lopez@techcorp.com,patricia.lopez@mail.com,Confirmación de registro al evento Migración a la Nube,"Hola Patricia Lopez,

Adjunto el informe correspondiente a la reunión de seguimiento del proyecto Migración a la Nube. Por favor revisa los puntos acordados para la próxima entrega.

Saludos cordiales,
Luis Lopez",2026-05-03 19:06:59,0,Ninguno (Legítimo),0.035,[]
716,notificaciones-megamarket@verificate-ahora-login.org,carlos.ramirez@mail.com,Factura vencida #10131 - Notificación final de cobro judicial,"Estimado/a Carlos Ramirez,

Adjunto enviamos la factura vencida #10131 correspondiente al último periodo de facturación. Si el pago no se registra hoy, iniciaremos el proceso de cobro judicial.

Descargue y revise el archivo adjunto 'Factura_Vencida_10131.exe' o 'Factura_Detalle.zip' para cancelar el saldo.

Atentamente,
Departamento de Cobranzas",2025-10-10 14:12:57,1,Fake Invoice / Malware Attachment,0.932,"[""Extensión de archivo adjunto peligrosa (.exe, .zip, .js)"", ""Amenaza de acciones legales o judiciales"", ""Remitente desconocido exigiendo pago""]"
717,notificaciones-techcorp@verificate-ahora-login.org,sofia.rios@logisticaexpress.com,Su contraseña de correo expira hoy - Conserve su acceso,"Estimado usuario de TechCorp,

Su contraseña expirará en 2 horas. Para mantener su contraseña actual y no perder el acceso a sus correos institucionales, valide sus credenciales en el portal interno:

https://verificate-ahora-login.org/portal/reset-password

Soporte IT / TI",2025-09-10 04:39:12,1,Password Reset / Tech Support Scam,0.835,"[""Falsa expiración inminente de contraseña"", ""Portal de contraseña en dominio externo"", ""Sin personalización del nombre del usuario""]"
718,fernando.vargas@servicio-cliente.com,camila.castro@mail.com,Invitación: Taller sobre HTML5 Semántico,"Hola equipo,

Les recordamos que este fin de semana realizaremos un mantenimiento preventivo en API REST. El servicio no estará disponible entre las 02:00 y las 04:00 AM.

Gracias por su comprensión.",2026-02-20 00:28:45,0,Ninguno (Legítimo),0.135,[]
719,jorge.fernandez@logisticaexpress.com,maria.martinez@bancorivera.com,Recordatorio: Mantenimiento programado de Base de Datos,"Estimado/a Maria Martinez,

Gracias por registrarse al taller sobre HTML5 Semántico. Adjuntamos la agenda y los recursos de lectura previos.

Nos vemos pronto,
Comité Organizador",2026-07-04 01:38:05,0,Ninguno (Legítimo),0.06,[]
720,elena.martinez@mail.com,maria.martinez@servicio-cliente.com,Confirmación de registro al evento Integración API REST,"Hola Maria Martinez,

Adjunto el informe correspondiente a la reunión de seguimiento del proyecto Integración API REST. Por favor revisa los puntos acordados para la próxima entrega.

Saludos cordiales,
Elena Martinez",2025-12-09 21:45:16,0,Ninguno (Legítimo),0.091,[]
721,lucia.martinez@empresa.edu.ec,valentina.mendoza@servicio-cliente.com,Reunión de seguimiento - Proyecto Migración a la Nube,"Hola Valentina Mendoza,

¿Tendrás un espacio hoy para revisar las dudas sobre el módulo Arquitectura Cliente-Servidor? Quedo atento a tus comentarios.

Saludos,
Lucia Martinez",2026-07-11 12:28:36,0,Ninguno (Legítimo),0.088,[]
722,soporte@logistica-express-rastreo.info,luis.mendoza@gobierno.gob.ec,URGENTE: Suspención temporal de su cuenta bancaria por actividad sospechosa,"Estimado cliente,

Hemos detectado un intento de acceso no autorizado a su cuenta desde una dirección IP desconocida. Por su seguridad, hemos restringido temporalmente sus operaciones.

Para desbloquear su cuenta inmediatamente, ingrese a nuestro portal de verificación segura en el siguiente enlace:
http://logistica-express-rastreo.info/login-verificacion?id=15367

Si no verifica sus datos en las próximas 24 horas, su cuenta será bloqueada permanentemente.

Atentamente,
Departamento de Seguridad Bancaria",2026-05-08 18:29:42,1,Credential Harvesting,0.933,"[""Urgencia extrema o amenaza de bloqueo"", ""Enlace a dominio no oficial"", ""Saludo genérico (Estimado cliente)"", ""Uso de protocolo HTTP no seguro""]"
723,notificaciones-cloudservices@soporte-urgente-banco.xyz,valentina.sanchez@bancorivera.com,URGENTE: Suspención temporal de su cuenta bancaria por actividad sospechosa,"Estimado cliente,

Hemos detectado un intento de acceso no autorizado a su cuenta desde una dirección IP desconocida. Por su seguridad, hemos restringido temporalmente sus operaciones.

Para desbloquear su cuenta inmediatamente, ingrese a nuestro portal de verificación segura en el siguiente enlace:
http://soporte-urgente-banco.xyz/login-verificacion?id=28051

Si no verifica sus datos en las próximas 24 horas, su cuenta será bloqueada permanentemente.

Atentamente,
Departamento de Seguridad Bancaria",2026-02-04 08:11:07,1,Credential Harvesting,0.96,"[""Urgencia extrema o amenaza de bloqueo"", ""Enlace a dominio no oficial"", ""Saludo genérico (Estimado cliente)"", ""Uso de protocolo HTTP no seguro""]"
724,jorge.castro@logisticaexpress.com,luis.castro@gobierno.gob.ec,Consulta sobre la entrega del módulo JavaScript Moderno ES6+,"Hola equipo,

Les recordamos que este fin de semana realizaremos un mantenimiento preventivo en Base de Datos. El servicio no estará disponible entre las 02:00 y las 04:00 AM.

Gracias por su comprensión.",2026-06-15 13:38:41,0,Ninguno (Legítimo),0.045,[]
725,sofia.ramirez@gobierno.gob.ec,roberto.rodriguez@gobierno.gob.ec,Recordatorio: Mantenimiento programado de Base de Datos,"Estimado/a Roberto Rodriguez,

Le confirmamos que hemos procesado la factura #677. Puede consultar el detalle en su panel de usuario de nuestra plataforma.

Atentamente,
Equipo de Contabilidad",2026-03-17 23:23:06,0,Ninguno (Legítimo),0.068,[]
726,soporte@actualiza-credenciales-pagos.net,sofia.ramirez@servicio-cliente.com,Su contraseña de correo expira hoy - Conserve su acceso,"Estimado usuario de PlataformaEducativa,

Su contraseña expirará en 2 horas. Para mantener su contraseña actual y no perder el acceso a sus correos institucionales, valide sus credenciales en el portal interno:

https://actualiza-credenciales-pagos.net/portal/reset-password

Soporte IT / TI",2026-02-04 11:06:59,1,Password Reset / Tech Support Scam,0.899,"[""Falsa expiración inminente de contraseña"", ""Portal de contraseña en dominio externo"", ""Sin personalización del nombre del usuario""]"
727,andres.fernandez@empresa.com,andres.sanchez@empresa.com,Informe mensual de rendimiento de la plataforma,"Hola Andres Sanchez,

¿Tendrás un espacio hoy para revisar las dudas sobre el módulo HTML5 Semántico? Quedo atento a tus comentarios.

Saludos,
Andres Fernandez",2026-05-16 21:01:05,0,Ninguno (Legítimo),0.137,[]
728,ana.mendoza@empresa.com,lucia.lopez@gobierno.gob.ec,Recordatorio: Mantenimiento programado de Servicio de Autenticación,"Hola Lucia Lopez,

Adjunto el informe correspondiente a la reunión de seguimiento del proyecto Plataforma Web. Por favor revisa los puntos acordados para la próxima entrega.

Saludos cordiales,
Ana Mendoza",2026-06-26 02:38:55,0,Ninguno (Legítimo),0.048,[]
729,camila.castro@mail.com,maria.rios@gobierno.gob.ec,Reunión de seguimiento - Proyecto Integración API REST,"Estimado/a Maria Rios,

Le confirmamos que hemos procesado la factura #224. Puede consultar el detalle en su panel de usuario de nuestra plataforma.

Atentamente,
Equipo de Contabilidad",2025-10-25 20:08:30,0,Ninguno (Legítimo),0.089,[]
730,carlos.mendoza@servicio-cliente.com,jorge.martinez@gobierno.gob.ec,Solicitud de revisión de código - Pull Request #804,"Hola Jorge Martinez,

¿Tendrás un espacio hoy para revisar las dudas sobre el módulo HTML5 Semántico? Quedo atento a tus comentarios.

Saludos,
Carlos Mendoza",2025-11-09 16:08:20,0,Ninguno (Legítimo),0.133,[]
731,andres.fernandez@bancorivera.com,maria.torres@bancorivera.com,Factura de servicio #407 de Septiembre,"Hola equipo,

Les recordamos que este fin de semana realizaremos un mantenimiento preventivo en Base de Datos. El servicio no estará disponible entre las 02:00 y las 04:00 AM.

Gracias por su comprensión.",2026-01-05 15:26:17,0,Ninguno (Legítimo),0.125,[]
732,carlos.lopez@techcorp.com,maria.fernandez@techcorp.com,Resumen semanal de actividades del equipo Soporte Técnico,"Hola equipo,

Les recordamos que este fin de semana realizaremos un mantenimiento preventivo en Base de Datos. El servicio no estará disponible entre las 02:00 y las 04:00 AM.

Gracias por su comprensión.",2026-08-04 06:28:12,0,Ninguno (Legítimo),0.051,[]
733,soporte@logistica-express-rastreo.info,lucia.vargas@gobierno.gob.ec,Factura vencida #24068 - Notificación final de cobro judicial,"Estimado/a Lucia Vargas,

Adjunto enviamos la factura vencida #24068 correspondiente al último periodo de facturación. Si el pago no se registra hoy, iniciaremos el proceso de cobro judicial.

Descargue y revise el archivo adjunto 'Factura_Vencida_24068.exe' o 'Factura_Detalle.zip' para cancelar el saldo.

Atentamente,
Departamento de Cobranzas",2026-06-30 01:56:53,1,Fake Invoice / Malware Attachment,0.927,"[""Extensión de archivo adjunto peligrosa (.exe, .zip, .js)"", ""Amenaza de acciones legales o judiciales"", ""Remitente desconocido exigiendo pago""]"
734,soporte@techcorp-admin-portal.tk,roberto.gomez@gobierno.gob.ec,URGENTE: Suspención temporal de su cuenta bancaria por actividad sospechosa,"Estimado cliente,

Hemos detectado un intento de acceso no autorizado a su cuenta desde una dirección IP desconocida. Por su seguridad, hemos restringido temporalmente sus operaciones.

Para desbloquear su cuenta inmediatamente, ingrese a nuestro portal de verificación segura en el siguiente enlace:
http://techcorp-admin-portal.tk/login-verificacion?id=95252

Si no verifica sus datos en las próximas 24 horas, su cuenta será bloqueada permanentemente.

Atentamente,
Departamento de Seguridad Bancaria",2026-04-23 12:22:25,1,Credential Harvesting,0.977,"[""Urgencia extrema o amenaza de bloqueo"", ""Enlace a dominio no oficial"", ""Saludo genérico (Estimado cliente)"", ""Uso de protocolo HTTP no seguro""]"
735,lucia.morales@logisticaexpress.com,fernando.gomez@techcorp.com,Confirmación de registro al evento Integración API REST,"Estimado/a Fernando Gomez,

Le confirmamos que hemos procesado la factura #823. Puede consultar el detalle en su panel de usuario de nuestra plataforma.

Atentamente,
Equipo de Contabilidad",2026-04-29 00:41:16,0,Ninguno (Legítimo),0.059,[]
736,roberto.rodriguez@servicio-cliente.com,jorge.martinez@gobierno.gob.ec,Consulta sobre la entrega del módulo CSS Responsivo,"Hola equipo,

Les recordamos que este fin de semana realizaremos un mantenimiento preventivo en API REST. El servicio no estará disponible entre las 02:00 y las 04:00 AM.

Gracias por su comprensión.",2026-02-22 00:43:45,0,Ninguno (Legítimo),0.092,[]
737,carlos.rios@techcorp.com,roberto.rodriguez@bancorivera.com,Resumen semanal de actividades del equipo Ciberseguridad,"Estimado/a Roberto Rodriguez,

Le confirmamos que hemos procesado la factura #198. Puede consultar el detalle en su panel de usuario de nuestra plataforma.

Atentamente,
Equipo de Contabilidad",2026-06-28 06:28:53,0,Ninguno (Legítimo),0.025,[]
738,fernando.rodriguez@bancorivera.com,valentina.rodriguez@bancorivera.com,Factura de servicio #552 de Junio,"Hola Valentina Rodriguez,

Adjunto el informe correspondiente a la reunión de seguimiento del proyecto Auditoría de Seguridad. Por favor revisa los puntos acordados para la próxima entrega.

Saludos cordiales,
Fernando Rodriguez",2026-09-08 21:59:02,0,Ninguno (Legítimo),0.108,[]
739,camila.torres@gobierno.gob.ec,diego.perez@gobierno.gob.ec,Resumen semanal de actividades del equipo Desarrollo,"Hola Diego Perez,

Adjunto el informe correspondiente a la reunión de seguimiento del proyecto Migración a la Nube. Por favor revisa los puntos acordados para la próxima entrega.

Saludos cordiales,
Camila Torres",2026-07-25 04:53:26,0,Ninguno (Legítimo),0.098,[]
740,valentina.ramirez@empresa.edu.ec,jorge.gomez@mail.com,Confirmación de registro al evento Integración API REST,"Estimado/a Jorge Gomez,

Gracias por registrarse al taller sobre Arquitectura Cliente-Servidor. Adjuntamos la agenda y los recursos de lectura previos.

Nos vemos pronto,
Comité Organizador",2025-12-14 09:12:36,0,Ninguno (Legítimo),0.08,[]
741,roberto.rios@empresa.edu.ec,luis.torres@empresa.com,Solicitud de revisión de código - Pull Request #180,"Estimado/a Luis Torres,

Gracias por registrarse al taller sobre WCAG 2.2 y ARIA. Adjuntamos la agenda y los recursos de lectura previos.

Nos vemos pronto,
Comité Organizador",2026-06-14 13:01:11,0,Ninguno (Legítimo),0.042,[]
742,fernando.fernandez@mail.com,patricia.rios@gobierno.gob.ec,Factura de servicio #993 de Octubre,"Estimado/a Patricia Rios,

Le confirmamos que hemos procesado la factura #993. Puede consultar el detalle en su panel de usuario de nuestra plataforma.

Atentamente,
Equipo de Contabilidad",2026-02-17 08:49:14,0,Ninguno (Legítimo),0.129,[]
743,maria.ramirez@servicio-cliente.com,roberto.ramirez@bancorivera.com,Invitación: Taller sobre HTML5 Semántico,"Estimado/a Roberto Ramirez,

Le confirmamos que hemos procesado la factura #768. Puede consultar el detalle en su panel de usuario de nuestra plataforma.

Atentamente,
Equipo de Contabilidad",2026-05-15 19:22:05,0,Ninguno (Legítimo),0.057,[]
744,patricia.torres@empresa.edu.ec,gabriel.mendoza@bancorivera.com,Solicitud de revisión de código - Pull Request #724,"Hola Gabriel Mendoza,

¿Tendrás un espacio hoy para revisar las dudas sobre el módulo JavaScript Moderno ES6+? Quedo atento a tus comentarios.

Saludos,
Patricia Torres",2025-11-11 15:26:09,0,Ninguno (Legítimo),0.14,[]
745,maria.gomez@servicio-cliente.com,fernando.castro@bancorivera.com,Minuta de la reunión de planificación del sprint #330,"Hola Fernando Castro,

Adjunto el informe correspondiente a la reunión de seguimiento del proyecto Auditoría de Seguridad. Por favor revisa los puntos acordados para la próxima entrega.

Saludos cordiales,
Maria Gomez",2026-05-04 12:42:49,0,Ninguno (Legítimo),0.14,[]
746,notificaciones-plataformaeducativa@logistica-express-rastreo.info,roberto.vargas@bancorivera.com,Su contraseña de correo expira hoy - Conserve su acceso,"Estimado usuario de PlataformaEducativa,

Su contraseña expirará en 2 horas. Para mantener su contraseña actual y no perder el acceso a sus correos institucionales, valide sus credenciales en el portal interno:

https://logistica-express-rastreo.info/portal/reset-password

Soporte IT / TI",2025-12-11 03:26:56,1,Password Reset / Tech Support Scam,0.924,"[""Falsa expiración inminente de contraseña"", ""Portal de contraseña en dominio externo"", ""Sin personalización del nombre del usuario""]"
747,maria.ramirez@mail.com,jorge.rodriguez@servicio-cliente.com,Confirmación de registro al evento Auditoría de Seguridad,"Hola Jorge Rodriguez,

Adjunto el informe correspondiente a la reunión de seguimiento del proyecto Auditoría de Seguridad. Por favor revisa los puntos acordados para la próxima entrega.

Saludos cordiales,
Maria Ramirez",2026-04-08 04:00:29,0,Ninguno (Legítimo),0.092,[]
748,soporte@seguridad-cuenta-alert.online,ana.mendoza@bancorivera.com,Solicitud urgente de transferencia de fondos - Confidencial,"Hola Ana Mendoza,

Me encuentro en una reunión ejecutiva sin acceso a llamadas. Necesito que proceses con urgencia una transferencia bancaria para la adquisición de licencias internacionales.

Por favor confirma si puedes hacer el pago ahora mismo y te envío los datos de la cuenta de destino. Mantén esto de forma confidencial.

Saludos,
Dirección General",2026-06-03 04:40:55,1,Spear Phishing / CEO Fraud,0.855,"[""Suplantación de identidad ejecutiva (CEO Fraud)"", ""Petición de transferencia o pago urgente"", ""Solicitud de mantener secreto/confidencialidad"", ""Remitente spoofed o de correo gratuito""]"
749,notificaciones-servipagos@logistica-express-rastreo.info,patricia.martinez@techcorp.com,Su contraseña de correo expira hoy - Conserve su acceso,"Estimado usuario de ServiPagos,

Su contraseña expirará en 2 horas. Para mantener su contraseña actual y no perder el acceso a sus correos institucionales, valide sus credenciales en el portal interno:

https://logistica-express-rastreo.info/portal/reset-password

Soporte IT / TI",2026-02-08 20:43:51,1,Password Reset / Tech Support Scam,0.831,"[""Falsa expiración inminente de contraseña"", ""Portal de contraseña en dominio externo"", ""Sin personalización del nombre del usuario""]"
750,andres.castro@gobierno.gob.ec,lucia.rios@logisticaexpress.com,Confirmación de registro al evento Integración API REST,"Hola equipo,

Les recordamos que este fin de semana realizaremos un mantenimiento preventivo en Base de Datos. El servicio no estará disponible entre las 02:00 y las 04:00 AM.

Gracias por su comprensión.",2025-12-16 02:01:11,0,Ninguno (Legítimo),0.108,[]
751,fernando.rodriguez@logisticaexpress.com,valentina.castro@servicio-cliente.com,Recordatorio: Mantenimiento programado de API REST,"Hola Valentina Castro,

Adjunto el informe correspondiente a la reunión de seguimiento del proyecto Integración API REST. Por favor revisa los puntos acordados para la próxima entrega.

Saludos cordiales,
Fernando Rodriguez",2025-09-28 20:37:14,0,Ninguno (Legítimo),0.062,[]
752,andres.rodriguez@bancorivera.com,patricia.castro@servicio-cliente.com,Informe mensual de rendimiento de la plataforma,"Hola equipo,

Les recordamos que este fin de semana realizaremos un mantenimiento preventivo en API REST. El servicio no estará disponible entre las 02:00 y las 04:00 AM.

Gracias por su comprensión.",2025-11-12 09:18:21,0,Ninguno (Legítimo),0.126,[]
753,soporte@logistica-express-rastreo.info,roberto.torres@bancorivera.com,Factura vencida #68198 - Notificación final de cobro judicial,"Estimado/a Roberto Torres,

Adjunto enviamos la factura vencida #68198 correspondiente al último periodo de facturación. Si el pago no se registra hoy, iniciaremos el proceso de cobro judicial.

Descargue y revise el archivo adjunto 'Factura_Vencida_68198.exe' o 'Factura_Detalle.zip' para cancelar el saldo.

Atentamente,
Departamento de Cobranzas",2026-01-22 06:12:00,1,Fake Invoice / Malware Attachment,0.922,"[""Extensión de archivo adjunto peligrosa (.exe, .zip, .js)"", ""Amenaza de acciones legales o judiciales"", ""Remitente desconocido exigiendo pago""]"
754,carlos.ramirez@mail.com,sofia.gomez@mail.com,Invitación: Taller sobre CSS Responsivo,"Hola Sofia Gomez,

¿Tendrás un espacio hoy para revisar las dudas sobre el módulo CSS Responsivo? Quedo atento a tus comentarios.

Saludos,
Carlos Ramirez",2026-05-31 09:54:09,0,Ninguno (Legítimo),0.071,[]
755,sofia.rios@servicio-cliente.com,maria.morales@empresa.com,Consulta sobre la entrega del módulo WCAG 2.2 y ARIA,"Estimado/a Maria Morales,

Gracias por registrarse al taller sobre WCAG 2.2 y ARIA. Adjuntamos la agenda y los recursos de lectura previos.

Nos vemos pronto,
Comité Organizador",2026-09-09 10:04:46,0,Ninguno (Legítimo),0.114,[]
756,luis.perez@gobierno.gob.ec,fernando.mendoza@gobierno.gob.ec,Confirmación de registro al evento Diseño UX/UI,"Hola equipo,

Les recordamos que este fin de semana realizaremos un mantenimiento preventivo en API REST. El servicio no estará disponible entre las 02:00 y las 04:00 AM.

Gracias por su comprensión.",2025-11-07 08:33:10,0,Ninguno (Legítimo),0.12,[]
757,fernando.rios@techcorp.com,maria.martinez@mail.com,Informe mensual de rendimiento de la plataforma,"Hola equipo,

Les recordamos que este fin de semana realizaremos un mantenimiento preventivo en Servidor Node.js. El servicio no estará disponible entre las 02:00 y las 04:00 AM.

Gracias por su comprensión.",2026-07-09 08:26:57,0,Ninguno (Legítimo),0.077,[]
758,fernando.ramirez@mail.com,ana.ramirez@empresa.edu.ec,Factura de servicio #551 de Agosto,"Estimado/a Ana Ramirez,

Le confirmamos que hemos procesado la factura #551. Puede consultar el detalle en su panel de usuario de nuestra plataforma.

Atentamente,
Equipo de Contabilidad",2025-12-21 22:52:37,0,Ninguno (Legítimo),0.042,[]
759,notificaciones-megamarket@actualiza-credenciales-pagos.net,ana.perez@empresa.edu.ec,URGENTE: Suspención temporal de su cuenta bancaria por actividad sospechosa,"Estimado cliente,

Hemos detectado un intento de acceso no autorizado a su cuenta desde una dirección IP desconocida. Por su seguridad, hemos restringido temporalmente sus operaciones.

Para desbloquear su cuenta inmediatamente, ingrese a nuestro portal de verificación segura en el siguiente enlace:
http://actualiza-credenciales-pagos.net/login-verificacion?id=99711

Si no verifica sus datos en las próximas 24 horas, su cuenta será bloqueada permanentemente.

Atentamente,
Departamento de Seguridad Bancaria",2026-07-15 07:53:00,1,Credential Harvesting,0.856,"[""Urgencia extrema o amenaza de bloqueo"", ""Enlace a dominio no oficial"", ""Saludo genérico (Estimado cliente)"", ""Uso de protocolo HTTP no seguro""]"
760,ana.ramirez@logisticaexpress.com,fernando.gomez@mail.com,Confirmación de registro al evento Plataforma Web,"Hola Fernando Gomez,

Adjunto el informe correspondiente a la reunión de seguimiento del proyecto Plataforma Web. Por favor revisa los puntos acordados para la próxima entrega.

Saludos cordiales,
Ana Ramirez",2025-10-02 17:25:54,0,Ninguno (Legítimo),0.043,[]
761,sofia.lopez@bancorivera.com,luis.vargas@empresa.com,Confirmación de registro al evento Auditoría de Seguridad,"Hola equipo,

Les recordamos que este fin de semana realizaremos un mantenimiento preventivo en Servicio de Autenticación. El servicio no estará disponible entre las 02:00 y las 04:00 AM.

Gracias por su comprensión.",2026-03-10 23:08:41,0,Ninguno (Legítimo),0.097,[]
762,notificaciones-cloudservices@verificate-ahora-login.org,jorge.ramirez@bancorivera.com,URGENTE: Suspención temporal de su cuenta bancaria por actividad sospechosa,"Estimado cliente,

Hemos detectado un intento de acceso no autorizado a su cuenta desde una dirección IP desconocida. Por su seguridad, hemos restringido temporalmente sus operaciones.

Para desbloquear su cuenta inmediatamente, ingrese a nuestro portal de verificación segura en el siguiente enlace:
http://verificate-ahora-login.org/login-verificacion?id=37719

Si no verifica sus datos en las próximas 24 horas, su cuenta será bloqueada permanentemente.

Atentamente,
Departamento de Seguridad Bancaria",2025-09-23 18:35:25,1,Credential Harvesting,0.959,"[""Urgencia extrema o amenaza de bloqueo"", ""Enlace a dominio no oficial"", ""Saludo genérico (Estimado cliente)"", ""Uso de protocolo HTTP no seguro""]"
763,jorge.fernandez@empresa.edu.ec,diego.fernandez@bancorivera.com,Factura de servicio #329 de Diciembre,"Hola Diego Fernandez,

Adjunto el informe correspondiente a la reunión de seguimiento del proyecto Integración API REST. Por favor revisa los puntos acordados para la próxima entrega.

Saludos cordiales,
Jorge Fernandez",2026-06-25 20:31:35,0,Ninguno (Legítimo),0.129,[]
764,gabriel.martinez@logisticaexpress.com,camila.vargas@servicio-cliente.com,Solicitud de revisión de código - Pull Request #400,"Estimado/a Camila Vargas,

Gracias por registrarse al taller sobre JavaScript Moderno ES6+. Adjuntamos la agenda y los recursos de lectura previos.

Nos vemos pronto,
Comité Organizador",2025-09-28 06:06:14,0,Ninguno (Legítimo),0.054,[]
765,lucia.rodriguez@mail.com,andres.castro@empresa.com,Minuta de la reunión de planificación del sprint #617,"Estimado/a Andres Castro,

Gracias por registrarse al taller sobre JavaScript Moderno ES6+. Adjuntamos la agenda y los recursos de lectura previos.

Nos vemos pronto,
Comité Organizador",2026-08-21 16:46:34,0,Ninguno (Legítimo),0.12,[]
766,notificaciones-logisticaexpress@techcorp-admin-portal.tk,patricia.mendoza@empresa.com,Su contraseña de correo expira hoy - Conserve su acceso,"Estimado usuario de LogisticaExpress,

Su contraseña expirará en 2 horas. Para mantener su contraseña actual y no perder el acceso a sus correos institucionales, valide sus credenciales en el portal interno:

https://techcorp-admin-portal.tk/portal/reset-password

Soporte IT / TI",2025-11-05 03:34:26,1,Password Reset / Tech Support Scam,0.871,"[""Falsa expiración inminente de contraseña"", ""Portal de contraseña en dominio externo"", ""Sin personalización del nombre del usuario""]"
767,soporte@actualiza-credenciales-pagos.net,jorge.ramirez@servicio-cliente.com,Solicitud urgente de transferencia de fondos - Confidencial,"Hola Jorge Ramirez,

Me encuentro en una reunión ejecutiva sin acceso a llamadas. Necesito que proceses con urgencia una transferencia bancaria para la adquisición de licencias internacionales.

Por favor confirma si puedes hacer el pago ahora mismo y te envío los datos de la cuenta de destino. Mantén esto de forma confidencial.

Saludos,
Dirección General",2026-03-29 23:19:44,1,Spear Phishing / CEO Fraud,0.851,"[""Suplantación de identidad ejecutiva (CEO Fraud)"", ""Petición de transferencia o pago urgente"", ""Solicitud de mantener secreto/confidencialidad"", ""Remitente spoofed o de correo gratuito""]"
768,valentina.gomez@techcorp.com,maria.lopez@bancorivera.com,Factura de servicio #235 de Junio,"Estimado/a Maria Lopez,

Le confirmamos que hemos procesado la factura #235. Puede consultar el detalle en su panel de usuario de nuestra plataforma.

Atentamente,
Equipo de Contabilidad",2026-09-01 01:06:25,0,Ninguno (Legítimo),0.066,[]
769,maria.castro@bancorivera.com,maria.sanchez@mail.com,Factura de servicio #856 de Diciembre,"Estimado/a Maria Sanchez,

Gracias por registrarse al taller sobre Arquitectura Cliente-Servidor. Adjuntamos la agenda y los recursos de lectura previos.

Nos vemos pronto,
Comité Organizador",2026-08-31 18:40:55,0,Ninguno (Legítimo),0.051,[]
770,lucia.vargas@servicio-cliente.com,luis.lopez@bancorivera.com,Consulta sobre la entrega del módulo CSS Responsivo,"Hola equipo,

Les recordamos que este fin de semana realizaremos un mantenimiento preventivo en API REST. El servicio no estará disponible entre las 02:00 y las 04:00 AM.

Gracias por su comprensión.",2025-11-08 14:40:45,0,Ninguno (Legítimo),0.079,[]
771,soporte@soporte-urgente-banco.xyz,valentina.martinez@mail.com,Factura vencida #33385 - Notificación final de cobro judicial,"Estimado/a Valentina Martinez,

Adjunto enviamos la factura vencida #33385 correspondiente al último periodo de facturación. Si el pago no se registra hoy, iniciaremos el proceso de cobro judicial.

Descargue y revise el archivo adjunto 'Factura_Vencida_33385.exe' o 'Factura_Detalle.zip' para cancelar el saldo.

Atentamente,
Departamento de Cobranzas",2026-05-25 03:07:18,1,Fake Invoice / Malware Attachment,0.984,"[""Extensión de archivo adjunto peligrosa (.exe, .zip, .js)"", ""Amenaza de acciones legales o judiciales"", ""Remitente desconocido exigiendo pago""]"
772,gabriel.rodriguez@mail.com,valentina.morales@gobierno.gob.ec,Invitación: Taller sobre JavaScript Moderno ES6+,"Estimado/a Valentina Morales,

Le confirmamos que hemos procesado la factura #269. Puede consultar el detalle en su panel de usuario de nuestra plataforma.

Atentamente,
Equipo de Contabilidad",2026-09-10 15:40:14,0,Ninguno (Legítimo),0.134,[]
773,soporte@banc0-verificacion-segura.com,maria.perez@gobierno.gob.ec,Solicitud urgente de transferencia de fondos - Confidencial,"Hola Maria Perez,

Me encuentro en una reunión ejecutiva sin acceso a llamadas. Necesito que proceses con urgencia una transferencia bancaria para la adquisición de licencias internacionales.

Por favor confirma si puedes hacer el pago ahora mismo y te envío los datos de la cuenta de destino. Mantén esto de forma confidencial.

Saludos,
Dirección General",2026-01-12 06:04:11,1,Spear Phishing / CEO Fraud,0.933,"[""Suplantación de identidad ejecutiva (CEO Fraud)"", ""Petición de transferencia o pago urgente"", ""Solicitud de mantener secreto/confidencialidad"", ""Remitente spoofed o de correo gratuito""]"
774,carlos.sanchez@logisticaexpress.com,diego.gomez@servicio-cliente.com,Invitación: Taller sobre Arquitectura Cliente-Servidor,"Hola Diego Gomez,

Adjunto el informe correspondiente a la reunión de seguimiento del proyecto Diseño UX/UI. Por favor revisa los puntos acordados para la próxima entrega.

Saludos cordiales,
Carlos Sanchez",2026-06-05 03:35:05,0,Ninguno (Legítimo),0.11,[]
775,luis.rios@techcorp.com,valentina.torres@gobierno.gob.ec,Invitación: Taller sobre JavaScript Moderno ES6+,"Hola Valentina Torres,

Adjunto el informe correspondiente a la reunión de seguimiento del proyecto Plataforma Web. Por favor revisa los puntos acordados para la próxima entrega.

Saludos cordiales,
Luis Rios",2025-11-02 00:10:49,0,Ninguno (Legítimo),0.056,[]
776,ana.fernandez@empresa.edu.ec,luis.castro@mail.com,Minuta de la reunión de planificación del sprint #425,"Estimado/a Luis Castro,

Le confirmamos que hemos procesado la factura #425. Puede consultar el detalle en su panel de usuario de nuestra plataforma.

Atentamente,
Equipo de Contabilidad",2026-01-21 00:30:36,0,Ninguno (Legítimo),0.092,[]
777,camila.rios@techcorp.com,fernando.torres@techcorp.com,Informe mensual de rendimiento de la plataforma,"Estimado/a Fernando Torres,

Le confirmamos que hemos procesado la factura #389. Puede consultar el detalle en su panel de usuario de nuestra plataforma.

Atentamente,
Equipo de Contabilidad",2025-12-22 15:07:27,0,Ninguno (Legítimo),0.01,[]
778,notificaciones-plataformaeducativa@logistica-express-rastreo.info,diego.castro@techcorp.com,URGENTE: Suspención temporal de su cuenta bancaria por actividad sospechosa,"Estimado cliente,

Hemos detectado un intento de acceso no autorizado a su cuenta desde una dirección IP desconocida. Por su seguridad, hemos restringido temporalmente sus operaciones.

Para desbloquear su cuenta inmediatamente, ingrese a nuestro portal de verificación segura en el siguiente enlace:
http://logistica-express-rastreo.info/login-verificacion?id=44481

Si no verifica sus datos en las próximas 24 horas, su cuenta será bloqueada permanentemente.

Atentamente,
Departamento de Seguridad Bancaria",2026-06-14 06:15:13,1,Credential Harvesting,0.883,"[""Urgencia extrema o amenaza de bloqueo"", ""Enlace a dominio no oficial"", ""Saludo genérico (Estimado cliente)"", ""Uso de protocolo HTTP no seguro""]"
779,sofia.vargas@servicio-cliente.com,elena.martinez@logisticaexpress.com,Informe mensual de rendimiento de la plataforma,"Hola equipo,

Les recordamos que este fin de semana realizaremos un mantenimiento preventivo en API REST. El servicio no estará disponible entre las 02:00 y las 04:00 AM.

Gracias por su comprensión.",2026-05-31 07:55:06,0,Ninguno (Legítimo),0.024,[]
780,notificaciones-megamarket@banc0-verificacion-segura.com,andres.sanchez@logisticaexpress.com,Factura vencida #33094 - Notificación final de cobro judicial,"Estimado/a Andres Sanchez,

Adjunto enviamos la factura vencida #33094 correspondiente al último periodo de facturación. Si el pago no se registra hoy, iniciaremos el proceso de cobro judicial.

Descargue y revise el archivo adjunto 'Factura_Vencida_33094.exe' o 'Factura_Detalle.zip' para cancelar el saldo.

Atentamente,
Departamento de Cobranzas",2026-01-26 23:16:37,1,Fake Invoice / Malware Attachment,0.953,"[""Extensión de archivo adjunto peligrosa (.exe, .zip, .js)"", ""Amenaza de acciones legales o judiciales"", ""Remitente desconocido exigiendo pago""]"
781,valentina.vargas@logisticaexpress.com,camila.rios@servicio-cliente.com,Reunión de seguimiento - Proyecto Auditoría de Seguridad,"Hola Camila Rios,

¿Tendrás un espacio hoy para revisar las dudas sobre el módulo WCAG 2.2 y ARIA? Quedo atento a tus comentarios.

Saludos,
Valentina Vargas",2026-03-23 12:39:44,0,Ninguno (Legítimo),0.118,[]
782,soporte@logistica-express-rastreo.info,roberto.mendoza@servicio-cliente.com,Factura vencida #44170 - Notificación final de cobro judicial,"Estimado/a Roberto Mendoza,

Adjunto enviamos la factura vencida #44170 correspondiente al último periodo de facturación. Si el pago no se registra hoy, iniciaremos el proceso de cobro judicial.

Descargue y revise el archivo adjunto 'Factura_Vencida_44170.exe' o 'Factura_Detalle.zip' para cancelar el saldo.

Atentamente,
Departamento de Cobranzas",2026-02-10 22:58:20,1,Fake Invoice / Malware Attachment,0.96,"[""Extensión de archivo adjunto peligrosa (.exe, .zip, .js)"", ""Amenaza de acciones legales o judiciales"", ""Remitente desconocido exigiendo pago""]"
783,elena.morales@logisticaexpress.com,andres.fernandez@logisticaexpress.com,Factura de servicio #728 de Septiembre,"Hola Andres Fernandez,

Adjunto el informe correspondiente a la reunión de seguimiento del proyecto Integración API REST. Por favor revisa los puntos acordados para la próxima entrega.

Saludos cordiales,
Elena Morales",2025-09-24 19:13:57,0,Ninguno (Legítimo),0.143,[]
784,notificaciones-cloudservices@verificate-ahora-login.org,gabriel.sanchez@empresa.edu.ec,URGENTE: Suspención temporal de su cuenta bancaria por actividad sospechosa,"Estimado cliente,

Hemos detectado un intento de acceso no autorizado a su cuenta desde una dirección IP desconocida. Por su seguridad, hemos restringido temporalmente sus operaciones.

Para desbloquear su cuenta inmediatamente, ingrese a nuestro portal de verificación segura en el siguiente enlace:
http://verificate-ahora-login.org/login-verificacion?id=37585

Si no verifica sus datos en las próximas 24 horas, su cuenta será bloqueada permanentemente.

Atentamente,
Departamento de Seguridad Bancaria",2026-03-14 11:17:09,1,Credential Harvesting,0.988,"[""Urgencia extrema o amenaza de bloqueo"", ""Enlace a dominio no oficial"", ""Saludo genérico (Estimado cliente)"", ""Uso de protocolo HTTP no seguro""]"
785,lucia.sanchez@empresa.com,sofia.mendoza@techcorp.com,Resumen semanal de actividades del equipo Desarrollo,"Hola Sofia Mendoza,

Adjunto el informe correspondiente a la reunión de seguimiento del proyecto Migración a la Nube. Por favor revisa los puntos acordados para la próxima entrega.

Saludos cordiales,
Lucia Sanchez",2026-03-22 16:20:59,0,Ninguno (Legítimo),0.08,[]
786,patricia.vargas@logisticaexpress.com,sofia.martinez@bancorivera.com,Reunión de seguimiento - Proyecto Plataforma Web,"Hola equipo,

Les recordamos que este fin de semana realizaremos un mantenimiento preventivo en Servicio de Autenticación. El servicio no estará disponible entre las 02:00 y las 04:00 AM.

Gracias por su comprensión.",2025-09-22 13:42:51,0,Ninguno (Legítimo),0.131,[]
787,soporte@techcorp-admin-portal.tk,carlos.gomez@techcorp.com,URGENTE: Suspención temporal de su cuenta bancaria por actividad sospechosa,"Estimado cliente,

Hemos detectado un intento de acceso no autorizado a su cuenta desde una dirección IP desconocida. Por su seguridad, hemos restringido temporalmente sus operaciones.

Para desbloquear su cuenta inmediatamente, ingrese a nuestro portal de verificación segura en el siguiente enlace:
http://techcorp-admin-portal.tk/login-verificacion?id=87095

Si no verifica sus datos en las próximas 24 horas, su cuenta será bloqueada permanentemente.

Atentamente,
Departamento de Seguridad Bancaria",2026-05-17 23:07:24,1,Credential Harvesting,0.935,"[""Urgencia extrema o amenaza de bloqueo"", ""Enlace a dominio no oficial"", ""Saludo genérico (Estimado cliente)"", ""Uso de protocolo HTTP no seguro""]"
788,notificaciones-logisticaexpress@actualiza-credenciales-pagos.net,carlos.martinez@gobierno.gob.ec,Factura vencida #23065 - Notificación final de cobro judicial,"Estimado/a Carlos Martinez,

Adjunto enviamos la factura vencida #23065 correspondiente al último periodo de facturación. Si el pago no se registra hoy, iniciaremos el proceso de cobro judicial.

Descargue y revise el archivo adjunto 'Factura_Vencida_23065.exe' o 'Factura_Detalle.zip' para cancelar el saldo.

Atentamente,
Departamento de Cobranzas",2026-02-13 23:28:45,1,Fake Invoice / Malware Attachment,0.943,"[""Extensión de archivo adjunto peligrosa (.exe, .zip, .js)"", ""Amenaza de acciones legales o judiciales"", ""Remitente desconocido exigiendo pago""]"
789,camila.martinez@logisticaexpress.com,patricia.fernandez@gobierno.gob.ec,Consulta sobre la entrega del módulo Arquitectura Cliente-Servidor,"Hola Patricia Fernandez,

Adjunto el informe correspondiente a la reunión de seguimiento del proyecto Diseño UX/UI. Por favor revisa los puntos acordados para la próxima entrega.

Saludos cordiales,
Camila Martinez",2026-04-08 11:23:17,0,Ninguno (Legítimo),0.073,[]
790,camila.ramirez@empresa.edu.ec,patricia.torres@mail.com,Invitación: Taller sobre HTML5 Semántico,"Estimado/a Patricia Torres,

Le confirmamos que hemos procesado la factura #440. Puede consultar el detalle en su panel de usuario de nuestra plataforma.

Atentamente,
Equipo de Contabilidad",2025-09-13 22:28:01,0,Ninguno (Legítimo),0.131,[]
791,patricia.gomez@servicio-cliente.com,jorge.fernandez@servicio-cliente.com,Invitación: Taller sobre JavaScript Moderno ES6+,"Hola Jorge Fernandez,

¿Tendrás un espacio hoy para revisar las dudas sobre el módulo JavaScript Moderno ES6+? Quedo atento a tus comentarios.

Saludos,
Patricia Gomez",2026-01-06 11:03:15,0,Ninguno (Legítimo),0.094,[]
792,gabriel.vargas@logisticaexpress.com,camila.morales@servicio-cliente.com,Confirmación de registro al evento Diseño UX/UI,"Hola Camila Morales,

Adjunto el informe correspondiente a la reunión de seguimiento del proyecto Diseño UX/UI. Por favor revisa los puntos acordados para la próxima entrega.

Saludos cordiales,
Gabriel Vargas",2026-01-16 15:37:03,0,Ninguno (Legítimo),0.063,[]
793,andres.rios@empresa.edu.ec,maria.lopez@logisticaexpress.com,Reunión de seguimiento - Proyecto Diseño UX/UI,"Hola Maria Lopez,

¿Tendrás un espacio hoy para revisar las dudas sobre el módulo CSS Responsivo? Quedo atento a tus comentarios.

Saludos,
Andres Rios",2025-11-23 02:55:49,0,Ninguno (Legítimo),0.069,[]
794,notificaciones-cloudservices@soporte-urgente-banco.xyz,sofia.castro@gobierno.gob.ec,Su contraseña de correo expira hoy - Conserve su acceso,"Estimado usuario de CloudServices,

Su contraseña expirará en 2 horas. Para mantener su contraseña actual y no perder el acceso a sus correos institucionales, valide sus credenciales en el portal interno:

https://soporte-urgente-banco.xyz/portal/reset-password

Soporte IT / TI",2025-10-31 23:51:19,1,Password Reset / Tech Support Scam,0.845,"[""Falsa expiración inminente de contraseña"", ""Portal de contraseña en dominio externo"", ""Sin personalización del nombre del usuario""]"
795,notificaciones-cloudservices@logistica-express-rastreo.info,lucia.morales@gobierno.gob.ec,Factura vencida #37606 - Notificación final de cobro judicial,"Estimado/a Lucia Morales,

Adjunto enviamos la factura vencida #37606 correspondiente al último periodo de facturación. Si el pago no se registra hoy, iniciaremos el proceso de cobro judicial.

Descargue y revise el archivo adjunto 'Factura_Vencida_37606.exe' o 'Factura_Detalle.zip' para cancelar el saldo.

Atentamente,
Departamento de Cobranzas",2026-08-17 15:26:39,1,Fake Invoice / Malware Attachment,0.959,"[""Extensión de archivo adjunto peligrosa (.exe, .zip, .js)"", ""Amenaza de acciones legales o judiciales"", ""Remitente desconocido exigiendo pago""]"
796,valentina.lopez@techcorp.com,camila.gomez@mail.com,Informe mensual de rendimiento de la plataforma,"Hola Camila Gomez,

Adjunto el informe correspondiente a la reunión de seguimiento del proyecto Plataforma Web. Por favor revisa los puntos acordados para la próxima entrega.

Saludos cordiales,
Valentina Lopez",2025-11-09 13:58:47,0,Ninguno (Legítimo),0.085,[]
797,luis.sanchez@logisticaexpress.com,andres.ramirez@techcorp.com,Confirmación de registro al evento Plataforma Web,"Hola Andres Ramirez,

¿Tendrás un espacio hoy para revisar las dudas sobre el módulo CSS Responsivo? Quedo atento a tus comentarios.

Saludos,
Luis Sanchez",2025-10-03 06:45:16,0,Ninguno (Legítimo),0.112,[]
798,maria.castro@logisticaexpress.com,diego.rodriguez@techcorp.com,Invitación: Taller sobre WCAG 2.2 y ARIA,"Hola Diego Rodriguez,

¿Tendrás un espacio hoy para revisar las dudas sobre el módulo WCAG 2.2 y ARIA? Quedo atento a tus comentarios.

Saludos,
Maria Castro",2026-03-26 17:16:30,0,Ninguno (Legítimo),0.1,[]
799,diego.lopez@bancorivera.com,fernando.mendoza@servicio-cliente.com,Resumen semanal de actividades del equipo Infraestructura,"Estimado/a Fernando Mendoza,

Gracias por registrarse al taller sobre WCAG 2.2 y ARIA. Adjuntamos la agenda y los recursos de lectura previos.

Nos vemos pronto,
Comité Organizador",2026-06-23 05:33:36,0,Ninguno (Legítimo),0.132,[]
800,gabriel.martinez@empresa.edu.ec,andres.fernandez@servicio-cliente.com,Resumen semanal de actividades del equipo Soporte Técnico,"Hola equipo,

Les recordamos que este fin de semana realizaremos un mantenimiento preventivo en Servicio de Autenticación. El servicio no estará disponible entre las 02:00 y las 04:00 AM.

Gracias por su comprensión.",2025-09-27 12:59:13,0,Ninguno (Legítimo),0.127,[]
801,soporte@seguridad-cuenta-alert.online,diego.lopez@gobierno.gob.ec,Solicitud urgente de transferencia de fondos - Confidencial,"Hola Diego Lopez,

Me encuentro en una reunión ejecutiva sin acceso a llamadas. Necesito que proceses con urgencia una transferencia bancaria para la adquisición de licencias internacionales.

Por favor confirma si puedes hacer el pago ahora mismo y te envío los datos de la cuenta de destino. Mantén esto de forma confidencial.

Saludos,
Dirección General",2025-10-12 06:02:28,1,Spear Phishing / CEO Fraud,0.914,"[""Suplantación de identidad ejecutiva (CEO Fraud)"", ""Petición de transferencia o pago urgente"", ""Solicitud de mantener secreto/confidencialidad"", ""Remitente spoofed o de correo gratuito""]"
802,lucia.rios@servicio-cliente.com,lucia.lopez@bancorivera.com,Confirmación de registro al evento Diseño UX/UI,"Estimado/a Lucia Lopez,

Le confirmamos que hemos procesado la factura #845. Puede consultar el detalle en su panel de usuario de nuestra plataforma.

Atentamente,
Equipo de Contabilidad",2026-06-13 23:51:10,0,Ninguno (Legítimo),0.141,[]
803,carlos.ramirez@gobierno.gob.ec,lucia.morales@logisticaexpress.com,Confirmación de registro al evento Auditoría de Seguridad,"Hola Lucia Morales,

Adjunto el informe correspondiente a la reunión de seguimiento del proyecto Auditoría de Seguridad. Por favor revisa los puntos acordados para la próxima entrega.

Saludos cordiales,
Carlos Ramirez",2025-12-11 00:05:44,0,Ninguno (Legítimo),0.101,[]
804,carlos.rios@servicio-cliente.com,fernando.martinez@bancorivera.com,Solicitud de revisión de código - Pull Request #747,"Hola Fernando Martinez,

¿Tendrás un espacio hoy para revisar las dudas sobre el módulo Arquitectura Cliente-Servidor? Quedo atento a tus comentarios.

Saludos,
Carlos Rios",2026-03-23 09:35:56,0,Ninguno (Legítimo),0.123,[]
805,soporte@banc0-verificacion-segura.com,jorge.castro@techcorp.com,Solicitud urgente de transferencia de fondos - Confidencial,"Hola Jorge Castro,

Me encuentro en una reunión ejecutiva sin acceso a llamadas. Necesito que proceses con urgencia una transferencia bancaria para la adquisición de licencias internacionales.

Por favor confirma si puedes hacer el pago ahora mismo y te envío los datos de la cuenta de destino. Mantén esto de forma confidencial.

Saludos,
Dirección General",2025-09-16 06:18:56,1,Spear Phishing / CEO Fraud,0.888,"[""Suplantación de identidad ejecutiva (CEO Fraud)"", ""Petición de transferencia o pago urgente"", ""Solicitud de mantener secreto/confidencialidad"", ""Remitente spoofed o de correo gratuito""]"
806,notificaciones-cloudservices@techcorp-admin-portal.tk,fernando.rios@logisticaexpress.com,Su contraseña de correo expira hoy - Conserve su acceso,"Estimado usuario de CloudServices,

Su contraseña expirará en 2 horas. Para mantener su contraseña actual y no perder el acceso a sus correos institucionales, valide sus credenciales en el portal interno:

https://techcorp-admin-portal.tk/portal/reset-password

Soporte IT / TI",2025-10-21 03:48:34,1,Password Reset / Tech Support Scam,0.947,"[""Falsa expiración inminente de contraseña"", ""Portal de contraseña en dominio externo"", ""Sin personalización del nombre del usuario""]"
807,soporte@logistica-express-rastreo.info,lucia.morales@bancorivera.com,Factura vencida #97519 - Notificación final de cobro judicial,"Estimado/a Lucia Morales,

Adjunto enviamos la factura vencida #97519 correspondiente al último periodo de facturación. Si el pago no se registra hoy, iniciaremos el proceso de cobro judicial.

Descargue y revise el archivo adjunto 'Factura_Vencida_97519.exe' o 'Factura_Detalle.zip' para cancelar el saldo.

Atentamente,
Departamento de Cobranzas",2026-08-30 14:09:39,1,Fake Invoice / Malware Attachment,0.971,"[""Extensión de archivo adjunto peligrosa (.exe, .zip, .js)"", ""Amenaza de acciones legales o judiciales"", ""Remitente desconocido exigiendo pago""]"
808,ana.martinez@logisticaexpress.com,luis.lopez@servicio-cliente.com,Minuta de la reunión de planificación del sprint #519,"Hola equipo,

Les recordamos que este fin de semana realizaremos un mantenimiento preventivo en API REST. El servicio no estará disponible entre las 02:00 y las 04:00 AM.

Gracias por su comprensión.",2026-09-09 17:42:28,0,Ninguno (Legítimo),0.026,[]
809,luis.lopez@empresa.edu.ec,andres.rodriguez@empresa.edu.ec,Recordatorio: Mantenimiento programado de Base de Datos,"Hola equipo,

Les recordamos que este fin de semana realizaremos un mantenimiento preventivo en Base de Datos. El servicio no estará disponible entre las 02:00 y las 04:00 AM.

Gracias por su comprensión.",2026-08-23 11:08:04,0,Ninguno (Legítimo),0.074,[]
810,sofia.gomez@empresa.com,diego.castro@techcorp.com,Invitación: Taller sobre CSS Responsivo,"Estimado/a Diego Castro,

Le confirmamos que hemos procesado la factura #282. Puede consultar el detalle en su panel de usuario de nuestra plataforma.

Atentamente,
Equipo de Contabilidad",2026-01-05 19:12:21,0,Ninguno (Legítimo),0.048,[]
811,soporte@soporte-urgente-banco.xyz,andres.martinez@empresa.edu.ec,Factura vencida #85850 - Notificación final de cobro judicial,"Estimado/a Andres Martinez,

Adjunto enviamos la factura vencida #85850 correspondiente al último periodo de facturación. Si el pago no se registra hoy, iniciaremos el proceso de cobro judicial.

Descargue y revise el archivo adjunto 'Factura_Vencida_85850.exe' o 'Factura_Detalle.zip' para cancelar el saldo.

Atentamente,
Departamento de Cobranzas",2026-01-30 17:26:34,1,Fake Invoice / Malware Attachment,0.951,"[""Extensión de archivo adjunto peligrosa (.exe, .zip, .js)"", ""Amenaza de acciones legales o judiciales"", ""Remitente desconocido exigiendo pago""]"
812,jorge.morales@logisticaexpress.com,ana.rios@empresa.com,Consulta sobre la entrega del módulo CSS Responsivo,"Hola equipo,

Les recordamos que este fin de semana realizaremos un mantenimiento preventivo en API REST. El servicio no estará disponible entre las 02:00 y las 04:00 AM.

Gracias por su comprensión.",2026-07-21 14:12:24,0,Ninguno (Legítimo),0.023,[]
813,maria.morales@techcorp.com,andres.martinez@bancorivera.com,Informe mensual de rendimiento de la plataforma,"Estimado/a Andres Martinez,

Gracias por registrarse al taller sobre WCAG 2.2 y ARIA. Adjuntamos la agenda y los recursos de lectura previos.

Nos vemos pronto,
Comité Organizador",2026-01-11 15:56:47,0,Ninguno (Legítimo),0.102,[]
814,elena.fernandez@servicio-cliente.com,lucia.rios@bancorivera.com,Confirmación de registro al evento Plataforma Web,"Estimado/a Lucia Rios,

Gracias por registrarse al taller sobre CSS Responsivo. Adjuntamos la agenda y los recursos de lectura previos.

Nos vemos pronto,
Comité Organizador",2026-02-13 11:48:31,0,Ninguno (Legítimo),0.087,[]
815,roberto.torres@logisticaexpress.com,andres.ramirez@empresa.com,Invitación: Taller sobre WCAG 2.2 y ARIA,"Estimado/a Andres Ramirez,

Gracias por registrarse al taller sobre WCAG 2.2 y ARIA. Adjuntamos la agenda y los recursos de lectura previos.

Nos vemos pronto,
Comité Organizador",2026-04-14 06:27:00,0,Ninguno (Legítimo),0.052,[]
816,fernando.ramirez@empresa.com,maria.fernandez@empresa.com,Solicitud de revisión de código - Pull Request #129,"Hola Maria Fernandez,

¿Tendrás un espacio hoy para revisar las dudas sobre el módulo WCAG 2.2 y ARIA? Quedo atento a tus comentarios.

Saludos,
Fernando Ramirez",2025-12-30 02:27:28,0,Ninguno (Legítimo),0.038,[]
817,luis.martinez@techcorp.com,gabriel.mendoza@bancorivera.com,Confirmación de registro al evento Diseño UX/UI,"Estimado/a Gabriel Mendoza,

Le confirmamos que hemos procesado la factura #569. Puede consultar el detalle en su panel de usuario de nuestra plataforma.

Atentamente,
Equipo de Contabilidad",2025-11-11 12:43:45,0,Ninguno (Legítimo),0.038,[]
818,notificaciones-techcorp@banc0-verificacion-segura.com,elena.perez@logisticaexpress.com,Factura vencida #42077 - Notificación final de cobro judicial,"Estimado/a Elena Perez,

Adjunto enviamos la factura vencida #42077 correspondiente al último periodo de facturación. Si el pago no se registra hoy, iniciaremos el proceso de cobro judicial.

Descargue y revise el archivo adjunto 'Factura_Vencida_42077.exe' o 'Factura_Detalle.zip' para cancelar el saldo.

Atentamente,
Departamento de Cobranzas",2026-02-05 10:55:34,1,Fake Invoice / Malware Attachment,0.973,"[""Extensión de archivo adjunto peligrosa (.exe, .zip, .js)"", ""Amenaza de acciones legales o judiciales"", ""Remitente desconocido exigiendo pago""]"
819,roberto.castro@logisticaexpress.com,lucia.rodriguez@servicio-cliente.com,Informe mensual de rendimiento de la plataforma,"Estimado/a Lucia Rodriguez,

Le confirmamos que hemos procesado la factura #784. Puede consultar el detalle en su panel de usuario de nuestra plataforma.

Atentamente,
Equipo de Contabilidad",2026-05-03 13:48:03,0,Ninguno (Legítimo),0.055,[]
820,roberto.morales@empresa.edu.ec,sofia.rios@empresa.com,Confirmación de registro al evento Integración API REST,"Estimado/a Sofia Rios,

Le confirmamos que hemos procesado la factura #600. Puede consultar el detalle en su panel de usuario de nuestra plataforma.

Atentamente,
Equipo de Contabilidad",2026-03-24 19:54:35,0,Ninguno (Legítimo),0.062,[]
821,jorge.torres@logisticaexpress.com,roberto.rodriguez@logisticaexpress.com,Reunión de seguimiento - Proyecto Auditoría de Seguridad,"Estimado/a Roberto Rodriguez,

Le confirmamos que hemos procesado la factura #316. Puede consultar el detalle en su panel de usuario de nuestra plataforma.

Atentamente,
Equipo de Contabilidad",2025-09-02 06:13:48,0,Ninguno (Legítimo),0.07,[]
822,soporte@actualiza-credenciales-pagos.net,ana.martinez@empresa.com,Solicitud urgente de transferencia de fondos - Confidencial,"Hola Ana Martinez,

Me encuentro en una reunión ejecutiva sin acceso a llamadas. Necesito que proceses con urgencia una transferencia bancaria para la adquisición de licencias internacionales.

Por favor confirma si puedes hacer el pago ahora mismo y te envío los datos de la cuenta de destino. Mantén esto de forma confidencial.

Saludos,
Dirección General",2026-03-19 01:30:00,1,Spear Phishing / CEO Fraud,0.794,"[""Suplantación de identidad ejecutiva (CEO Fraud)"", ""Petición de transferencia o pago urgente"", ""Solicitud de mantener secreto/confidencialidad"", ""Remitente spoofed o de correo gratuito""]"
823,elena.sanchez@techcorp.com,roberto.mendoza@bancorivera.com,Solicitud de revisión de código - Pull Request #619,"Estimado/a Roberto Mendoza,

Gracias por registrarse al taller sobre Arquitectura Cliente-Servidor. Adjuntamos la agenda y los recursos de lectura previos.

Nos vemos pronto,
Comité Organizador",2025-10-23 07:52:46,0,Ninguno (Legítimo),0.069,[]
824,notificaciones-cloudservices@soporte-urgente-banco.xyz,maria.ramirez@servicio-cliente.com,Su contraseña de correo expira hoy - Conserve su acceso,"Estimado usuario de CloudServices,

Su contraseña expirará en 2 horas. Para mantener su contraseña actual y no perder el acceso a sus correos institucionales, valide sus credenciales en el portal interno:

https://soporte-urgente-banco.xyz/portal/reset-password

Soporte IT / TI",2026-04-06 17:25:01,1,Password Reset / Tech Support Scam,0.966,"[""Falsa expiración inminente de contraseña"", ""Portal de contraseña en dominio externo"", ""Sin personalización del nombre del usuario""]"
825,soporte@banc0-verificacion-segura.com,roberto.rios@empresa.edu.ec,Solicitud urgente de transferencia de fondos - Confidencial,"Hola Roberto Rios,

Me encuentro en una reunión ejecutiva sin acceso a llamadas. Necesito que proceses con urgencia una transferencia bancaria para la adquisición de licencias internacionales.

Por favor confirma si puedes hacer el pago ahora mismo y te envío los datos de la cuenta de destino. Mantén esto de forma confidencial.

Saludos,
Dirección General",2025-12-01 23:26:23,1,Spear Phishing / CEO Fraud,0.918,"[""Suplantación de identidad ejecutiva (CEO Fraud)"", ""Petición de transferencia o pago urgente"", ""Solicitud de mantener secreto/confidencialidad"", ""Remitente spoofed o de correo gratuito""]"
826,ana.rodriguez@servicio-cliente.com,ana.torres@gobierno.gob.ec,Informe mensual de rendimiento de la plataforma,"Hola equipo,

Les recordamos que este fin de semana realizaremos un mantenimiento preventivo en API REST. El servicio no estará disponible entre las 02:00 y las 04:00 AM.

Gracias por su comprensión.",2026-04-21 23:50:01,0,Ninguno (Legítimo),0.104,[]
827,lucia.fernandez@bancorivera.com,fernando.lopez@gobierno.gob.ec,Informe mensual de rendimiento de la plataforma,"Hola Fernando Lopez,

Adjunto el informe correspondiente a la reunión de seguimiento del proyecto Auditoría de Seguridad. Por favor revisa los puntos acordados para la próxima entrega.

Saludos cordiales,
Lucia Fernandez",2025-09-14 03:45:39,0,Ninguno (Legítimo),0.084,[]
828,camila.fernandez@gobierno.gob.ec,maria.lopez@techcorp.com,Confirmación de registro al evento Integración API REST,"Hola equipo,

Les recordamos que este fin de semana realizaremos un mantenimiento preventivo en Servicio de Autenticación. El servicio no estará disponible entre las 02:00 y las 04:00 AM.

Gracias por su comprensión.",2025-11-29 11:03:36,0,Ninguno (Legítimo),0.062,[]
829,soporte@techcorp-admin-portal.tk,maria.fernandez@empresa.edu.ec,Notificación de entrega fallida - Su paquete #49581 requiere pago de arancel,"Estimado usuario,

Su paquete con número de rastreo #49581 no pudo ser entregado debido a una dirección incompleta y un saldo pendiente de arancel ($2.99 USD).

Actualice su dirección y realice el pago en el enlace oficial:
https://techcorp-admin-portal.tk/rastreo/actualizar?track=49581

De no realizar el pago hoy, el paquete será devuelto al remitente.",2026-09-07 07:13:19,1,Package Delivery Scam,0.829,"[""Cobro pequeñito no esperado ($2.99)"", ""Dominio de rastreo falso"", ""Urgencia en la entrega del paquete""]"
830,maria.mendoza@logisticaexpress.com,luis.rios@empresa.com,Solicitud de revisión de código - Pull Request #367,"Hola Luis Rios,

¿Tendrás un espacio hoy para revisar las dudas sobre el módulo WCAG 2.2 y ARIA? Quedo atento a tus comentarios.

Saludos,
Maria Mendoza",2026-09-06 07:46:16,0,Ninguno (Legítimo),0.076,[]
831,roberto.lopez@gobierno.gob.ec,elena.martinez@bancorivera.com,Invitación: Taller sobre CSS Responsivo,"Estimado/a Elena Martinez,

Le confirmamos que hemos procesado la factura #105. Puede consultar el detalle en su panel de usuario de nuestra plataforma.

Atentamente,
Equipo de Contabilidad",2026-04-12 18:00:16,0,Ninguno (Legítimo),0.048,[]
832,carlos.castro@mail.com,maria.perez@logisticaexpress.com,Resumen semanal de actividades del equipo Recursos Humanos,"Hola Maria Perez,

¿Tendrás un espacio hoy para revisar las dudas sobre el módulo JavaScript Moderno ES6+? Quedo atento a tus comentarios.

Saludos,
Carlos Castro",2026-07-23 19:35:01,0,Ninguno (Legítimo),0.056,[]
833,lucia.rios@servicio-cliente.com,gabriel.sanchez@mail.com,Recordatorio: Mantenimiento programado de Base de Datos,"Estimado/a Gabriel Sanchez,

Gracias por registrarse al taller sobre CSS Responsivo. Adjuntamos la agenda y los recursos de lectura previos.

Nos vemos pronto,
Comité Organizador",2026-06-13 08:27:27,0,Ninguno (Legítimo),0.015,[]
834,luis.perez@mail.com,camila.morales@mail.com,Invitación: Taller sobre Arquitectura Cliente-Servidor,"Hola Camila Morales,

¿Tendrás un espacio hoy para revisar las dudas sobre el módulo Arquitectura Cliente-Servidor? Quedo atento a tus comentarios.

Saludos,
Luis Perez",2025-10-12 06:59:16,0,Ninguno (Legítimo),0.092,[]
835,sofia.morales@servicio-cliente.com,valentina.mendoza@bancorivera.com,Resumen semanal de actividades del equipo Recursos Humanos,"Hola Valentina Mendoza,

Adjunto el informe correspondiente a la reunión de seguimiento del proyecto Integración API REST. Por favor revisa los puntos acordados para la próxima entrega.

Saludos cordiales,
Sofia Morales",2026-06-17 23:42:41,0,Ninguno (Legítimo),0.065,[]
836,notificaciones-cloudservices@verificate-ahora-login.org,sofia.lopez@techcorp.com,Factura vencida #63545 - Notificación final de cobro judicial,"Estimado/a Sofia Lopez,

Adjunto enviamos la factura vencida #63545 correspondiente al último periodo de facturación. Si el pago no se registra hoy, iniciaremos el proceso de cobro judicial.

Descargue y revise el archivo adjunto 'Factura_Vencida_63545.exe' o 'Factura_Detalle.zip' para cancelar el saldo.

Atentamente,
Departamento de Cobranzas",2025-10-28 04:46:48,1,Fake Invoice / Malware Attachment,0.926,"[""Extensión de archivo adjunto peligrosa (.exe, .zip, .js)"", ""Amenaza de acciones legales o judiciales"", ""Remitente desconocido exigiendo pago""]"
837,roberto.perez@empresa.com,maria.vargas@mail.com,Informe mensual de rendimiento de la plataforma,"Estimado/a Maria Vargas,

Gracias por registrarse al taller sobre JavaScript Moderno ES6+. Adjuntamos la agenda y los recursos de lectura previos.

Nos vemos pronto,
Comité Organizador",2026-02-11 21:13:22,0,Ninguno (Legítimo),0.05,[]
838,roberto.ramirez@empresa.com,elena.vargas@empresa.edu.ec,Consulta sobre la entrega del módulo HTML5 Semántico,"Hola Elena Vargas,

¿Tendrás un espacio hoy para revisar las dudas sobre el módulo HTML5 Semántico? Quedo atento a tus comentarios.

Saludos,
Roberto Ramirez",2026-02-20 00:53:40,0,Ninguno (Legítimo),0.08,[]
839,notificaciones-megamarket@verificate-ahora-login.org,carlos.sanchez@logisticaexpress.com,Solicitud urgente de transferencia de fondos - Confidencial,"Hola Carlos Sanchez,

Me encuentro en una reunión ejecutiva sin acceso a llamadas. Necesito que proceses con urgencia una transferencia bancaria para la adquisición de licencias internacionales.

Por favor confirma si puedes hacer el pago ahora mismo y te envío los datos de la cuenta de destino. Mantén esto de forma confidencial.

Saludos,
Dirección General",2026-06-20 22:52:58,1,Spear Phishing / CEO Fraud,0.942,"[""Suplantación de identidad ejecutiva (CEO Fraud)"", ""Petición de transferencia o pago urgente"", ""Solicitud de mantener secreto/confidencialidad"", ""Remitente spoofed o de correo gratuito""]"
840,soporte@logistica-express-rastreo.info,roberto.morales@logisticaexpress.com,Solicitud urgente de transferencia de fondos - Confidencial,"Hola Roberto Morales,

Me encuentro en una reunión ejecutiva sin acceso a llamadas. Necesito que proceses con urgencia una transferencia bancaria para la adquisición de licencias internacionales.

Por favor confirma si puedes hacer el pago ahora mismo y te envío los datos de la cuenta de destino. Mantén esto de forma confidencial.

Saludos,
Dirección General",2026-07-06 07:48:56,1,Spear Phishing / CEO Fraud,0.939,"[""Suplantación de identidad ejecutiva (CEO Fraud)"", ""Petición de transferencia o pago urgente"", ""Solicitud de mantener secreto/confidencialidad"", ""Remitente spoofed o de correo gratuito""]"
841,diego.ramirez@servicio-cliente.com,sofia.rodriguez@bancorivera.com,Informe mensual de rendimiento de la plataforma,"Hola Sofia Rodriguez,

¿Tendrás un espacio hoy para revisar las dudas sobre el módulo Arquitectura Cliente-Servidor? Quedo atento a tus comentarios.

Saludos,
Diego Ramirez",2026-02-13 12:49:46,0,Ninguno (Legítimo),0.1,[]
842,carlos.castro@bancorivera.com,patricia.torres@empresa.edu.ec,Consulta sobre la entrega del módulo Arquitectura Cliente-Servidor,"Hola equipo,

Les recordamos que este fin de semana realizaremos un mantenimiento preventivo en Servicio de Autenticación. El servicio no estará disponible entre las 02:00 y las 04:00 AM.

Gracias por su comprensión.",2026-02-17 13:47:55,0,Ninguno (Legítimo),0.134,[]
843,ana.martinez@empresa.com,carlos.torres@servicio-cliente.com,Reunión de seguimiento - Proyecto Diseño UX/UI,"Hola Carlos Torres,

Adjunto el informe correspondiente a la reunión de seguimiento del proyecto Diseño UX/UI. Por favor revisa los puntos acordados para la próxima entrega.

Saludos cordiales,
Ana Martinez",2026-09-03 06:05:57,0,Ninguno (Legítimo),0.03,[]
844,soporte@actualiza-credenciales-pagos.net,elena.sanchez@empresa.com,Notificación de entrega fallida - Su paquete #41859 requiere pago de arancel,"Estimado usuario,

Su paquete con número de rastreo #41859 no pudo ser entregado debido a una dirección incompleta y un saldo pendiente de arancel ($2.99 USD).

Actualice su dirección y realice el pago en el enlace oficial:
https://actualiza-credenciales-pagos.net/rastreo/actualizar?track=41859

De no realizar el pago hoy, el paquete será devuelto al remitente.",2026-06-24 12:04:11,1,Package Delivery Scam,0.816,"[""Cobro pequeñito no esperado ($2.99)"", ""Dominio de rastreo falso"", ""Urgencia en la entrega del paquete""]"
845,fernando.sanchez@gobierno.gob.ec,camila.mendoza@logisticaexpress.com,Informe mensual de rendimiento de la plataforma,"Estimado/a Camila Mendoza,

Le confirmamos que hemos procesado la factura #438. Puede consultar el detalle en su panel de usuario de nuestra plataforma.

Atentamente,
Equipo de Contabilidad",2025-10-09 00:41:02,0,Ninguno (Legítimo),0.031,[]
846,soporte@techcorp-admin-portal.tk,lucia.castro@gobierno.gob.ec,Notificación de entrega fallida - Su paquete #30749 requiere pago de arancel,"Estimado usuario,

Su paquete con número de rastreo #30749 no pudo ser entregado debido a una dirección incompleta y un saldo pendiente de arancel ($2.99 USD).

Actualice su dirección y realice el pago en el enlace oficial:
https://techcorp-admin-portal.tk/rastreo/actualizar?track=30749

De no realizar el pago hoy, el paquete será devuelto al remitente.",2025-12-23 21:30:08,1,Package Delivery Scam,0.87,"[""Cobro pequeñito no esperado ($2.99)"", ""Dominio de rastreo falso"", ""Urgencia en la entrega del paquete""]"
847,soporte@soporte-urgente-banco.xyz,jorge.ramirez@gobierno.gob.ec,Factura vencida #93461 - Notificación final de cobro judicial,"Estimado/a Jorge Ramirez,

Adjunto enviamos la factura vencida #93461 correspondiente al último periodo de facturación. Si el pago no se registra hoy, iniciaremos el proceso de cobro judicial.

Descargue y revise el archivo adjunto 'Factura_Vencida_93461.exe' o 'Factura_Detalle.zip' para cancelar el saldo.

Atentamente,
Departamento de Cobranzas",2026-09-16 12:40:49,1,Fake Invoice / Malware Attachment,0.903,"[""Extensión de archivo adjunto peligrosa (.exe, .zip, .js)"", ""Amenaza de acciones legales o judiciales"", ""Remitente desconocido exigiendo pago""]"
848,notificaciones-cloudservices@verificate-ahora-login.org,fernando.sanchez@empresa.com,Factura vencida #32335 - Notificación final de cobro judicial,"Estimado/a Fernando Sanchez,

Adjunto enviamos la factura vencida #32335 correspondiente al último periodo de facturación. Si el pago no se registra hoy, iniciaremos el proceso de cobro judicial.

Descargue y revise el archivo adjunto 'Factura_Vencida_32335.exe' o 'Factura_Detalle.zip' para cancelar el saldo.

Atentamente,
Departamento de Cobranzas",2026-06-27 08:26:21,1,Fake Invoice / Malware Attachment,0.945,"[""Extensión de archivo adjunto peligrosa (.exe, .zip, .js)"", ""Amenaza de acciones legales o judiciales"", ""Remitente desconocido exigiendo pago""]"
849,elena.rios@servicio-cliente.com,roberto.rios@servicio-cliente.com,Recordatorio: Mantenimiento programado de Servidor Node.js,"Hola equipo,

Les recordamos que este fin de semana realizaremos un mantenimiento preventivo en Servidor Node.js. El servicio no estará disponible entre las 02:00 y las 04:00 AM.

Gracias por su comprensión.",2026-05-26 21:37:48,0,Ninguno (Legítimo),0.039,[]
850,notificaciones-banconacional@verificate-ahora-login.org,diego.sanchez@servicio-cliente.com,Factura vencida #93707 - Notificación final de cobro judicial,"Estimado/a Diego Sanchez,

Adjunto enviamos la factura vencida #93707 correspondiente al último periodo de facturación. Si el pago no se registra hoy, iniciaremos el proceso de cobro judicial.

Descargue y revise el archivo adjunto 'Factura_Vencida_93707.exe' o 'Factura_Detalle.zip' para cancelar el saldo.

Atentamente,
Departamento de Cobranzas",2026-07-09 12:21:15,1,Fake Invoice / Malware Attachment,0.973,"[""Extensión de archivo adjunto peligrosa (.exe, .zip, .js)"", ""Amenaza de acciones legales o judiciales"", ""Remitente desconocido exigiendo pago""]"
851,roberto.vargas@empresa.edu.ec,diego.sanchez@bancorivera.com,Confirmación de registro al evento Plataforma Web,"Hola Diego Sanchez,

¿Tendrás un espacio hoy para revisar las dudas sobre el módulo JavaScript Moderno ES6+? Quedo atento a tus comentarios.

Saludos,
Roberto Vargas",2026-05-27 16:18:53,0,Ninguno (Legítimo),0.083,[]
852,notificaciones-logisticaexpress@banc0-verificacion-segura.com,patricia.perez@servicio-cliente.com,Solicitud urgente de transferencia de fondos - Confidencial,"Hola Patricia Perez,

Me encuentro en una reunión ejecutiva sin acceso a llamadas. Necesito que proceses con urgencia una transferencia bancaria para la adquisición de licencias internacionales.

Por favor confirma si puedes hacer el pago ahora mismo y te envío los datos de la cuenta de destino. Mantén esto de forma confidencial.

Saludos,
Dirección General",2026-09-14 14:39:04,1,Spear Phishing / CEO Fraud,0.796,"[""Suplantación de identidad ejecutiva (CEO Fraud)"", ""Petición de transferencia o pago urgente"", ""Solicitud de mantener secreto/confidencialidad"", ""Remitente spoofed o de correo gratuito""]"
853,soporte@actualiza-credenciales-pagos.net,sofia.gomez@logisticaexpress.com,Solicitud urgente de transferencia de fondos - Confidencial,"Hola Sofia Gomez,

Me encuentro en una reunión ejecutiva sin acceso a llamadas. Necesito que proceses con urgencia una transferencia bancaria para la adquisición de licencias internacionales.

Por favor confirma si puedes hacer el pago ahora mismo y te envío los datos de la cuenta de destino. Mantén esto de forma confidencial.

Saludos,
Dirección General",2025-10-03 12:49:33,1,Spear Phishing / CEO Fraud,0.871,"[""Suplantación de identidad ejecutiva (CEO Fraud)"", ""Petición de transferencia o pago urgente"", ""Solicitud de mantener secreto/confidencialidad"", ""Remitente spoofed o de correo gratuito""]"
854,maria.torres@empresa.edu.ec,luis.perez@servicio-cliente.com,Informe mensual de rendimiento de la plataforma,"Hola equipo,

Les recordamos que este fin de semana realizaremos un mantenimiento preventivo en Base de Datos. El servicio no estará disponible entre las 02:00 y las 04:00 AM.

Gracias por su comprensión.",2026-02-12 07:04:47,0,Ninguno (Legítimo),0.09,[]
855,carlos.martinez@empresa.com,diego.ramirez@servicio-cliente.com,Solicitud de revisión de código - Pull Request #377,"Hola Diego Ramirez,

¿Tendrás un espacio hoy para revisar las dudas sobre el módulo CSS Responsivo? Quedo atento a tus comentarios.

Saludos,
Carlos Martinez",2025-10-29 00:06:57,0,Ninguno (Legítimo),0.05,[]
856,sofia.vargas@servicio-cliente.com,patricia.sanchez@gobierno.gob.ec,Factura de servicio #874 de Septiembre,"Estimado/a Patricia Sanchez,

Gracias por registrarse al taller sobre Arquitectura Cliente-Servidor. Adjuntamos la agenda y los recursos de lectura previos.

Nos vemos pronto,
Comité Organizador",2026-01-15 03:22:35,0,Ninguno (Legítimo),0.079,[]
857,soporte@techcorp-admin-portal.tk,maria.rios@servicio-cliente.com,Notificación de entrega fallida - Su paquete #80594 requiere pago de arancel,"Estimado usuario,

Su paquete con número de rastreo #80594 no pudo ser entregado debido a una dirección incompleta y un saldo pendiente de arancel ($2.99 USD).

Actualice su dirección y realice el pago en el enlace oficial:
https://techcorp-admin-portal.tk/rastreo/actualizar?track=80594

De no realizar el pago hoy, el paquete será devuelto al remitente.",2026-04-10 19:05:29,1,Package Delivery Scam,0.817,"[""Cobro pequeñito no esperado ($2.99)"", ""Dominio de rastreo falso"", ""Urgencia en la entrega del paquete""]"
858,notificaciones-globalnet@techcorp-admin-portal.tk,sofia.sanchez@servicio-cliente.com,URGENTE: Suspención temporal de su cuenta bancaria por actividad sospechosa,"Estimado cliente,

Hemos detectado un intento de acceso no autorizado a su cuenta desde una dirección IP desconocida. Por su seguridad, hemos restringido temporalmente sus operaciones.

Para desbloquear su cuenta inmediatamente, ingrese a nuestro portal de verificación segura en el siguiente enlace:
http://techcorp-admin-portal.tk/login-verificacion?id=49329

Si no verifica sus datos en las próximas 24 horas, su cuenta será bloqueada permanentemente.

Atentamente,
Departamento de Seguridad Bancaria",2026-02-06 02:16:09,1,Credential Harvesting,0.872,"[""Urgencia extrema o amenaza de bloqueo"", ""Enlace a dominio no oficial"", ""Saludo genérico (Estimado cliente)"", ""Uso de protocolo HTTP no seguro""]"
859,notificaciones-plataformaeducativa@verificate-ahora-login.org,elena.ramirez@techcorp.com,Notificación de entrega fallida - Su paquete #72098 requiere pago de arancel,"Estimado usuario,

Su paquete con número de rastreo #72098 no pudo ser entregado debido a una dirección incompleta y un saldo pendiente de arancel ($2.99 USD).

Actualice su dirección y realice el pago en el enlace oficial:
https://verificate-ahora-login.org/rastreo/actualizar?track=72098

De no realizar el pago hoy, el paquete será devuelto al remitente.",2026-03-22 14:15:15,1,Package Delivery Scam,0.843,"[""Cobro pequeñito no esperado ($2.99)"", ""Dominio de rastreo falso"", ""Urgencia en la entrega del paquete""]"
860,gabriel.castro@mail.com,lucia.lopez@gobierno.gob.ec,Confirmación de registro al evento Auditoría de Seguridad,"Estimado/a Lucia Lopez,

Gracias por registrarse al taller sobre Arquitectura Cliente-Servidor. Adjuntamos la agenda y los recursos de lectura previos.

Nos vemos pronto,
Comité Organizador",2026-04-30 19:03:15,0,Ninguno (Legítimo),0.018,[]
861,carlos.rios@logisticaexpress.com,andres.mendoza@gobierno.gob.ec,Resumen semanal de actividades del equipo Desarrollo,"Estimado/a Andres Mendoza,

Gracias por registrarse al taller sobre JavaScript Moderno ES6+. Adjuntamos la agenda y los recursos de lectura previos.

Nos vemos pronto,
Comité Organizador",2026-07-28 13:05:40,0,Ninguno (Legítimo),0.121,[]
862,fernando.rodriguez@empresa.edu.ec,diego.ramirez@servicio-cliente.com,Resumen semanal de actividades del equipo Desarrollo,"Estimado/a Diego Ramirez,

Gracias por registrarse al taller sobre Arquitectura Cliente-Servidor. Adjuntamos la agenda y los recursos de lectura previos.

Nos vemos pronto,
Comité Organizador",2026-06-14 15:15:42,0,Ninguno (Legítimo),0.106,[]
863,ana.rodriguez@bancorivera.com,fernando.ramirez@empresa.com,Confirmación de registro al evento Integración API REST,"Estimado/a Fernando Ramirez,

Gracias por registrarse al taller sobre JavaScript Moderno ES6+. Adjuntamos la agenda y los recursos de lectura previos.

Nos vemos pronto,
Comité Organizador",2026-05-08 17:05:47,0,Ninguno (Legítimo),0.029,[]
864,sofia.ramirez@logisticaexpress.com,jorge.rios@techcorp.com,Minuta de la reunión de planificación del sprint #190,"Hola equipo,

Les recordamos que este fin de semana realizaremos un mantenimiento preventivo en API REST. El servicio no estará disponible entre las 02:00 y las 04:00 AM.

Gracias por su comprensión.",2026-02-14 23:03:54,0,Ninguno (Legítimo),0.088,[]
865,gabriel.rios@mail.com,jorge.mendoza@empresa.edu.ec,Informe mensual de rendimiento de la plataforma,"Estimado/a Jorge Mendoza,

Gracias por registrarse al taller sobre CSS Responsivo. Adjuntamos la agenda y los recursos de lectura previos.

Nos vemos pronto,
Comité Organizador",2026-08-20 08:47:44,0,Ninguno (Legítimo),0.061,[]
866,soporte@banc0-verificacion-segura.com,fernando.ramirez@bancorivera.com,Solicitud urgente de transferencia de fondos - Confidencial,"Hola Fernando Ramirez,

Me encuentro en una reunión ejecutiva sin acceso a llamadas. Necesito que proceses con urgencia una transferencia bancaria para la adquisición de licencias internacionales.

Por favor confirma si puedes hacer el pago ahora mismo y te envío los datos de la cuenta de destino. Mantén esto de forma confidencial.

Saludos,
Dirección General",2026-08-27 17:25:51,1,Spear Phishing / CEO Fraud,0.917,"[""Suplantación de identidad ejecutiva (CEO Fraud)"", ""Petición de transferencia o pago urgente"", ""Solicitud de mantener secreto/confidencialidad"", ""Remitente spoofed o de correo gratuito""]"
867,ana.morales@mail.com,lucia.gomez@empresa.com,Minuta de la reunión de planificación del sprint #603,"Hola Lucia Gomez,

Adjunto el informe correspondiente a la reunión de seguimiento del proyecto Auditoría de Seguridad. Por favor revisa los puntos acordados para la próxima entrega.

Saludos cordiales,
Ana Morales",2026-05-29 10:11:41,0,Ninguno (Legítimo),0.089,[]
868,andres.ramirez@logisticaexpress.com,elena.mendoza@empresa.edu.ec,Factura de servicio #885 de Diciembre,"Estimado/a Elena Mendoza,

Le confirmamos que hemos procesado la factura #885. Puede consultar el detalle en su panel de usuario de nuestra plataforma.

Atentamente,
Equipo de Contabilidad",2025-10-29 03:21:39,0,Ninguno (Legítimo),0.101,[]
869,soporte@logistica-express-rastreo.info,gabriel.torres@empresa.com,URGENTE: Suspención temporal de su cuenta bancaria por actividad sospechosa,"Estimado cliente,

Hemos detectado un intento de acceso no autorizado a su cuenta desde una dirección IP desconocida. Por su seguridad, hemos restringido temporalmente sus operaciones.

Para desbloquear su cuenta inmediatamente, ingrese a nuestro portal de verificación segura en el siguiente enlace:
http://logistica-express-rastreo.info/login-verificacion?id=85332

Si no verifica sus datos en las próximas 24 horas, su cuenta será bloqueada permanentemente.

Atentamente,
Departamento de Seguridad Bancaria",2026-07-30 04:56:35,1,Credential Harvesting,0.966,"[""Urgencia extrema o amenaza de bloqueo"", ""Enlace a dominio no oficial"", ""Saludo genérico (Estimado cliente)"", ""Uso de protocolo HTTP no seguro""]"
870,notificaciones-cloudservices@verificate-ahora-login.org,valentina.lopez@gobierno.gob.ec,Solicitud urgente de transferencia de fondos - Confidencial,"Hola Valentina Lopez,

Me encuentro en una reunión ejecutiva sin acceso a llamadas. Necesito que proceses con urgencia una transferencia bancaria para la adquisición de licencias internacionales.

Por favor confirma si puedes hacer el pago ahora mismo y te envío los datos de la cuenta de destino. Mantén esto de forma confidencial.

Saludos,
Dirección General",2025-12-25 19:44:15,1,Spear Phishing / CEO Fraud,0.891,"[""Suplantación de identidad ejecutiva (CEO Fraud)"", ""Petición de transferencia o pago urgente"", ""Solicitud de mantener secreto/confidencialidad"", ""Remitente spoofed o de correo gratuito""]"
871,soporte@soporte-urgente-banco.xyz,jorge.perez@techcorp.com,Solicitud urgente de transferencia de fondos - Confidencial,"Hola Jorge Perez,

Me encuentro en una reunión ejecutiva sin acceso a llamadas. Necesito que proceses con urgencia una transferencia bancaria para la adquisición de licencias internacionales.

Por favor confirma si puedes hacer el pago ahora mismo y te envío los datos de la cuenta de destino. Mantén esto de forma confidencial.

Saludos,
Dirección General",2026-06-22 20:54:44,1,Spear Phishing / CEO Fraud,0.882,"[""Suplantación de identidad ejecutiva (CEO Fraud)"", ""Petición de transferencia o pago urgente"", ""Solicitud de mantener secreto/confidencialidad"", ""Remitente spoofed o de correo gratuito""]"
872,gabriel.perez@logisticaexpress.com,lucia.rodriguez@mail.com,Resumen semanal de actividades del equipo Infraestructura,"Hola equipo,

Les recordamos que este fin de semana realizaremos un mantenimiento preventivo en API REST. El servicio no estará disponible entre las 02:00 y las 04:00 AM.

Gracias por su comprensión.",2025-11-06 03:39:48,0,Ninguno (Legítimo),0.014,[]
873,diego.fernandez@bancorivera.com,roberto.gomez@servicio-cliente.com,Informe mensual de rendimiento de la plataforma,"Hola Roberto Gomez,

Adjunto el informe correspondiente a la reunión de seguimiento del proyecto Diseño UX/UI. Por favor revisa los puntos acordados para la próxima entrega.

Saludos cordiales,
Diego Fernandez",2026-04-14 12:28:56,0,Ninguno (Legítimo),0.023,[]
874,notificaciones-cloudservices@logistica-express-rastreo.info,maria.lopez@logisticaexpress.com,URGENTE: Suspención temporal de su cuenta bancaria por actividad sospechosa,"Estimado cliente,

Hemos detectado un intento de acceso no autorizado a su cuenta desde una dirección IP desconocida. Por su seguridad, hemos restringido temporalmente sus operaciones.

Para desbloquear su cuenta inmediatamente, ingrese a nuestro portal de verificación segura en el siguiente enlace:
http://logistica-express-rastreo.info/login-verificacion?id=89278

Si no verifica sus datos en las próximas 24 horas, su cuenta será bloqueada permanentemente.

Atentamente,
Departamento de Seguridad Bancaria",2026-06-25 02:48:18,1,Credential Harvesting,0.894,"[""Urgencia extrema o amenaza de bloqueo"", ""Enlace a dominio no oficial"", ""Saludo genérico (Estimado cliente)"", ""Uso de protocolo HTTP no seguro""]"
875,soporte@banc0-verificacion-segura.com,lucia.torres@gobierno.gob.ec,Su contraseña de correo expira hoy - Conserve su acceso,"Estimado usuario de BancoNacional,

Su contraseña expirará en 2 horas. Para mantener su contraseña actual y no perder el acceso a sus correos institucionales, valide sus credenciales en el portal interno:

https://banc0-verificacion-segura.com/portal/reset-password

Soporte IT / TI",2025-10-18 02:27:21,1,Password Reset / Tech Support Scam,0.941,"[""Falsa expiración inminente de contraseña"", ""Portal de contraseña en dominio externo"", ""Sin personalización del nombre del usuario""]"
876,valentina.rios@gobierno.gob.ec,lucia.martinez@empresa.edu.ec,Resumen semanal de actividades del equipo Desarrollo,"Hola equipo,

Les recordamos que este fin de semana realizaremos un mantenimiento preventivo en Servicio de Autenticación. El servicio no estará disponible entre las 02:00 y las 04:00 AM.

Gracias por su comprensión.",2025-10-22 20:54:48,0,Ninguno (Legítimo),0.016,[]
877,jorge.castro@servicio-cliente.com,carlos.lopez@techcorp.com,Reunión de seguimiento - Proyecto Integración API REST,"Estimado/a Carlos Lopez,

Gracias por registrarse al taller sobre CSS Responsivo. Adjuntamos la agenda y los recursos de lectura previos.

Nos vemos pronto,
Comité Organizador",2025-12-01 04:33:20,0,Ninguno (Legítimo),0.125,[]
878,lucia.rodriguez@techcorp.com,jorge.castro@techcorp.com,Reunión de seguimiento - Proyecto Migración a la Nube,"Hola Jorge Castro,

¿Tendrás un espacio hoy para revisar las dudas sobre el módulo JavaScript Moderno ES6+? Quedo atento a tus comentarios.

Saludos,
Lucia Rodriguez",2025-11-30 02:52:53,0,Ninguno (Legítimo),0.055,[]
879,valentina.gomez@empresa.com,camila.gomez@techcorp.com,Solicitud de revisión de código - Pull Request #839,"Hola equipo,

Les recordamos que este fin de semana realizaremos un mantenimiento preventivo en Base de Datos. El servicio no estará disponible entre las 02:00 y las 04:00 AM.

Gracias por su comprensión.",2026-02-17 09:02:15,0,Ninguno (Legítimo),0.136,[]
880,soporte@logistica-express-rastreo.info,camila.torres@empresa.com,Su contraseña de correo expira hoy - Conserve su acceso,"Estimado usuario de BancoNacional,

Su contraseña expirará en 2 horas. Para mantener su contraseña actual y no perder el acceso a sus correos institucionales, valide sus credenciales en el portal interno:

https://logistica-express-rastreo.info/portal/reset-password

Soporte IT / TI",2025-10-04 12:05:33,1,Password Reset / Tech Support Scam,0.89,"[""Falsa expiración inminente de contraseña"", ""Portal de contraseña en dominio externo"", ""Sin personalización del nombre del usuario""]"
881,camila.torres@logisticaexpress.com,lucia.ramirez@empresa.edu.ec,Recordatorio: Mantenimiento programado de Base de Datos,"Hola Lucia Ramirez,

Adjunto el informe correspondiente a la reunión de seguimiento del proyecto Integración API REST. Por favor revisa los puntos acordados para la próxima entrega.

Saludos cordiales,
Camila Torres",2025-11-05 19:45:20,0,Ninguno (Legítimo),0.114,[]
882,fernando.lopez@gobierno.gob.ec,maria.perez@logisticaexpress.com,Confirmación de registro al evento Diseño UX/UI,"Estimado/a Maria Perez,

Gracias por registrarse al taller sobre WCAG 2.2 y ARIA. Adjuntamos la agenda y los recursos de lectura previos.

Nos vemos pronto,
Comité Organizador",2026-01-24 06:23:31,0,Ninguno (Legítimo),0.062,[]
883,notificaciones-techcorp@actualiza-credenciales-pagos.net,roberto.vargas@bancorivera.com,Solicitud urgente de transferencia de fondos - Confidencial,"Hola Roberto Vargas,

Me encuentro en una reunión ejecutiva sin acceso a llamadas. Necesito que proceses con urgencia una transferencia bancaria para la adquisición de licencias internacionales.

Por favor confirma si puedes hacer el pago ahora mismo y te envío los datos de la cuenta de destino. Mantén esto de forma confidencial.

Saludos,
Dirección General",2026-09-13 09:14:45,1,Spear Phishing / CEO Fraud,0.922,"[""Suplantación de identidad ejecutiva (CEO Fraud)"", ""Petición de transferencia o pago urgente"", ""Solicitud de mantener secreto/confidencialidad"", ""Remitente spoofed o de correo gratuito""]"
884,notificaciones-globalnet@seguridad-cuenta-alert.online,carlos.ramirez@servicio-cliente.com,Factura vencida #55075 - Notificación final de cobro judicial,"Estimado/a Carlos Ramirez,

Adjunto enviamos la factura vencida #55075 correspondiente al último periodo de facturación. Si el pago no se registra hoy, iniciaremos el proceso de cobro judicial.

Descargue y revise el archivo adjunto 'Factura_Vencida_55075.exe' o 'Factura_Detalle.zip' para cancelar el saldo.

Atentamente,
Departamento de Cobranzas",2026-03-23 19:44:34,1,Fake Invoice / Malware Attachment,0.97,"[""Extensión de archivo adjunto peligrosa (.exe, .zip, .js)"", ""Amenaza de acciones legales o judiciales"", ""Remitente desconocido exigiendo pago""]"
885,andres.rodriguez@gobierno.gob.ec,andres.ramirez@gobierno.gob.ec,Minuta de la reunión de planificación del sprint #445,"Hola Andres Ramirez,

¿Tendrás un espacio hoy para revisar las dudas sobre el módulo CSS Responsivo? Quedo atento a tus comentarios.

Saludos,
Andres Rodriguez",2026-04-20 15:49:19,0,Ninguno (Legítimo),0.074,[]
886,soporte@techcorp-admin-portal.tk,fernando.rodriguez@mail.com,Factura vencida #13331 - Notificación final de cobro judicial,"Estimado/a Fernando Rodriguez,

Adjunto enviamos la factura vencida #13331 correspondiente al último periodo de facturación. Si el pago no se registra hoy, iniciaremos el proceso de cobro judicial.

Descargue y revise el archivo adjunto 'Factura_Vencida_13331.exe' o 'Factura_Detalle.zip' para cancelar el saldo.

Atentamente,
Departamento de Cobranzas",2026-02-24 02:53:55,1,Fake Invoice / Malware Attachment,0.987,"[""Extensión de archivo adjunto peligrosa (.exe, .zip, .js)"", ""Amenaza de acciones legales o judiciales"", ""Remitente desconocido exigiendo pago""]"
887,sofia.torres@empresa.com,sofia.lopez@mail.com,Minuta de la reunión de planificación del sprint #184,"Estimado/a Sofia Lopez,

Le confirmamos que hemos procesado la factura #184. Puede consultar el detalle en su panel de usuario de nuestra plataforma.

Atentamente,
Equipo de Contabilidad",2025-11-02 04:02:30,0,Ninguno (Legítimo),0.128,[]
888,notificaciones-banconacional@seguridad-cuenta-alert.online,lucia.morales@techcorp.com,Su contraseña de correo expira hoy - Conserve su acceso,"Estimado usuario de BancoNacional,

Su contraseña expirará en 2 horas. Para mantener su contraseña actual y no perder el acceso a sus correos institucionales, valide sus credenciales en el portal interno:

https://seguridad-cuenta-alert.online/portal/reset-password

Soporte IT / TI",2025-09-09 15:14:01,1,Password Reset / Tech Support Scam,0.874,"[""Falsa expiración inminente de contraseña"", ""Portal de contraseña en dominio externo"", ""Sin personalización del nombre del usuario""]"
889,notificaciones-globalnet@techcorp-admin-portal.tk,lucia.lopez@empresa.edu.ec,Solicitud urgente de transferencia de fondos - Confidencial,"Hola Lucia Lopez,

Me encuentro en una reunión ejecutiva sin acceso a llamadas. Necesito que proceses con urgencia una transferencia bancaria para la adquisición de licencias internacionales.

Por favor confirma si puedes hacer el pago ahora mismo y te envío los datos de la cuenta de destino. Mantén esto de forma confidencial.

Saludos,
Dirección General",2026-05-30 14:04:16,1,Spear Phishing / CEO Fraud,0.908,"[""Suplantación de identidad ejecutiva (CEO Fraud)"", ""Petición de transferencia o pago urgente"", ""Solicitud de mantener secreto/confidencialidad"", ""Remitente spoofed o de correo gratuito""]"
890,notificaciones-plataformaeducativa@soporte-urgente-banco.xyz,diego.martinez@bancorivera.com,Factura vencida #61088 - Notificación final de cobro judicial,"Estimado/a Diego Martinez,

Adjunto enviamos la factura vencida #61088 correspondiente al último periodo de facturación. Si el pago no se registra hoy, iniciaremos el proceso de cobro judicial.

Descargue y revise el archivo adjunto 'Factura_Vencida_61088.exe' o 'Factura_Detalle.zip' para cancelar el saldo.

Atentamente,
Departamento de Cobranzas",2026-07-10 23:26:16,1,Fake Invoice / Malware Attachment,0.931,"[""Extensión de archivo adjunto peligrosa (.exe, .zip, .js)"", ""Amenaza de acciones legales o judiciales"", ""Remitente desconocido exigiendo pago""]"
891,soporte@techcorp-admin-portal.tk,luis.martinez@gobierno.gob.ec,Solicitud urgente de transferencia de fondos - Confidencial,"Hola Luis Martinez,

Me encuentro en una reunión ejecutiva sin acceso a llamadas. Necesito que proceses con urgencia una transferencia bancaria para la adquisición de licencias internacionales.

Por favor confirma si puedes hacer el pago ahora mismo y te envío los datos de la cuenta de destino. Mantén esto de forma confidencial.

Saludos,
Dirección General",2026-02-01 08:00:46,1,Spear Phishing / CEO Fraud,0.85,"[""Suplantación de identidad ejecutiva (CEO Fraud)"", ""Petición de transferencia o pago urgente"", ""Solicitud de mantener secreto/confidencialidad"", ""Remitente spoofed o de correo gratuito""]"
892,soporte@logistica-express-rastreo.info,roberto.mendoza@techcorp.com,Factura vencida #87518 - Notificación final de cobro judicial,"Estimado/a Roberto Mendoza,

Adjunto enviamos la factura vencida #87518 correspondiente al último periodo de facturación. Si el pago no se registra hoy, iniciaremos el proceso de cobro judicial.

Descargue y revise el archivo adjunto 'Factura_Vencida_87518.exe' o 'Factura_Detalle.zip' para cancelar el saldo.

Atentamente,
Departamento de Cobranzas",2025-11-22 16:49:40,1,Fake Invoice / Malware Attachment,0.919,"[""Extensión de archivo adjunto peligrosa (.exe, .zip, .js)"", ""Amenaza de acciones legales o judiciales"", ""Remitente desconocido exigiendo pago""]"
893,notificaciones-logisticaexpress@logistica-express-rastreo.info,roberto.rodriguez@techcorp.com,Solicitud urgente de transferencia de fondos - Confidencial,"Hola Roberto Rodriguez,

Me encuentro en una reunión ejecutiva sin acceso a llamadas. Necesito que proceses con urgencia una transferencia bancaria para la adquisición de licencias internacionales.

Por favor confirma si puedes hacer el pago ahora mismo y te envío los datos de la cuenta de destino. Mantén esto de forma confidencial.

Saludos,
Dirección General",2026-01-20 13:06:47,1,Spear Phishing / CEO Fraud,0.782,"[""Suplantación de identidad ejecutiva (CEO Fraud)"", ""Petición de transferencia o pago urgente"", ""Solicitud de mantener secreto/confidencialidad"", ""Remitente spoofed o de correo gratuito""]"
894,notificaciones-logisticaexpress@techcorp-admin-portal.tk,maria.mendoza@servicio-cliente.com,Solicitud urgente de transferencia de fondos - Confidencial,"Hola Maria Mendoza,

Me encuentro en una reunión ejecutiva sin acceso a llamadas. Necesito que proceses con urgencia una transferencia bancaria para la adquisición de licencias internacionales.

Por favor confirma si puedes hacer el pago ahora mismo y te envío los datos de la cuenta de destino. Mantén esto de forma confidencial.

Saludos,
Dirección General",2026-02-08 03:05:13,1,Spear Phishing / CEO Fraud,0.872,"[""Suplantación de identidad ejecutiva (CEO Fraud)"", ""Petición de transferencia o pago urgente"", ""Solicitud de mantener secreto/confidencialidad"", ""Remitente spoofed o de correo gratuito""]"
895,roberto.rios@gobierno.gob.ec,gabriel.martinez@bancorivera.com,Factura de servicio #741 de Mayo,"Estimado/a Gabriel Martinez,

Le confirmamos que hemos procesado la factura #741. Puede consultar el detalle en su panel de usuario de nuestra plataforma.

Atentamente,
Equipo de Contabilidad",2025-11-18 10:33:47,0,Ninguno (Legítimo),0.083,[]
896,notificaciones-servipagos@logistica-express-rastreo.info,lucia.perez@servicio-cliente.com,Factura vencida #17425 - Notificación final de cobro judicial,"Estimado/a Lucia Perez,

Adjunto enviamos la factura vencida #17425 correspondiente al último periodo de facturación. Si el pago no se registra hoy, iniciaremos el proceso de cobro judicial.

Descargue y revise el archivo adjunto 'Factura_Vencida_17425.exe' o 'Factura_Detalle.zip' para cancelar el saldo.

Atentamente,
Departamento de Cobranzas",2026-09-11 05:57:57,1,Fake Invoice / Malware Attachment,0.911,"[""Extensión de archivo adjunto peligrosa (.exe, .zip, .js)"", ""Amenaza de acciones legales o judiciales"", ""Remitente desconocido exigiendo pago""]"
897,lucia.rodriguez@bancorivera.com,gabriel.fernandez@gobierno.gob.ec,Factura de servicio #830 de Octubre,"Estimado/a Gabriel Fernandez,

Gracias por registrarse al taller sobre CSS Responsivo. Adjuntamos la agenda y los recursos de lectura previos.

Nos vemos pronto,
Comité Organizador",2026-01-20 17:09:46,0,Ninguno (Legítimo),0.103,[]
898,notificaciones-servipagos@verificate-ahora-login.org,roberto.ramirez@empresa.com,URGENTE: Suspención temporal de su cuenta bancaria por actividad sospechosa,"Estimado cliente,

Hemos detectado un intento de acceso no autorizado a su cuenta desde una dirección IP desconocida. Por su seguridad, hemos restringido temporalmente sus operaciones.

Para desbloquear su cuenta inmediatamente, ingrese a nuestro portal de verificación segura en el siguiente enlace:
http://verificate-ahora-login.org/login-verificacion?id=24129

Si no verifica sus datos en las próximas 24 horas, su cuenta será bloqueada permanentemente.

Atentamente,
Departamento de Seguridad Bancaria",2026-08-30 01:45:45,1,Credential Harvesting,0.866,"[""Urgencia extrema o amenaza de bloqueo"", ""Enlace a dominio no oficial"", ""Saludo genérico (Estimado cliente)"", ""Uso de protocolo HTTP no seguro""]"
899,ana.sanchez@servicio-cliente.com,valentina.rios@empresa.com,Informe mensual de rendimiento de la plataforma,"Hola Valentina Rios,

Adjunto el informe correspondiente a la reunión de seguimiento del proyecto Integración API REST. Por favor revisa los puntos acordados para la próxima entrega.

Saludos cordiales,
Ana Sanchez",2026-03-05 05:07:17,0,Ninguno (Legítimo),0.04,[]
900,soporte@techcorp-admin-portal.tk,maria.martinez@empresa.com,URGENTE: Suspención temporal de su cuenta bancaria por actividad sospechosa,"Estimado cliente,

Hemos detectado un intento de acceso no autorizado a su cuenta desde una dirección IP desconocida. Por su seguridad, hemos restringido temporalmente sus operaciones.

Para desbloquear su cuenta inmediatamente, ingrese a nuestro portal de verificación segura en el siguiente enlace:
http://techcorp-admin-portal.tk/login-verificacion?id=69850

Si no verifica sus datos en las próximas 24 horas, su cuenta será bloqueada permanentemente.

Atentamente,
Departamento de Seguridad Bancaria",2026-07-20 19:58:37,1,Credential Harvesting,0.946,"[""Urgencia extrema o amenaza de bloqueo"", ""Enlace a dominio no oficial"", ""Saludo genérico (Estimado cliente)"", ""Uso de protocolo HTTP no seguro""]"
901,gabriel.torres@gobierno.gob.ec,andres.mendoza@bancorivera.com,Recordatorio: Mantenimiento programado de API REST,"Estimado/a Andres Mendoza,

Le confirmamos que hemos procesado la factura #314. Puede consultar el detalle en su panel de usuario de nuestra plataforma.

Atentamente,
Equipo de Contabilidad",2026-01-06 18:04:18,0,Ninguno (Legítimo),0.128,[]
902,maria.castro@empresa.edu.ec,patricia.sanchez@gobierno.gob.ec,Consulta sobre la entrega del módulo Arquitectura Cliente-Servidor,"Hola equipo,

Les recordamos que este fin de semana realizaremos un mantenimiento preventivo en Base de Datos. El servicio no estará disponible entre las 02:00 y las 04:00 AM.

Gracias por su comprensión.",2026-02-18 20:48:31,0,Ninguno (Legítimo),0.13,[]
903,elena.sanchez@bancorivera.com,lucia.mendoza@techcorp.com,Factura de servicio #294 de Septiembre,"Estimado/a Lucia Mendoza,

Le confirmamos que hemos procesado la factura #294. Puede consultar el detalle en su panel de usuario de nuestra plataforma.

Atentamente,
Equipo de Contabilidad",2026-02-20 23:56:19,0,Ninguno (Legítimo),0.066,[]
904,fernando.lopez@mail.com,luis.castro@empresa.com,Minuta de la reunión de planificación del sprint #462,"Hola equipo,

Les recordamos que este fin de semana realizaremos un mantenimiento preventivo en Servicio de Autenticación. El servicio no estará disponible entre las 02:00 y las 04:00 AM.

Gracias por su comprensión.",2025-12-11 11:23:57,0,Ninguno (Legítimo),0.096,[]
905,patricia.morales@techcorp.com,andres.rios@bancorivera.com,Invitación: Taller sobre CSS Responsivo,"Estimado/a Andres Rios,

Gracias por registrarse al taller sobre CSS Responsivo. Adjuntamos la agenda y los recursos de lectura previos.

Nos vemos pronto,
Comité Organizador",2026-02-13 16:11:08,0,Ninguno (Legítimo),0.101,[]
906,soporte@logistica-express-rastreo.info,patricia.gomez@servicio-cliente.com,Factura vencida #82918 - Notificación final de cobro judicial,"Estimado/a Patricia Gomez,

Adjunto enviamos la factura vencida #82918 correspondiente al último periodo de facturación. Si el pago no se registra hoy, iniciaremos el proceso de cobro judicial.

Descargue y revise el archivo adjunto 'Factura_Vencida_82918.exe' o 'Factura_Detalle.zip' para cancelar el saldo.

Atentamente,
Departamento de Cobranzas",2025-09-07 18:48:21,1,Fake Invoice / Malware Attachment,0.973,"[""Extensión de archivo adjunto peligrosa (.exe, .zip, .js)"", ""Amenaza de acciones legales o judiciales"", ""Remitente desconocido exigiendo pago""]"
907,lucia.mendoza@gobierno.gob.ec,roberto.castro@gobierno.gob.ec,Consulta sobre la entrega del módulo CSS Responsivo,"Hola Roberto Castro,

Adjunto el informe correspondiente a la reunión de seguimiento del proyecto Auditoría de Seguridad. Por favor revisa los puntos acordados para la próxima entrega.

Saludos cordiales,
Lucia Mendoza",2026-07-20 04:57:06,0,Ninguno (Legítimo),0.144,[]
908,notificaciones-globalnet@soporte-urgente-banco.xyz,jorge.rodriguez@servicio-cliente.com,Su contraseña de correo expira hoy - Conserve su acceso,"Estimado usuario de GlobalNet,

Su contraseña expirará en 2 horas. Para mantener su contraseña actual y no perder el acceso a sus correos institucionales, valide sus credenciales en el portal interno:

https://soporte-urgente-banco.xyz/portal/reset-password

Soporte IT / TI",2026-08-26 16:59:21,1,Password Reset / Tech Support Scam,0.928,"[""Falsa expiración inminente de contraseña"", ""Portal de contraseña en dominio externo"", ""Sin personalización del nombre del usuario""]"
909,andres.ramirez@servicio-cliente.com,andres.martinez@bancorivera.com,Informe mensual de rendimiento de la plataforma,"Estimado/a Andres Martinez,

Gracias por registrarse al taller sobre HTML5 Semántico. Adjuntamos la agenda y los recursos de lectura previos.

Nos vemos pronto,
Comité Organizador",2026-06-11 16:09:15,0,Ninguno (Legítimo),0.088,[]
910,notificaciones-logisticaexpress@techcorp-admin-portal.tk,jorge.rodriguez@mail.com,URGENTE: Suspención temporal de su cuenta bancaria por actividad sospechosa,"Estimado cliente,

Hemos detectado un intento de acceso no autorizado a su cuenta desde una dirección IP desconocida. Por su seguridad, hemos restringido temporalmente sus operaciones.

Para desbloquear su cuenta inmediatamente, ingrese a nuestro portal de verificación segura en el siguiente enlace:
http://techcorp-admin-portal.tk/login-verificacion?id=46187

Si no verifica sus datos en las próximas 24 horas, su cuenta será bloqueada permanentemente.

Atentamente,
Departamento de Seguridad Bancaria",2026-02-26 01:21:12,1,Credential Harvesting,0.952,"[""Urgencia extrema o amenaza de bloqueo"", ""Enlace a dominio no oficial"", ""Saludo genérico (Estimado cliente)"", ""Uso de protocolo HTTP no seguro""]"
911,andres.martinez@gobierno.gob.ec,jorge.fernandez@logisticaexpress.com,Confirmación de registro al evento Integración API REST,"Hola Jorge Fernandez,

¿Tendrás un espacio hoy para revisar las dudas sobre el módulo WCAG 2.2 y ARIA? Quedo atento a tus comentarios.

Saludos,
Andres Martinez",2026-05-10 23:41:09,0,Ninguno (Legítimo),0.054,[]
912,notificaciones-plataformaeducativa@verificate-ahora-login.org,lucia.ramirez@empresa.edu.ec,URGENTE: Suspención temporal de su cuenta bancaria por actividad sospechosa,"Estimado cliente,

Hemos detectado un intento de acceso no autorizado a su cuenta desde una dirección IP desconocida. Por su seguridad, hemos restringido temporalmente sus operaciones.

Para desbloquear su cuenta inmediatamente, ingrese a nuestro portal de verificación segura en el siguiente enlace:
http://verificate-ahora-login.org/login-verificacion?id=18339

Si no verifica sus datos en las próximas 24 horas, su cuenta será bloqueada permanentemente.

Atentamente,
Departamento de Seguridad Bancaria",2026-07-10 09:55:43,1,Credential Harvesting,0.953,"[""Urgencia extrema o amenaza de bloqueo"", ""Enlace a dominio no oficial"", ""Saludo genérico (Estimado cliente)"", ""Uso de protocolo HTTP no seguro""]"
913,notificaciones-servipagos@soporte-urgente-banco.xyz,elena.gomez@servicio-cliente.com,URGENTE: Suspención temporal de su cuenta bancaria por actividad sospechosa,"Estimado cliente,

Hemos detectado un intento de acceso no autorizado a su cuenta desde una dirección IP desconocida. Por su seguridad, hemos restringido temporalmente sus operaciones.

Para desbloquear su cuenta inmediatamente, ingrese a nuestro portal de verificación segura en el siguiente enlace:
http://soporte-urgente-banco.xyz/login-verificacion?id=21679

Si no verifica sus datos en las próximas 24 horas, su cuenta será bloqueada permanentemente.

Atentamente,
Departamento de Seguridad Bancaria",2026-07-05 14:31:46,1,Credential Harvesting,0.93,"[""Urgencia extrema o amenaza de bloqueo"", ""Enlace a dominio no oficial"", ""Saludo genérico (Estimado cliente)"", ""Uso de protocolo HTTP no seguro""]"
914,jorge.rios@mail.com,roberto.castro@servicio-cliente.com,Recordatorio: Mantenimiento programado de Base de Datos,"Estimado/a Roberto Castro,

Gracias por registrarse al taller sobre JavaScript Moderno ES6+. Adjuntamos la agenda y los recursos de lectura previos.

Nos vemos pronto,
Comité Organizador",2026-03-18 22:50:21,0,Ninguno (Legítimo),0.023,[]
915,soporte@logistica-express-rastreo.info,lucia.vargas@empresa.edu.ec,Notificación de entrega fallida - Su paquete #22324 requiere pago de arancel,"Estimado usuario,

Su paquete con número de rastreo #22324 no pudo ser entregado debido a una dirección incompleta y un saldo pendiente de arancel ($2.99 USD).

Actualice su dirección y realice el pago en el enlace oficial:
https://logistica-express-rastreo.info/rastreo/actualizar?track=22324

De no realizar el pago hoy, el paquete será devuelto al remitente.",2025-12-12 16:15:06,1,Package Delivery Scam,0.897,"[""Cobro pequeñito no esperado ($2.99)"", ""Dominio de rastreo falso"", ""Urgencia en la entrega del paquete""]"
916,carlos.gomez@mail.com,maria.lopez@bancorivera.com,Consulta sobre la entrega del módulo WCAG 2.2 y ARIA,"Estimado/a Maria Lopez,

Le confirmamos que hemos procesado la factura #413. Puede consultar el detalle en su panel de usuario de nuestra plataforma.

Atentamente,
Equipo de Contabilidad",2025-10-01 21:35:09,0,Ninguno (Legítimo),0.099,[]
917,lucia.ramirez@techcorp.com,lucia.rodriguez@techcorp.com,Informe mensual de rendimiento de la plataforma,"Hola Lucia Rodriguez,

¿Tendrás un espacio hoy para revisar las dudas sobre el módulo WCAG 2.2 y ARIA? Quedo atento a tus comentarios.

Saludos,
Lucia Ramirez",2026-06-02 15:57:02,0,Ninguno (Legítimo),0.015,[]
918,elena.ramirez@techcorp.com,sofia.rodriguez@mail.com,Factura de servicio #609 de Junio,"Estimado/a Sofia Rodriguez,

Gracias por registrarse al taller sobre WCAG 2.2 y ARIA. Adjuntamos la agenda y los recursos de lectura previos.

Nos vemos pronto,
Comité Organizador",2025-11-01 19:20:50,0,Ninguno (Legítimo),0.14,[]
919,gabriel.perez@mail.com,maria.vargas@empresa.edu.ec,Recordatorio: Mantenimiento programado de Servicio de Autenticación,"Hola Maria Vargas,

Adjunto el informe correspondiente a la reunión de seguimiento del proyecto Diseño UX/UI. Por favor revisa los puntos acordados para la próxima entrega.

Saludos cordiales,
Gabriel Perez",2026-03-20 00:18:31,0,Ninguno (Legítimo),0.138,[]
920,gabriel.morales@empresa.com,maria.rios@empresa.edu.ec,Minuta de la reunión de planificación del sprint #758,"Estimado/a Maria Rios,

Le confirmamos que hemos procesado la factura #758. Puede consultar el detalle en su panel de usuario de nuestra plataforma.

Atentamente,
Equipo de Contabilidad",2026-08-05 05:31:21,0,Ninguno (Legítimo),0.051,[]
921,carlos.torres@empresa.edu.ec,roberto.rodriguez@servicio-cliente.com,Confirmación de registro al evento Diseño UX/UI,"Hola equipo,

Les recordamos que este fin de semana realizaremos un mantenimiento preventivo en Servicio de Autenticación. El servicio no estará disponible entre las 02:00 y las 04:00 AM.

Gracias por su comprensión.",2026-03-26 23:50:34,0,Ninguno (Legítimo),0.118,[]
922,elena.vargas@mail.com,diego.rodriguez@gobierno.gob.ec,Reunión de seguimiento - Proyecto Plataforma Web,"Hola equipo,

Les recordamos que este fin de semana realizaremos un mantenimiento preventivo en API REST. El servicio no estará disponible entre las 02:00 y las 04:00 AM.

Gracias por su comprensión.",2026-05-29 09:30:56,0,Ninguno (Legítimo),0.145,[]
923,notificaciones-megamarket@actualiza-credenciales-pagos.net,elena.morales@mail.com,URGENTE: Suspención temporal de su cuenta bancaria por actividad sospechosa,"Estimado cliente,

Hemos detectado un intento de acceso no autorizado a su cuenta desde una dirección IP desconocida. Por su seguridad, hemos restringido temporalmente sus operaciones.

Para desbloquear su cuenta inmediatamente, ingrese a nuestro portal de verificación segura en el siguiente enlace:
http://actualiza-credenciales-pagos.net/login-verificacion?id=22930

Si no verifica sus datos en las próximas 24 horas, su cuenta será bloqueada permanentemente.

Atentamente,
Departamento de Seguridad Bancaria",2026-08-17 23:47:39,1,Credential Harvesting,0.975,"[""Urgencia extrema o amenaza de bloqueo"", ""Enlace a dominio no oficial"", ""Saludo genérico (Estimado cliente)"", ""Uso de protocolo HTTP no seguro""]"
924,ana.fernandez@logisticaexpress.com,camila.perez@bancorivera.com,Factura de servicio #397 de Julio,"Estimado/a Camila Perez,

Le confirmamos que hemos procesado la factura #397. Puede consultar el detalle en su panel de usuario de nuestra plataforma.

Atentamente,
Equipo de Contabilidad",2025-10-08 15:24:47,0,Ninguno (Legítimo),0.062,[]
925,fernando.fernandez@gobierno.gob.ec,jorge.ramirez@logisticaexpress.com,Resumen semanal de actividades del equipo Soporte Técnico,"Estimado/a Jorge Ramirez,

Gracias por registrarse al taller sobre Arquitectura Cliente-Servidor. Adjuntamos la agenda y los recursos de lectura previos.

Nos vemos pronto,
Comité Organizador",2025-09-23 13:40:37,0,Ninguno (Legítimo),0.049,[]
926,ana.castro@servicio-cliente.com,carlos.vargas@empresa.com,Recordatorio: Mantenimiento programado de Servidor Node.js,"Estimado/a Carlos Vargas,

Gracias por registrarse al taller sobre HTML5 Semántico. Adjuntamos la agenda y los recursos de lectura previos.

Nos vemos pronto,
Comité Organizador",2026-05-08 17:13:36,0,Ninguno (Legítimo),0.019,[]
927,sofia.rios@gobierno.gob.ec,roberto.martinez@gobierno.gob.ec,Factura de servicio #879 de Septiembre,"Estimado/a Roberto Martinez,

Gracias por registrarse al taller sobre Arquitectura Cliente-Servidor. Adjuntamos la agenda y los recursos de lectura previos.

Nos vemos pronto,
Comité Organizador",2025-11-25 17:20:19,0,Ninguno (Legítimo),0.038,[]
928,patricia.gomez@empresa.com,camila.rodriguez@empresa.edu.ec,Recordatorio: Mantenimiento programado de Servicio de Autenticación,"Estimado/a Camila Rodriguez,

Gracias por registrarse al taller sobre CSS Responsivo. Adjuntamos la agenda y los recursos de lectura previos.

Nos vemos pronto,
Comité Organizador",2025-09-20 01:04:27,0,Ninguno (Legítimo),0.113,[]
929,gabriel.gomez@bancorivera.com,diego.mendoza@logisticaexpress.com,Recordatorio: Mantenimiento programado de API REST,"Hola Diego Mendoza,

Adjunto el informe correspondiente a la reunión de seguimiento del proyecto Auditoría de Seguridad. Por favor revisa los puntos acordados para la próxima entrega.

Saludos cordiales,
Gabriel Gomez",2025-09-23 02:20:10,0,Ninguno (Legítimo),0.065,[]
930,soporte@soporte-urgente-banco.xyz,luis.perez@techcorp.com,Solicitud urgente de transferencia de fondos - Confidencial,"Hola Luis Perez,

Me encuentro en una reunión ejecutiva sin acceso a llamadas. Necesito que proceses con urgencia una transferencia bancaria para la adquisición de licencias internacionales.

Por favor confirma si puedes hacer el pago ahora mismo y te envío los datos de la cuenta de destino. Mantén esto de forma confidencial.

Saludos,
Dirección General",2026-01-29 02:24:29,1,Spear Phishing / CEO Fraud,0.855,"[""Suplantación de identidad ejecutiva (CEO Fraud)"", ""Petición de transferencia o pago urgente"", ""Solicitud de mantener secreto/confidencialidad"", ""Remitente spoofed o de correo gratuito""]"
931,jorge.morales@mail.com,sofia.morales@techcorp.com,Reunión de seguimiento - Proyecto Plataforma Web,"Estimado/a Sofia Morales,

Le confirmamos que hemos procesado la factura #214. Puede consultar el detalle en su panel de usuario de nuestra plataforma.

Atentamente,
Equipo de Contabilidad",2026-07-07 03:14:38,0,Ninguno (Legítimo),0.111,[]
932,carlos.fernandez@bancorivera.com,maria.vargas@logisticaexpress.com,Solicitud de revisión de código - Pull Request #159,"Hola Maria Vargas,

Adjunto el informe correspondiente a la reunión de seguimiento del proyecto Diseño UX/UI. Por favor revisa los puntos acordados para la próxima entrega.

Saludos cordiales,
Carlos Fernandez",2025-09-20 13:13:27,0,Ninguno (Legítimo),0.089,[]
933,notificaciones-megamarket@techcorp-admin-portal.tk,roberto.martinez@empresa.com,Factura vencida #41151 - Notificación final de cobro judicial,"Estimado/a Roberto Martinez,

Adjunto enviamos la factura vencida #41151 correspondiente al último periodo de facturación. Si el pago no se registra hoy, iniciaremos el proceso de cobro judicial.

Descargue y revise el archivo adjunto 'Factura_Vencida_41151.exe' o 'Factura_Detalle.zip' para cancelar el saldo.

Atentamente,
Departamento de Cobranzas",2026-07-31 01:20:46,1,Fake Invoice / Malware Attachment,0.918,"[""Extensión de archivo adjunto peligrosa (.exe, .zip, .js)"", ""Amenaza de acciones legales o judiciales"", ""Remitente desconocido exigiendo pago""]"
934,patricia.lopez@gobierno.gob.ec,jorge.torres@mail.com,Recordatorio: Mantenimiento programado de API REST,"Hola equipo,

Les recordamos que este fin de semana realizaremos un mantenimiento preventivo en API REST. El servicio no estará disponible entre las 02:00 y las 04:00 AM.

Gracias por su comprensión.",2026-04-22 01:26:40,0,Ninguno (Legítimo),0.03,[]
935,lucia.perez@empresa.com,patricia.fernandez@techcorp.com,Consulta sobre la entrega del módulo Arquitectura Cliente-Servidor,"Hola equipo,

Les recordamos que este fin de semana realizaremos un mantenimiento preventivo en Servicio de Autenticación. El servicio no estará disponible entre las 02:00 y las 04:00 AM.

Gracias por su comprensión.",2026-08-31 03:42:55,0,Ninguno (Legítimo),0.057,[]
936,diego.ramirez@logisticaexpress.com,diego.perez@logisticaexpress.com,Solicitud de revisión de código - Pull Request #472,"Hola equipo,

Les recordamos que este fin de semana realizaremos un mantenimiento preventivo en Servicio de Autenticación. El servicio no estará disponible entre las 02:00 y las 04:00 AM.

Gracias por su comprensión.",2025-11-09 03:17:39,0,Ninguno (Legítimo),0.04,[]
937,notificaciones-cloudservices@actualiza-credenciales-pagos.net,andres.martinez@empresa.com,URGENTE: Suspención temporal de su cuenta bancaria por actividad sospechosa,"Estimado cliente,

Hemos detectado un intento de acceso no autorizado a su cuenta desde una dirección IP desconocida. Por su seguridad, hemos restringido temporalmente sus operaciones.

Para desbloquear su cuenta inmediatamente, ingrese a nuestro portal de verificación segura en el siguiente enlace:
http://actualiza-credenciales-pagos.net/login-verificacion?id=38465

Si no verifica sus datos en las próximas 24 horas, su cuenta será bloqueada permanentemente.

Atentamente,
Departamento de Seguridad Bancaria",2025-10-27 03:45:49,1,Credential Harvesting,0.872,"[""Urgencia extrema o amenaza de bloqueo"", ""Enlace a dominio no oficial"", ""Saludo genérico (Estimado cliente)"", ""Uso de protocolo HTTP no seguro""]"
938,diego.fernandez@techcorp.com,elena.torres@bancorivera.com,Invitación: Taller sobre CSS Responsivo,"Estimado/a Elena Torres,

Le confirmamos que hemos procesado la factura #863. Puede consultar el detalle en su panel de usuario de nuestra plataforma.

Atentamente,
Equipo de Contabilidad",2026-05-23 23:43:14,0,Ninguno (Legítimo),0.068,[]
939,maria.mendoza@empresa.edu.ec,camila.sanchez@bancorivera.com,Factura de servicio #121 de Junio,"Hola equipo,

Les recordamos que este fin de semana realizaremos un mantenimiento preventivo en API REST. El servicio no estará disponible entre las 02:00 y las 04:00 AM.

Gracias por su comprensión.",2026-09-14 12:45:12,0,Ninguno (Legítimo),0.038,[]
940,soporte@seguridad-cuenta-alert.online,luis.sanchez@mail.com,Su contraseña de correo expira hoy - Conserve su acceso,"Estimado usuario de MegaMarket,

Su contraseña expirará en 2 horas. Para mantener su contraseña actual y no perder el acceso a sus correos institucionales, valide sus credenciales en el portal interno:

https://seguridad-cuenta-alert.online/portal/reset-password

Soporte IT / TI",2025-12-19 19:11:52,1,Password Reset / Tech Support Scam,0.846,"[""Falsa expiración inminente de contraseña"", ""Portal de contraseña en dominio externo"", ""Sin personalización del nombre del usuario""]"
941,soporte@verificate-ahora-login.org,jorge.lopez@empresa.com,URGENTE: Suspención temporal de su cuenta bancaria por actividad sospechosa,"Estimado cliente,

Hemos detectado un intento de acceso no autorizado a su cuenta desde una dirección IP desconocida. Por su seguridad, hemos restringido temporalmente sus operaciones.

Para desbloquear su cuenta inmediatamente, ingrese a nuestro portal de verificación segura en el siguiente enlace:
http://verificate-ahora-login.org/login-verificacion?id=91040

Si no verifica sus datos en las próximas 24 horas, su cuenta será bloqueada permanentemente.

Atentamente,
Departamento de Seguridad Bancaria",2026-06-15 13:49:06,1,Credential Harvesting,0.927,"[""Urgencia extrema o amenaza de bloqueo"", ""Enlace a dominio no oficial"", ""Saludo genérico (Estimado cliente)"", ""Uso de protocolo HTTP no seguro""]"
942,andres.rodriguez@bancorivera.com,maria.vargas@techcorp.com,Recordatorio: Mantenimiento programado de Servicio de Autenticación,"Hola Maria Vargas,

¿Tendrás un espacio hoy para revisar las dudas sobre el módulo Arquitectura Cliente-Servidor? Quedo atento a tus comentarios.

Saludos,
Andres Rodriguez",2026-01-22 17:04:48,0,Ninguno (Legítimo),0.106,[]
943,camila.vargas@mail.com,elena.torres@bancorivera.com,Confirmación de registro al evento Auditoría de Seguridad,"Hola equipo,

Les recordamos que este fin de semana realizaremos un mantenimiento preventivo en Base de Datos. El servicio no estará disponible entre las 02:00 y las 04:00 AM.

Gracias por su comprensión.",2026-04-15 05:17:42,0,Ninguno (Legítimo),0.105,[]
944,lucia.ramirez@servicio-cliente.com,gabriel.martinez@empresa.edu.ec,Reunión de seguimiento - Proyecto Integración API REST,"Estimado/a Gabriel Martinez,

Le confirmamos que hemos procesado la factura #736. Puede consultar el detalle en su panel de usuario de nuestra plataforma.

Atentamente,
Equipo de Contabilidad",2025-10-27 15:10:38,0,Ninguno (Legítimo),0.082,[]
945,patricia.castro@gobierno.gob.ec,gabriel.lopez@bancorivera.com,Invitación: Taller sobre JavaScript Moderno ES6+,"Estimado/a Gabriel Lopez,

Gracias por registrarse al taller sobre JavaScript Moderno ES6+. Adjuntamos la agenda y los recursos de lectura previos.

Nos vemos pronto,
Comité Organizador",2025-09-14 01:49:34,0,Ninguno (Legítimo),0.102,[]
946,sofia.fernandez@logisticaexpress.com,carlos.castro@bancorivera.com,Informe mensual de rendimiento de la plataforma,"Hola equipo,

Les recordamos que este fin de semana realizaremos un mantenimiento preventivo en API REST. El servicio no estará disponible entre las 02:00 y las 04:00 AM.

Gracias por su comprensión.",2025-09-17 12:45:24,0,Ninguno (Legítimo),0.122,[]
947,fernando.morales@logisticaexpress.com,gabriel.lopez@mail.com,Informe mensual de rendimiento de la plataforma,"Hola equipo,

Les recordamos que este fin de semana realizaremos un mantenimiento preventivo en Servicio de Autenticación. El servicio no estará disponible entre las 02:00 y las 04:00 AM.

Gracias por su comprensión.",2026-04-06 22:49:31,0,Ninguno (Legítimo),0.131,[]
948,elena.sanchez@empresa.edu.ec,maria.perez@empresa.edu.ec,Recordatorio: Mantenimiento programado de Servidor Node.js,"Hola Maria Perez,

Adjunto el informe correspondiente a la reunión de seguimiento del proyecto Migración a la Nube. Por favor revisa los puntos acordados para la próxima entrega.

Saludos cordiales,
Elena Sanchez",2025-09-12 12:40:46,0,Ninguno (Legítimo),0.113,[]
949,gabriel.mendoza@empresa.edu.ec,jorge.ramirez@servicio-cliente.com,Solicitud de revisión de código - Pull Request #224,"Hola Jorge Ramirez,

Adjunto el informe correspondiente a la reunión de seguimiento del proyecto Plataforma Web. Por favor revisa los puntos acordados para la próxima entrega.

Saludos cordiales,
Gabriel Mendoza",2026-07-14 10:33:45,0,Ninguno (Legítimo),0.111,[]
950,soporte@soporte-urgente-banco.xyz,diego.gomez@empresa.edu.ec,Factura vencida #91979 - Notificación final de cobro judicial,"Estimado/a Diego Gomez,

Adjunto enviamos la factura vencida #91979 correspondiente al último periodo de facturación. Si el pago no se registra hoy, iniciaremos el proceso de cobro judicial.

Descargue y revise el archivo adjunto 'Factura_Vencida_91979.exe' o 'Factura_Detalle.zip' para cancelar el saldo.

Atentamente,
Departamento de Cobranzas",2026-04-10 16:29:09,1,Fake Invoice / Malware Attachment,0.902,"[""Extensión de archivo adjunto peligrosa (.exe, .zip, .js)"", ""Amenaza de acciones legales o judiciales"", ""Remitente desconocido exigiendo pago""]"
951,andres.lopez@bancorivera.com,camila.martinez@bancorivera.com,Factura de servicio #280 de Octubre,"Estimado/a Camila Martinez,

Le confirmamos que hemos procesado la factura #280. Puede consultar el detalle en su panel de usuario de nuestra plataforma.

Atentamente,
Equipo de Contabilidad",2026-07-07 14:46:27,0,Ninguno (Legítimo),0.108,[]
952,patricia.lopez@empresa.com,elena.rios@mail.com,Solicitud de revisión de código - Pull Request #403,"Hola equipo,

Les recordamos que este fin de semana realizaremos un mantenimiento preventivo en API REST. El servicio no estará disponible entre las 02:00 y las 04:00 AM.

Gracias por su comprensión.",2025-10-09 14:51:07,0,Ninguno (Legítimo),0.125,[]
953,luis.gomez@empresa.edu.ec,fernando.martinez@techcorp.com,Informe mensual de rendimiento de la plataforma,"Estimado/a Fernando Martinez,

Gracias por registrarse al taller sobre WCAG 2.2 y ARIA. Adjuntamos la agenda y los recursos de lectura previos.

Nos vemos pronto,
Comité Organizador",2026-05-30 08:15:15,0,Ninguno (Legítimo),0.012,[]
954,fernando.castro@mail.com,lucia.castro@empresa.edu.ec,Informe mensual de rendimiento de la plataforma,"Hola equipo,

Les recordamos que este fin de semana realizaremos un mantenimiento preventivo en Servicio de Autenticación. El servicio no estará disponible entre las 02:00 y las 04:00 AM.

Gracias por su comprensión.",2025-10-16 19:35:33,0,Ninguno (Legítimo),0.086,[]
955,valentina.torres@servicio-cliente.com,elena.gomez@mail.com,Confirmación de registro al evento Diseño UX/UI,"Estimado/a Elena Gomez,

Le confirmamos que hemos procesado la factura #915. Puede consultar el detalle en su panel de usuario de nuestra plataforma.

Atentamente,
Equipo de Contabilidad",2025-12-27 05:22:49,0,Ninguno (Legítimo),0.113,[]
956,roberto.sanchez@bancorivera.com,gabriel.fernandez@techcorp.com,Consulta sobre la entrega del módulo CSS Responsivo,"Hola Gabriel Fernandez,

Adjunto el informe correspondiente a la reunión de seguimiento del proyecto Migración a la Nube. Por favor revisa los puntos acordados para la próxima entrega.

Saludos cordiales,
Roberto Sanchez",2025-09-13 13:04:35,0,Ninguno (Legítimo),0.065,[]
957,soporte@soporte-urgente-banco.xyz,carlos.torres@empresa.com,Solicitud urgente de transferencia de fondos - Confidencial,"Hola Carlos Torres,

Me encuentro en una reunión ejecutiva sin acceso a llamadas. Necesito que proceses con urgencia una transferencia bancaria para la adquisición de licencias internacionales.

Por favor confirma si puedes hacer el pago ahora mismo y te envío los datos de la cuenta de destino. Mantén esto de forma confidencial.

Saludos,
Dirección General",2026-02-20 15:12:00,1,Spear Phishing / CEO Fraud,0.863,"[""Suplantación de identidad ejecutiva (CEO Fraud)"", ""Petición de transferencia o pago urgente"", ""Solicitud de mantener secreto/confidencialidad"", ""Remitente spoofed o de correo gratuito""]"
958,lucia.rodriguez@empresa.edu.ec,elena.torres@bancorivera.com,Confirmación de registro al evento Diseño UX/UI,"Hola Elena Torres,

¿Tendrás un espacio hoy para revisar las dudas sobre el módulo WCAG 2.2 y ARIA? Quedo atento a tus comentarios.

Saludos,
Lucia Rodriguez",2026-04-10 23:50:30,0,Ninguno (Legítimo),0.142,[]
959,gabriel.vargas@gobierno.gob.ec,carlos.martinez@techcorp.com,Solicitud de revisión de código - Pull Request #539,"Hola equipo,

Les recordamos que este fin de semana realizaremos un mantenimiento preventivo en Base de Datos. El servicio no estará disponible entre las 02:00 y las 04:00 AM.

Gracias por su comprensión.",2026-04-03 01:51:31,0,Ninguno (Legítimo),0.111,[]
960,andres.sanchez@empresa.com,camila.rodriguez@bancorivera.com,Resumen semanal de actividades del equipo Soporte Técnico,"Hola Camila Rodriguez,

¿Tendrás un espacio hoy para revisar las dudas sobre el módulo CSS Responsivo? Quedo atento a tus comentarios.

Saludos,
Andres Sanchez",2025-11-05 21:27:19,0,Ninguno (Legítimo),0.058,[]
961,patricia.rios@logisticaexpress.com,jorge.sanchez@logisticaexpress.com,Informe mensual de rendimiento de la plataforma,"Estimado/a Jorge Sanchez,

Gracias por registrarse al taller sobre HTML5 Semántico. Adjuntamos la agenda y los recursos de lectura previos.

Nos vemos pronto,
Comité Organizador",2026-08-24 15:04:37,0,Ninguno (Legítimo),0.115,[]
962,luis.torres@empresa.com,camila.torres@gobierno.gob.ec,Resumen semanal de actividades del equipo Desarrollo,"Estimado/a Camila Torres,

Le confirmamos que hemos procesado la factura #910. Puede consultar el detalle en su panel de usuario de nuestra plataforma.

Atentamente,
Equipo de Contabilidad",2025-10-13 03:16:07,0,Ninguno (Legítimo),0.041,[]
963,notificaciones-cloudservices@soporte-urgente-banco.xyz,camila.morales@techcorp.com,Notificación de entrega fallida - Su paquete #73530 requiere pago de arancel,"Estimado usuario,

Su paquete con número de rastreo #73530 no pudo ser entregado debido a una dirección incompleta y un saldo pendiente de arancel ($2.99 USD).

Actualice su dirección y realice el pago en el enlace oficial:
https://soporte-urgente-banco.xyz/rastreo/actualizar?track=73530

De no realizar el pago hoy, el paquete será devuelto al remitente.",2026-03-03 06:35:50,1,Package Delivery Scam,0.886,"[""Cobro pequeñito no esperado ($2.99)"", ""Dominio de rastreo falso"", ""Urgencia en la entrega del paquete""]"
964,diego.morales@gobierno.gob.ec,maria.martinez@bancorivera.com,Resumen semanal de actividades del equipo Ciberseguridad,"Estimado/a Maria Martinez,

Le confirmamos que hemos procesado la factura #909. Puede consultar el detalle en su panel de usuario de nuestra plataforma.

Atentamente,
Equipo de Contabilidad",2026-07-28 14:51:07,0,Ninguno (Legítimo),0.03,[]
965,notificaciones-megamarket@seguridad-cuenta-alert.online,valentina.rodriguez@mail.com,Factura vencida #29348 - Notificación final de cobro judicial,"Estimado/a Valentina Rodriguez,

Adjunto enviamos la factura vencida #29348 correspondiente al último periodo de facturación. Si el pago no se registra hoy, iniciaremos el proceso de cobro judicial.

Descargue y revise el archivo adjunto 'Factura_Vencida_29348.exe' o 'Factura_Detalle.zip' para cancelar el saldo.

Atentamente,
Departamento de Cobranzas",2026-08-01 07:26:48,1,Fake Invoice / Malware Attachment,0.941,"[""Extensión de archivo adjunto peligrosa (.exe, .zip, .js)"", ""Amenaza de acciones legales o judiciales"", ""Remitente desconocido exigiendo pago""]"
966,diego.castro@servicio-cliente.com,fernando.torres@gobierno.gob.ec,Invitación: Taller sobre CSS Responsivo,"Hola Fernando Torres,

Adjunto el informe correspondiente a la reunión de seguimiento del proyecto Integración API REST. Por favor revisa los puntos acordados para la próxima entrega.

Saludos cordiales,
Diego Castro",2026-02-08 11:55:22,0,Ninguno (Legítimo),0.131,[]
967,carlos.vargas@empresa.com,gabriel.rios@empresa.com,Confirmación de registro al evento Migración a la Nube,"Hola Gabriel Rios,

¿Tendrás un espacio hoy para revisar las dudas sobre el módulo JavaScript Moderno ES6+? Quedo atento a tus comentarios.

Saludos,
Carlos Vargas",2026-03-08 13:09:39,0,Ninguno (Legítimo),0.116,[]
968,notificaciones-servipagos@actualiza-credenciales-pagos.net,jorge.torres@empresa.edu.ec,URGENTE: Suspención temporal de su cuenta bancaria por actividad sospechosa,"Estimado cliente,

Hemos detectado un intento de acceso no autorizado a su cuenta desde una dirección IP desconocida. Por su seguridad, hemos restringido temporalmente sus operaciones.

Para desbloquear su cuenta inmediatamente, ingrese a nuestro portal de verificación segura en el siguiente enlace:
http://actualiza-credenciales-pagos.net/login-verificacion?id=29866

Si no verifica sus datos en las próximas 24 horas, su cuenta será bloqueada permanentemente.

Atentamente,
Departamento de Seguridad Bancaria",2026-05-20 10:02:01,1,Credential Harvesting,0.982,"[""Urgencia extrema o amenaza de bloqueo"", ""Enlace a dominio no oficial"", ""Saludo genérico (Estimado cliente)"", ""Uso de protocolo HTTP no seguro""]"
969,soporte@seguridad-cuenta-alert.online,gabriel.rodriguez@empresa.com,Notificación de entrega fallida - Su paquete #19119 requiere pago de arancel,"Estimado usuario,

Su paquete con número de rastreo #19119 no pudo ser entregado debido a una dirección incompleta y un saldo pendiente de arancel ($2.99 USD).

Actualice su dirección y realice el pago en el enlace oficial:
https://seguridad-cuenta-alert.online/rastreo/actualizar?track=19119

De no realizar el pago hoy, el paquete será devuelto al remitente.",2026-03-04 21:00:03,1,Package Delivery Scam,0.81,"[""Cobro pequeñito no esperado ($2.99)"", ""Dominio de rastreo falso"", ""Urgencia en la entrega del paquete""]"
970,andres.lopez@empresa.edu.ec,luis.rios@logisticaexpress.com,Invitación: Taller sobre HTML5 Semántico,"Estimado/a Luis Rios,

Le confirmamos que hemos procesado la factura #332. Puede consultar el detalle en su panel de usuario de nuestra plataforma.

Atentamente,
Equipo de Contabilidad",2026-03-22 13:38:34,0,Ninguno (Legítimo),0.077,[]
971,soporte@logistica-express-rastreo.info,jorge.morales@mail.com,Notificación de entrega fallida - Su paquete #93142 requiere pago de arancel,"Estimado usuario,

Su paquete con número de rastreo #93142 no pudo ser entregado debido a una dirección incompleta y un saldo pendiente de arancel ($2.99 USD).

Actualice su dirección y realice el pago en el enlace oficial:
https://logistica-express-rastreo.info/rastreo/actualizar?track=93142

De no realizar el pago hoy, el paquete será devuelto al remitente.",2025-12-29 13:33:25,1,Package Delivery Scam,0.922,"[""Cobro pequeñito no esperado ($2.99)"", ""Dominio de rastreo falso"", ""Urgencia en la entrega del paquete""]"
972,ana.perez@logisticaexpress.com,luis.gomez@logisticaexpress.com,Solicitud de revisión de código - Pull Request #603,"Hola Luis Gomez,

¿Tendrás un espacio hoy para revisar las dudas sobre el módulo JavaScript Moderno ES6+? Quedo atento a tus comentarios.

Saludos,
Ana Perez",2026-08-09 23:06:26,0,Ninguno (Legítimo),0.136,[]
973,soporte@verificate-ahora-login.org,carlos.vargas@gobierno.gob.ec,Notificación de entrega fallida - Su paquete #59060 requiere pago de arancel,"Estimado usuario,

Su paquete con número de rastreo #59060 no pudo ser entregado debido a una dirección incompleta y un saldo pendiente de arancel ($2.99 USD).

Actualice su dirección y realice el pago en el enlace oficial:
https://verificate-ahora-login.org/rastreo/actualizar?track=59060

De no realizar el pago hoy, el paquete será devuelto al remitente.",2025-12-18 13:32:36,1,Package Delivery Scam,0.832,"[""Cobro pequeñito no esperado ($2.99)"", ""Dominio de rastreo falso"", ""Urgencia en la entrega del paquete""]"
974,maria.vargas@gobierno.gob.ec,gabriel.martinez@empresa.com,Informe mensual de rendimiento de la plataforma,"Hola Gabriel Martinez,

Adjunto el informe correspondiente a la reunión de seguimiento del proyecto Diseño UX/UI. Por favor revisa los puntos acordados para la próxima entrega.

Saludos cordiales,
Maria Vargas",2026-02-19 15:07:40,0,Ninguno (Legítimo),0.016,[]
975,diego.ramirez@gobierno.gob.ec,diego.mendoza@gobierno.gob.ec,Confirmación de registro al evento Plataforma Web,"Hola Diego Mendoza,

Adjunto el informe correspondiente a la reunión de seguimiento del proyecto Plataforma Web. Por favor revisa los puntos acordados para la próxima entrega.

Saludos cordiales,
Diego Ramirez",2026-09-16 15:29:06,0,Ninguno (Legítimo),0.053,[]
976,notificaciones-techcorp@logistica-express-rastreo.info,diego.torres@empresa.com,Notificación de entrega fallida - Su paquete #61216 requiere pago de arancel,"Estimado usuario,

Su paquete con número de rastreo #61216 no pudo ser entregado debido a una dirección incompleta y un saldo pendiente de arancel ($2.99 USD).

Actualice su dirección y realice el pago en el enlace oficial:
https://logistica-express-rastreo.info/rastreo/actualizar?track=61216

De no realizar el pago hoy, el paquete será devuelto al remitente.",2025-12-02 20:09:29,1,Package Delivery Scam,0.877,"[""Cobro pequeñito no esperado ($2.99)"", ""Dominio de rastreo falso"", ""Urgencia en la entrega del paquete""]"
977,carlos.rios@bancorivera.com,luis.ramirez@empresa.edu.ec,Solicitud de revisión de código - Pull Request #151,"Estimado/a Luis Ramirez,

Gracias por registrarse al taller sobre JavaScript Moderno ES6+. Adjuntamos la agenda y los recursos de lectura previos.

Nos vemos pronto,
Comité Organizador",2026-08-08 17:02:53,0,Ninguno (Legítimo),0.112,[]
978,valentina.castro@mail.com,lucia.perez@logisticaexpress.com,Factura de servicio #386 de Febrero,"Hola equipo,

Les recordamos que este fin de semana realizaremos un mantenimiento preventivo en API REST. El servicio no estará disponible entre las 02:00 y las 04:00 AM.

Gracias por su comprensión.",2025-10-20 09:56:57,0,Ninguno (Legítimo),0.03,[]
979,carlos.rodriguez@empresa.edu.ec,carlos.torres@techcorp.com,Resumen semanal de actividades del equipo Ciberseguridad,"Hola Carlos Torres,

¿Tendrás un espacio hoy para revisar las dudas sobre el módulo WCAG 2.2 y ARIA? Quedo atento a tus comentarios.

Saludos,
Carlos Rodriguez",2025-12-14 12:22:51,0,Ninguno (Legítimo),0.077,[]
980,carlos.gomez@servicio-cliente.com,luis.fernandez@empresa.com,Consulta sobre la entrega del módulo Arquitectura Cliente-Servidor,"Hola Luis Fernandez,

Adjunto el informe correspondiente a la reunión de seguimiento del proyecto Diseño UX/UI. Por favor revisa los puntos acordados para la próxima entrega.

Saludos cordiales,
Carlos Gomez",2025-11-18 15:50:42,0,Ninguno (Legítimo),0.102,[]
981,carlos.vargas@gobierno.gob.ec,camila.perez@gobierno.gob.ec,Resumen semanal de actividades del equipo Recursos Humanos,"Hola Camila Perez,

¿Tendrás un espacio hoy para revisar las dudas sobre el módulo HTML5 Semántico? Quedo atento a tus comentarios.

Saludos,
Carlos Vargas",2026-01-22 18:15:05,0,Ninguno (Legítimo),0.143,[]
982,lucia.torres@servicio-cliente.com,sofia.sanchez@empresa.edu.ec,Minuta de la reunión de planificación del sprint #267,"Hola equipo,

Les recordamos que este fin de semana realizaremos un mantenimiento preventivo en Base de Datos. El servicio no estará disponible entre las 02:00 y las 04:00 AM.

Gracias por su comprensión.",2025-12-28 09:43:18,0,Ninguno (Legítimo),0.067,[]
983,jorge.rios@servicio-cliente.com,lucia.mendoza@gobierno.gob.ec,Minuta de la reunión de planificación del sprint #517,"Estimado/a Lucia Mendoza,

Le confirmamos que hemos procesado la factura #517. Puede consultar el detalle en su panel de usuario de nuestra plataforma.

Atentamente,
Equipo de Contabilidad",2026-03-11 01:01:14,0,Ninguno (Legítimo),0.057,[]
984,jorge.ramirez@mail.com,elena.gomez@mail.com,Minuta de la reunión de planificación del sprint #747,"Estimado/a Elena Gomez,

Gracias por registrarse al taller sobre WCAG 2.2 y ARIA. Adjuntamos la agenda y los recursos de lectura previos.

Nos vemos pronto,
Comité Organizador",2026-04-28 00:24:43,0,Ninguno (Legítimo),0.021,[]
985,carlos.martinez@techcorp.com,ana.morales@empresa.edu.ec,Resumen semanal de actividades del equipo Ciberseguridad,"Hola equipo,

Les recordamos que este fin de semana realizaremos un mantenimiento preventivo en Servidor Node.js. El servicio no estará disponible entre las 02:00 y las 04:00 AM.

Gracias por su comprensión.",2025-10-29 02:15:17,0,Ninguno (Legítimo),0.087,[]
986,valentina.castro@empresa.edu.ec,patricia.ramirez@mail.com,Resumen semanal de actividades del equipo Desarrollo,"Hola Patricia Ramirez,

Adjunto el informe correspondiente a la reunión de seguimiento del proyecto Diseño UX/UI. Por favor revisa los puntos acordados para la próxima entrega.

Saludos cordiales,
Valentina Castro",2026-08-03 22:18:05,0,Ninguno (Legítimo),0.079,[]
987,sofia.rios@logisticaexpress.com,patricia.mendoza@empresa.com,Minuta de la reunión de planificación del sprint #753,"Hola equipo,

Les recordamos que este fin de semana realizaremos un mantenimiento preventivo en Servidor Node.js. El servicio no estará disponible entre las 02:00 y las 04:00 AM.

Gracias por su comprensión.",2026-08-22 19:09:40,0,Ninguno (Legítimo),0.027,[]
988,soporte@logistica-express-rastreo.info,luis.martinez@servicio-cliente.com,URGENTE: Suspención temporal de su cuenta bancaria por actividad sospechosa,"Estimado cliente,

Hemos detectado un intento de acceso no autorizado a su cuenta desde una dirección IP desconocida. Por su seguridad, hemos restringido temporalmente sus operaciones.

Para desbloquear su cuenta inmediatamente, ingrese a nuestro portal de verificación segura en el siguiente enlace:
http://logistica-express-rastreo.info/login-verificacion?id=56860

Si no verifica sus datos en las próximas 24 horas, su cuenta será bloqueada permanentemente.

Atentamente,
Departamento de Seguridad Bancaria",2026-08-15 10:35:50,1,Credential Harvesting,0.934,"[""Urgencia extrema o amenaza de bloqueo"", ""Enlace a dominio no oficial"", ""Saludo genérico (Estimado cliente)"", ""Uso de protocolo HTTP no seguro""]"
989,ana.vargas@servicio-cliente.com,sofia.fernandez@servicio-cliente.com,Reunión de seguimiento - Proyecto Auditoría de Seguridad,"Estimado/a Sofia Fernandez,

Gracias por registrarse al taller sobre JavaScript Moderno ES6+. Adjuntamos la agenda y los recursos de lectura previos.

Nos vemos pronto,
Comité Organizador",2026-03-11 15:35:21,0,Ninguno (Legítimo),0.131,[]
990,camila.gomez@empresa.com,valentina.castro@mail.com,Reunión de seguimiento - Proyecto Plataforma Web,"Hola Valentina Castro,

Adjunto el informe correspondiente a la reunión de seguimiento del proyecto Plataforma Web. Por favor revisa los puntos acordados para la próxima entrega.

Saludos cordiales,
Camila Gomez",2026-06-03 11:34:05,0,Ninguno (Legítimo),0.044,[]
991,patricia.ramirez@servicio-cliente.com,andres.fernandez@mail.com,Reunión de seguimiento - Proyecto Auditoría de Seguridad,"Estimado/a Andres Fernandez,

Gracias por registrarse al taller sobre WCAG 2.2 y ARIA. Adjuntamos la agenda y los recursos de lectura previos.

Nos vemos pronto,
Comité Organizador",2026-07-21 11:25:21,0,Ninguno (Legítimo),0.023,[]
992,andres.martinez@empresa.com,andres.rodriguez@techcorp.com,Minuta de la reunión de planificación del sprint #769,"Estimado/a Andres Rodriguez,

Le confirmamos que hemos procesado la factura #769. Puede consultar el detalle en su panel de usuario de nuestra plataforma.

Atentamente,
Equipo de Contabilidad",2026-07-01 09:01:40,0,Ninguno (Legítimo),0.136,[]
993,soporte@banc0-verificacion-segura.com,sofia.ramirez@mail.com,Factura vencida #30289 - Notificación final de cobro judicial,"Estimado/a Sofia Ramirez,

Adjunto enviamos la factura vencida #30289 correspondiente al último periodo de facturación. Si el pago no se registra hoy, iniciaremos el proceso de cobro judicial.

Descargue y revise el archivo adjunto 'Factura_Vencida_30289.exe' o 'Factura_Detalle.zip' para cancelar el saldo.

Atentamente,
Departamento de Cobranzas",2025-11-23 09:26:58,1,Fake Invoice / Malware Attachment,0.933,"[""Extensión de archivo adjunto peligrosa (.exe, .zip, .js)"", ""Amenaza de acciones legales o judiciales"", ""Remitente desconocido exigiendo pago""]"
994,soporte@actualiza-credenciales-pagos.net,roberto.gomez@gobierno.gob.ec,Solicitud urgente de transferencia de fondos - Confidencial,"Hola Roberto Gomez,

Me encuentro en una reunión ejecutiva sin acceso a llamadas. Necesito que proceses con urgencia una transferencia bancaria para la adquisición de licencias internacionales.

Por favor confirma si puedes hacer el pago ahora mismo y te envío los datos de la cuenta de destino. Mantén esto de forma confidencial.

Saludos,
Dirección General",2026-08-01 14:25:51,1,Spear Phishing / CEO Fraud,0.856,"[""Suplantación de identidad ejecutiva (CEO Fraud)"", ""Petición de transferencia o pago urgente"", ""Solicitud de mantener secreto/confidencialidad"", ""Remitente spoofed o de correo gratuito""]"
995,carlos.torres@servicio-cliente.com,elena.lopez@techcorp.com,Confirmación de registro al evento Diseño UX/UI,"Estimado/a Elena Lopez,

Gracias por registrarse al taller sobre HTML5 Semántico. Adjuntamos la agenda y los recursos de lectura previos.

Nos vemos pronto,
Comité Organizador",2025-10-30 11:41:48,0,Ninguno (Legítimo),0.076,[]
996,soporte@techcorp-admin-portal.tk,luis.rodriguez@empresa.edu.ec,Notificación de entrega fallida - Su paquete #56876 requiere pago de arancel,"Estimado usuario,

Su paquete con número de rastreo #56876 no pudo ser entregado debido a una dirección incompleta y un saldo pendiente de arancel ($2.99 USD).

Actualice su dirección y realice el pago en el enlace oficial:
https://techcorp-admin-portal.tk/rastreo/actualizar?track=56876

De no realizar el pago hoy, el paquete será devuelto al remitente.",2026-06-13 23:22:25,1,Package Delivery Scam,0.947,"[""Cobro pequeñito no esperado ($2.99)"", ""Dominio de rastreo falso"", ""Urgencia en la entrega del paquete""]"
997,elena.vargas@logisticaexpress.com,carlos.lopez@empresa.edu.ec,Informe mensual de rendimiento de la plataforma,"Estimado/a Carlos Lopez,

Le confirmamos que hemos procesado la factura #775. Puede consultar el detalle en su panel de usuario de nuestra plataforma.

Atentamente,
Equipo de Contabilidad",2025-11-10 12:24:21,0,Ninguno (Legítimo),0.091,[]
998,soporte@techcorp-admin-portal.tk,diego.lopez@gobierno.gob.ec,Solicitud urgente de transferencia de fondos - Confidencial,"Hola Diego Lopez,

Me encuentro en una reunión ejecutiva sin acceso a llamadas. Necesito que proceses con urgencia una transferencia bancaria para la adquisición de licencias internacionales.

Por favor confirma si puedes hacer el pago ahora mismo y te envío los datos de la cuenta de destino. Mantén esto de forma confidencial.

Saludos,
Dirección General",2025-09-21 16:27:21,1,Spear Phishing / CEO Fraud,0.867,"[""Suplantación de identidad ejecutiva (CEO Fraud)"", ""Petición de transferencia o pago urgente"", ""Solicitud de mantener secreto/confidencialidad"", ""Remitente spoofed o de correo gratuito""]"
999,soporte@actualiza-credenciales-pagos.net,carlos.martinez@techcorp.com,Notificación de entrega fallida - Su paquete #72965 requiere pago de arancel,"Estimado usuario,

Su paquete con número de rastreo #72965 no pudo ser entregado debido a una dirección incompleta y un saldo pendiente de arancel ($2.99 USD).

Actualice su dirección y realice el pago en el enlace oficial:
https://actualiza-credenciales-pagos.net/rastreo/actualizar?track=72965

De no realizar el pago hoy, el paquete será devuelto al remitente.",2026-05-27 17:40:50,1,Package Delivery Scam,0.876,"[""Cobro pequeñito no esperado ($2.99)"", ""Dominio de rastreo falso"", ""Urgencia en la entrega del paquete""]"
1000,jorge.vargas@techcorp.com,roberto.morales@empresa.edu.ec,Minuta de la reunión de planificación del sprint #248,"Estimado/a Roberto Morales,

Le confirmamos que hemos procesado la factura #248. Puede consultar el detalle en su panel de usuario de nuestra plataforma.

Atentamente,
Equipo de Contabilidad",2025-10-21 14:16:39,0,Ninguno (Legítimo),0.098,[]
1001,valentina.gomez@empresa.com,patricia.rios@gobierno.gob.ec,Reunión de seguimiento - Proyecto Auditoría de Seguridad,"Hola equipo,

Les recordamos que este fin de semana realizaremos un mantenimiento preventivo en Servidor Node.js. El servicio no estará disponible entre las 02:00 y las 04:00 AM.

Gracias por su comprensión.",2026-07-18 21:10:11,0,Ninguno (Legítimo),0.065,[]
1002,elena.perez@gobierno.gob.ec,camila.ramirez@empresa.com,Informe mensual de rendimiento de la plataforma,"Hola Camila Ramirez,

¿Tendrás un espacio hoy para revisar las dudas sobre el módulo Arquitectura Cliente-Servidor? Quedo atento a tus comentarios.

Saludos,
Elena Perez",2025-12-25 12:38:08,0,Ninguno (Legítimo),0.022,[]
1003,roberto.martinez@servicio-cliente.com,ana.sanchez@gobierno.gob.ec,Confirmación de registro al evento Integración API REST,"Hola Ana Sanchez,

¿Tendrás un espacio hoy para revisar las dudas sobre el módulo WCAG 2.2 y ARIA? Quedo atento a tus comentarios.

Saludos,
Roberto Martinez",2025-11-15 07:21:09,0,Ninguno (Legítimo),0.078,[]
1004,luis.castro@servicio-cliente.com,jorge.torres@mail.com,Confirmación de registro al evento Integración API REST,"Hola equipo,

Les recordamos que este fin de semana realizaremos un mantenimiento preventivo en Servidor Node.js. El servicio no estará disponible entre las 02:00 y las 04:00 AM.

Gracias por su comprensión.",2026-08-20 05:27:54,0,Ninguno (Legítimo),0.141,[]
1005,patricia.ramirez@logisticaexpress.com,patricia.sanchez@mail.com,Confirmación de registro al evento Migración a la Nube,"Hola Patricia Sanchez,

¿Tendrás un espacio hoy para revisar las dudas sobre el módulo JavaScript Moderno ES6+? Quedo atento a tus comentarios.

Saludos,
Patricia Ramirez",2026-07-03 02:41:47,0,Ninguno (Legítimo),0.069,[]
1006,gabriel.perez@servicio-cliente.com,sofia.perez@mail.com,Solicitud de revisión de código - Pull Request #632,"Hola Sofia Perez,

¿Tendrás un espacio hoy para revisar las dudas sobre el módulo HTML5 Semántico? Quedo atento a tus comentarios.

Saludos,
Gabriel Perez",2026-07-11 13:04:15,0,Ninguno (Legítimo),0.121,[]
1007,roberto.torres@gobierno.gob.ec,camila.sanchez@logisticaexpress.com,Solicitud de revisión de código - Pull Request #570,"Hola Camila Sanchez,

Adjunto el informe correspondiente a la reunión de seguimiento del proyecto Integración API REST. Por favor revisa los puntos acordados para la próxima entrega.

Saludos cordiales,
Roberto Torres",2025-12-04 07:34:26,0,Ninguno (Legítimo),0.045,[]
1008,fernando.torres@servicio-cliente.com,carlos.rodriguez@logisticaexpress.com,Minuta de la reunión de planificación del sprint #697,"Hola Carlos Rodriguez,

Adjunto el informe correspondiente a la reunión de seguimiento del proyecto Auditoría de Seguridad. Por favor revisa los puntos acordados para la próxima entrega.

Saludos cordiales,
Fernando Torres",2026-06-09 22:18:41,0,Ninguno (Legítimo),0.147,[]
1009,roberto.sanchez@empresa.edu.ec,maria.torres@empresa.com,Recordatorio: Mantenimiento programado de Servidor Node.js,"Hola equipo,

Les recordamos que este fin de semana realizaremos un mantenimiento preventivo en Servidor Node.js. El servicio no estará disponible entre las 02:00 y las 04:00 AM.

Gracias por su comprensión.",2026-05-10 05:40:23,0,Ninguno (Legítimo),0.025,[]
1010,ana.gomez@empresa.edu.ec,valentina.perez@bancorivera.com,Confirmación de registro al evento Auditoría de Seguridad,"Estimado/a Valentina Perez,

Le confirmamos que hemos procesado la factura #739. Puede consultar el detalle en su panel de usuario de nuestra plataforma.

Atentamente,
Equipo de Contabilidad",2025-11-05 11:29:28,0,Ninguno (Legítimo),0.097,[]
1011,jorge.gomez@mail.com,lucia.rios@logisticaexpress.com,Resumen semanal de actividades del equipo Infraestructura,"Hola Lucia Rios,

¿Tendrás un espacio hoy para revisar las dudas sobre el módulo CSS Responsivo? Quedo atento a tus comentarios.

Saludos,
Jorge Gomez",2026-01-16 04:07:12,0,Ninguno (Legítimo),0.114,[]
1012,valentina.perez@logisticaexpress.com,maria.rodriguez@logisticaexpress.com,Informe mensual de rendimiento de la plataforma,"Hola Maria Rodriguez,

Adjunto el informe correspondiente a la reunión de seguimiento del proyecto Migración a la Nube. Por favor revisa los puntos acordados para la próxima entrega.

Saludos cordiales,
Valentina Perez",2026-01-18 01:42:14,0,Ninguno (Legítimo),0.043,[]
1013,notificaciones-plataformaeducativa@banc0-verificacion-segura.com,roberto.torres@logisticaexpress.com,Solicitud urgente de transferencia de fondos - Confidencial,"Hola Roberto Torres,

Me encuentro en una reunión ejecutiva sin acceso a llamadas. Necesito que proceses con urgencia una transferencia bancaria para la adquisición de licencias internacionales.

Por favor confirma si puedes hacer el pago ahora mismo y te envío los datos de la cuenta de destino. Mantén esto de forma confidencial.

Saludos,
Dirección General",2026-06-25 05:50:06,1,Spear Phishing / CEO Fraud,0.855,"[""Suplantación de identidad ejecutiva (CEO Fraud)"", ""Petición de transferencia o pago urgente"", ""Solicitud de mantener secreto/confidencialidad"", ""Remitente spoofed o de correo gratuito""]"
1014,diego.vargas@servicio-cliente.com,roberto.gomez@gobierno.gob.ec,Consulta sobre la entrega del módulo JavaScript Moderno ES6+,"Hola Roberto Gomez,

¿Tendrás un espacio hoy para revisar las dudas sobre el módulo JavaScript Moderno ES6+? Quedo atento a tus comentarios.

Saludos,
Diego Vargas",2026-03-17 06:23:36,0,Ninguno (Legítimo),0.096,[]
1015,roberto.lopez@empresa.com,lucia.lopez@empresa.edu.ec,Resumen semanal de actividades del equipo Ciberseguridad,"Hola equipo,

Les recordamos que este fin de semana realizaremos un mantenimiento preventivo en Servicio de Autenticación. El servicio no estará disponible entre las 02:00 y las 04:00 AM.

Gracias por su comprensión.",2026-07-08 15:28:51,0,Ninguno (Legítimo),0.136,[]
1016,andres.castro@bancorivera.com,patricia.vargas@empresa.edu.ec,Consulta sobre la entrega del módulo JavaScript Moderno ES6+,"Estimado/a Patricia Vargas,

Gracias por registrarse al taller sobre JavaScript Moderno ES6+. Adjuntamos la agenda y los recursos de lectura previos.

Nos vemos pronto,
Comité Organizador",2026-04-29 08:53:01,0,Ninguno (Legítimo),0.111,[]
1017,fernando.sanchez@gobierno.gob.ec,fernando.sanchez@logisticaexpress.com,Informe mensual de rendimiento de la plataforma,"Hola equipo,

Les recordamos que este fin de semana realizaremos un mantenimiento preventivo en Base de Datos. El servicio no estará disponible entre las 02:00 y las 04:00 AM.

Gracias por su comprensión.",2025-10-16 23:55:25,0,Ninguno (Legítimo),0.017,[]
1018,soporte@banc0-verificacion-segura.com,luis.ramirez@bancorivera.com,Notificación de entrega fallida - Su paquete #78846 requiere pago de arancel,"Estimado usuario,

Su paquete con número de rastreo #78846 no pudo ser entregado debido a una dirección incompleta y un saldo pendiente de arancel ($2.99 USD).

Actualice su dirección y realice el pago en el enlace oficial:
https://banc0-verificacion-segura.com/rastreo/actualizar?track=78846

De no realizar el pago hoy, el paquete será devuelto al remitente.",2026-08-29 13:46:48,1,Package Delivery Scam,0.847,"[""Cobro pequeñito no esperado ($2.99)"", ""Dominio de rastreo falso"", ""Urgencia en la entrega del paquete""]"
1019,elena.morales@empresa.edu.ec,patricia.fernandez@gobierno.gob.ec,Resumen semanal de actividades del equipo Recursos Humanos,"Estimado/a Patricia Fernandez,

Le confirmamos que hemos procesado la factura #992. Puede consultar el detalle en su panel de usuario de nuestra plataforma.

Atentamente,
Equipo de Contabilidad",2026-01-21 14:46:22,0,Ninguno (Legítimo),0.05,[]
1020,luis.rodriguez@empresa.edu.ec,patricia.gomez@logisticaexpress.com,Invitación: Taller sobre WCAG 2.2 y ARIA,"Hola equipo,

Les recordamos que este fin de semana realizaremos un mantenimiento preventivo en Servidor Node.js. El servicio no estará disponible entre las 02:00 y las 04:00 AM.

Gracias por su comprensión.",2026-04-05 14:06:50,0,Ninguno (Legítimo),0.111,[]
1021,soporte@verificate-ahora-login.org,carlos.sanchez@techcorp.com,Notificación de entrega fallida - Su paquete #12715 requiere pago de arancel,"Estimado usuario,

Su paquete con número de rastreo #12715 no pudo ser entregado debido a una dirección incompleta y un saldo pendiente de arancel ($2.99 USD).

Actualice su dirección y realice el pago en el enlace oficial:
https://verificate-ahora-login.org/rastreo/actualizar?track=12715

De no realizar el pago hoy, el paquete será devuelto al remitente.",2025-12-05 16:56:37,1,Package Delivery Scam,0.827,"[""Cobro pequeñito no esperado ($2.99)"", ""Dominio de rastreo falso"", ""Urgencia en la entrega del paquete""]"
1022,andres.perez@servicio-cliente.com,lucia.ramirez@gobierno.gob.ec,Recordatorio: Mantenimiento programado de Base de Datos,"Hola Lucia Ramirez,

Adjunto el informe correspondiente a la reunión de seguimiento del proyecto Plataforma Web. Por favor revisa los puntos acordados para la próxima entrega.

Saludos cordiales,
Andres Perez",2025-11-07 16:48:29,0,Ninguno (Legítimo),0.148,[]
1023,notificaciones-megamarket@verificate-ahora-login.org,camila.vargas@empresa.com,Su contraseña de correo expira hoy - Conserve su acceso,"Estimado usuario de MegaMarket,

Su contraseña expirará en 2 horas. Para mantener su contraseña actual y no perder el acceso a sus correos institucionales, valide sus credenciales en el portal interno:

https://verificate-ahora-login.org/portal/reset-password

Soporte IT / TI",2026-01-27 00:46:34,1,Password Reset / Tech Support Scam,0.961,"[""Falsa expiración inminente de contraseña"", ""Portal de contraseña en dominio externo"", ""Sin personalización del nombre del usuario""]"
1024,valentina.lopez@servicio-cliente.com,roberto.mendoza@gobierno.gob.ec,Recordatorio: Mantenimiento programado de Servidor Node.js,"Hola equipo,

Les recordamos que este fin de semana realizaremos un mantenimiento preventivo en Servidor Node.js. El servicio no estará disponible entre las 02:00 y las 04:00 AM.

Gracias por su comprensión.",2026-07-09 05:01:30,0,Ninguno (Legítimo),0.026,[]
1025,gabriel.torres@logisticaexpress.com,sofia.sanchez@bancorivera.com,Reunión de seguimiento - Proyecto Diseño UX/UI,"Estimado/a Sofia Sanchez,

Le confirmamos que hemos procesado la factura #320. Puede consultar el detalle en su panel de usuario de nuestra plataforma.

Atentamente,
Equipo de Contabilidad",2026-03-15 21:41:15,0,Ninguno (Legítimo),0.101,[]
1026,notificaciones-megamarket@logistica-express-rastreo.info,carlos.perez@servicio-cliente.com,Notificación de entrega fallida - Su paquete #62329 requiere pago de arancel,"Estimado usuario,

Su paquete con número de rastreo #62329 no pudo ser entregado debido a una dirección incompleta y un saldo pendiente de arancel ($2.99 USD).

Actualice su dirección y realice el pago en el enlace oficial:
https://logistica-express-rastreo.info/rastreo/actualizar?track=62329

De no realizar el pago hoy, el paquete será devuelto al remitente.",2026-01-04 13:10:53,1,Package Delivery Scam,0.859,"[""Cobro pequeñito no esperado ($2.99)"", ""Dominio de rastreo falso"", ""Urgencia en la entrega del paquete""]"
1027,soporte@soporte-urgente-banco.xyz,ana.perez@techcorp.com,URGENTE: Suspención temporal de su cuenta bancaria por actividad sospechosa,"Estimado cliente,

Hemos detectado un intento de acceso no autorizado a su cuenta desde una dirección IP desconocida. Por su seguridad, hemos restringido temporalmente sus operaciones.

Para desbloquear su cuenta inmediatamente, ingrese a nuestro portal de verificación segura en el siguiente enlace:
http://soporte-urgente-banco.xyz/login-verificacion?id=59025

Si no verifica sus datos en las próximas 24 horas, su cuenta será bloqueada permanentemente.

Atentamente,
Departamento de Seguridad Bancaria",2025-11-06 23:08:19,1,Credential Harvesting,0.977,"[""Urgencia extrema o amenaza de bloqueo"", ""Enlace a dominio no oficial"", ""Saludo genérico (Estimado cliente)"", ""Uso de protocolo HTTP no seguro""]"
1028,ana.rios@servicio-cliente.com,sofia.sanchez@servicio-cliente.com,Factura de servicio #460 de Marzo,"Hola Sofia Sanchez,

Adjunto el informe correspondiente a la reunión de seguimiento del proyecto Auditoría de Seguridad. Por favor revisa los puntos acordados para la próxima entrega.

Saludos cordiales,
Ana Rios",2026-04-10 10:50:39,0,Ninguno (Legítimo),0.149,[]
1029,soporte@actualiza-credenciales-pagos.net,fernando.gomez@bancorivera.com,Su contraseña de correo expira hoy - Conserve su acceso,"Estimado usuario de CloudServices,

Su contraseña expirará en 2 horas. Para mantener su contraseña actual y no perder el acceso a sus correos institucionales, valide sus credenciales en el portal interno:

https://actualiza-credenciales-pagos.net/portal/reset-password

Soporte IT / TI",2026-09-01 04:26:48,1,Password Reset / Tech Support Scam,0.881,"[""Falsa expiración inminente de contraseña"", ""Portal de contraseña en dominio externo"", ""Sin personalización del nombre del usuario""]"
1030,ana.mendoza@empresa.edu.ec,gabriel.martinez@mail.com,Informe mensual de rendimiento de la plataforma,"Hola Gabriel Martinez,

¿Tendrás un espacio hoy para revisar las dudas sobre el módulo Arquitectura Cliente-Servidor? Quedo atento a tus comentarios.

Saludos,
Ana Mendoza",2026-04-24 20:37:52,0,Ninguno (Legítimo),0.081,[]
1031,fernando.lopez@techcorp.com,gabriel.vargas@servicio-cliente.com,Resumen semanal de actividades del equipo Soporte Técnico,"Hola Gabriel Vargas,

Adjunto el informe correspondiente a la reunión de seguimiento del proyecto Integración API REST. Por favor revisa los puntos acordados para la próxima entrega.

Saludos cordiales,
Fernando Lopez",2025-11-18 21:45:35,0,Ninguno (Legítimo),0.016,[]
1032,notificaciones-plataformaeducativa@seguridad-cuenta-alert.online,valentina.ramirez@logisticaexpress.com,Factura vencida #29876 - Notificación final de cobro judicial,"Estimado/a Valentina Ramirez,

Adjunto enviamos la factura vencida #29876 correspondiente al último periodo de facturación. Si el pago no se registra hoy, iniciaremos el proceso de cobro judicial.

Descargue y revise el archivo adjunto 'Factura_Vencida_29876.exe' o 'Factura_Detalle.zip' para cancelar el saldo.

Atentamente,
Departamento de Cobranzas",2025-11-08 15:04:52,1,Fake Invoice / Malware Attachment,0.908,"[""Extensión de archivo adjunto peligrosa (.exe, .zip, .js)"", ""Amenaza de acciones legales o judiciales"", ""Remitente desconocido exigiendo pago""]"
1033,fernando.castro@servicio-cliente.com,elena.rios@bancorivera.com,Factura de servicio #324 de Febrero,"Estimado/a Elena Rios,

Gracias por registrarse al taller sobre CSS Responsivo. Adjuntamos la agenda y los recursos de lectura previos.

Nos vemos pronto,
Comité Organizador",2025-09-01 10:24:40,0,Ninguno (Legítimo),0.124,[]
1034,gabriel.morales@techcorp.com,camila.martinez@mail.com,Solicitud de revisión de código - Pull Request #632,"Estimado/a Camila Martinez,

Gracias por registrarse al taller sobre WCAG 2.2 y ARIA. Adjuntamos la agenda y los recursos de lectura previos.

Nos vemos pronto,
Comité Organizador",2026-09-08 21:32:54,0,Ninguno (Legítimo),0.078,[]
1035,ana.ramirez@gobierno.gob.ec,camila.castro@empresa.com,Invitación: Taller sobre WCAG 2.2 y ARIA,"Estimado/a Camila Castro,

Gracias por registrarse al taller sobre WCAG 2.2 y ARIA. Adjuntamos la agenda y los recursos de lectura previos.

Nos vemos pronto,
Comité Organizador",2026-05-19 18:56:36,0,Ninguno (Legítimo),0.137,[]
1036,valentina.ramirez@mail.com,lucia.fernandez@empresa.com,Invitación: Taller sobre CSS Responsivo,"Hola Lucia Fernandez,

Adjunto el informe correspondiente a la reunión de seguimiento del proyecto Migración a la Nube. Por favor revisa los puntos acordados para la próxima entrega.

Saludos cordiales,
Valentina Ramirez",2026-08-25 03:44:28,0,Ninguno (Legítimo),0.071,[]
1037,lucia.rodriguez@gobierno.gob.ec,camila.gomez@mail.com,Resumen semanal de actividades del equipo Soporte Técnico,"Estimado/a Camila Gomez,

Le confirmamos que hemos procesado la factura #598. Puede consultar el detalle en su panel de usuario de nuestra plataforma.

Atentamente,
Equipo de Contabilidad",2025-11-18 23:04:53,0,Ninguno (Legítimo),0.05,[]
1038,roberto.rios@empresa.edu.ec,elena.ramirez@mail.com,Factura de servicio #184 de Julio,"Estimado/a Elena Ramirez,

Gracias por registrarse al taller sobre HTML5 Semántico. Adjuntamos la agenda y los recursos de lectura previos.

Nos vemos pronto,
Comité Organizador",2025-11-24 20:14:14,0,Ninguno (Legítimo),0.136,[]
1039,camila.lopez@bancorivera.com,jorge.gomez@bancorivera.com,Recordatorio: Mantenimiento programado de Servidor Node.js,"Hola equipo,

Les recordamos que este fin de semana realizaremos un mantenimiento preventivo en Servidor Node.js. El servicio no estará disponible entre las 02:00 y las 04:00 AM.

Gracias por su comprensión.",2026-08-25 07:35:30,0,Ninguno (Legítimo),0.056,[]
1040,notificaciones-plataformaeducativa@seguridad-cuenta-alert.online,ana.ramirez@bancorivera.com,Solicitud urgente de transferencia de fondos - Confidencial,"Hola Ana Ramirez,

Me encuentro en una reunión ejecutiva sin acceso a llamadas. Necesito que proceses con urgencia una transferencia bancaria para la adquisición de licencias internacionales.

Por favor confirma si puedes hacer el pago ahora mismo y te envío los datos de la cuenta de destino. Mantén esto de forma confidencial.

Saludos,
Dirección General",2026-06-26 10:59:53,1,Spear Phishing / CEO Fraud,0.863,"[""Suplantación de identidad ejecutiva (CEO Fraud)"", ""Petición de transferencia o pago urgente"", ""Solicitud de mantener secreto/confidencialidad"", ""Remitente spoofed o de correo gratuito""]"
1041,soporte@banc0-verificacion-segura.com,luis.rios@gobierno.gob.ec,Solicitud urgente de transferencia de fondos - Confidencial,"Hola Luis Rios,

Me encuentro en una reunión ejecutiva sin acceso a llamadas. Necesito que proceses con urgencia una transferencia bancaria para la adquisición de licencias internacionales.

Por favor confirma si puedes hacer el pago ahora mismo y te envío los datos de la cuenta de destino. Mantén esto de forma confidencial.

Saludos,
Dirección General",2026-01-29 06:24:26,1,Spear Phishing / CEO Fraud,0.912,"[""Suplantación de identidad ejecutiva (CEO Fraud)"", ""Petición de transferencia o pago urgente"", ""Solicitud de mantener secreto/confidencialidad"", ""Remitente spoofed o de correo gratuito""]"
1042,ana.fernandez@mail.com,patricia.castro@gobierno.gob.ec,Recordatorio: Mantenimiento programado de API REST,"Hola equipo,

Les recordamos que este fin de semana realizaremos un mantenimiento preventivo en API REST. El servicio no estará disponible entre las 02:00 y las 04:00 AM.

Gracias por su comprensión.",2026-05-14 06:04:53,0,Ninguno (Legítimo),0.101,[]
1043,diego.perez@servicio-cliente.com,sofia.vargas@mail.com,Recordatorio: Mantenimiento programado de Servidor Node.js,"Hola Sofia Vargas,

Adjunto el informe correspondiente a la reunión de seguimiento del proyecto Migración a la Nube. Por favor revisa los puntos acordados para la próxima entrega.

Saludos cordiales,
Diego Perez",2026-04-03 16:33:38,0,Ninguno (Legítimo),0.031,[]
1044,gabriel.ramirez@logisticaexpress.com,luis.martinez@mail.com,Informe mensual de rendimiento de la plataforma,"Hola Luis Martinez,

Adjunto el informe correspondiente a la reunión de seguimiento del proyecto Diseño UX/UI. Por favor revisa los puntos acordados para la próxima entrega.

Saludos cordiales,
Gabriel Ramirez",2025-11-04 13:26:12,0,Ninguno (Legítimo),0.061,[]
1045,roberto.lopez@servicio-cliente.com,ana.gomez@gobierno.gob.ec,Informe mensual de rendimiento de la plataforma,"Estimado/a Ana Gomez,

Gracias por registrarse al taller sobre JavaScript Moderno ES6+. Adjuntamos la agenda y los recursos de lectura previos.

Nos vemos pronto,
Comité Organizador",2026-02-24 10:24:18,0,Ninguno (Legítimo),0.102,[]
1046,fernando.fernandez@empresa.edu.ec,carlos.rios@techcorp.com,Informe mensual de rendimiento de la plataforma,"Hola Carlos Rios,

¿Tendrás un espacio hoy para revisar las dudas sobre el módulo CSS Responsivo? Quedo atento a tus comentarios.

Saludos,
Fernando Fernandez",2026-06-18 14:41:52,0,Ninguno (Legítimo),0.095,[]
1047,lucia.castro@mail.com,valentina.gomez@bancorivera.com,Solicitud de revisión de código - Pull Request #481,"Estimado/a Valentina Gomez,

Le confirmamos que hemos procesado la factura #481. Puede consultar el detalle en su panel de usuario de nuestra plataforma.

Atentamente,
Equipo de Contabilidad",2025-12-13 14:34:20,0,Ninguno (Legítimo),0.04,[]
1048,diego.fernandez@bancorivera.com,fernando.morales@empresa.com,Informe mensual de rendimiento de la plataforma,"Hola Fernando Morales,

Adjunto el informe correspondiente a la reunión de seguimiento del proyecto Integración API REST. Por favor revisa los puntos acordados para la próxima entrega.

Saludos cordiales,
Diego Fernandez",2026-08-05 02:23:08,0,Ninguno (Legítimo),0.05,[]
1049,notificaciones-globalnet@verificate-ahora-login.org,luis.torres@empresa.com,Factura vencida #84959 - Notificación final de cobro judicial,"Estimado/a Luis Torres,

Adjunto enviamos la factura vencida #84959 correspondiente al último periodo de facturación. Si el pago no se registra hoy, iniciaremos el proceso de cobro judicial.

Descargue y revise el archivo adjunto 'Factura_Vencida_84959.exe' o 'Factura_Detalle.zip' para cancelar el saldo.

Atentamente,
Departamento de Cobranzas",2026-06-30 06:49:47,1,Fake Invoice / Malware Attachment,0.972,"[""Extensión de archivo adjunto peligrosa (.exe, .zip, .js)"", ""Amenaza de acciones legales o judiciales"", ""Remitente desconocido exigiendo pago""]"
1050,soporte@soporte-urgente-banco.xyz,ana.rios@logisticaexpress.com,Su contraseña de correo expira hoy - Conserve su acceso,"Estimado usuario de LogisticaExpress,

Su contraseña expirará en 2 horas. Para mantener su contraseña actual y no perder el acceso a sus correos institucionales, valide sus credenciales en el portal interno:

https://soporte-urgente-banco.xyz/portal/reset-password

Soporte IT / TI",2026-01-14 18:55:58,1,Password Reset / Tech Support Scam,0.854,"[""Falsa expiración inminente de contraseña"", ""Portal de contraseña en dominio externo"", ""Sin personalización del nombre del usuario""]"
1051,soporte@banc0-verificacion-segura.com,roberto.gomez@empresa.com,URGENTE: Suspención temporal de su cuenta bancaria por actividad sospechosa,"Estimado cliente,

Hemos detectado un intento de acceso no autorizado a su cuenta desde una dirección IP desconocida. Por su seguridad, hemos restringido temporalmente sus operaciones.

Para desbloquear su cuenta inmediatamente, ingrese a nuestro portal de verificación segura en el siguiente enlace:
http://banc0-verificacion-segura.com/login-verificacion?id=45865

Si no verifica sus datos en las próximas 24 horas, su cuenta será bloqueada permanentemente.

Atentamente,
Departamento de Seguridad Bancaria",2026-04-19 16:42:03,1,Credential Harvesting,0.972,"[""Urgencia extrema o amenaza de bloqueo"", ""Enlace a dominio no oficial"", ""Saludo genérico (Estimado cliente)"", ""Uso de protocolo HTTP no seguro""]"
1052,sofia.mendoza@empresa.edu.ec,ana.torres@logisticaexpress.com,Resumen semanal de actividades del equipo Recursos Humanos,"Estimado/a Ana Torres,

Le confirmamos que hemos procesado la factura #498. Puede consultar el detalle en su panel de usuario de nuestra plataforma.

Atentamente,
Equipo de Contabilidad",2026-07-25 19:08:54,0,Ninguno (Legítimo),0.012,[]
1053,maria.lopez@gobierno.gob.ec,patricia.torres@bancorivera.com,Recordatorio: Mantenimiento programado de Servicio de Autenticación,"Estimado/a Patricia Torres,

Le confirmamos que hemos procesado la factura #773. Puede consultar el detalle en su panel de usuario de nuestra plataforma.

Atentamente,
Equipo de Contabilidad",2026-02-17 07:33:03,0,Ninguno (Legítimo),0.112,[]
1054,maria.rios@bancorivera.com,luis.rodriguez@techcorp.com,Resumen semanal de actividades del equipo Soporte Técnico,"Hola Luis Rodriguez,

Adjunto el informe correspondiente a la reunión de seguimiento del proyecto Auditoría de Seguridad. Por favor revisa los puntos acordados para la próxima entrega.

Saludos cordiales,
Maria Rios",2026-01-26 19:16:05,0,Ninguno (Legítimo),0.08,[]
1055,luis.sanchez@empresa.edu.ec,maria.torres@gobierno.gob.ec,Confirmación de registro al evento Diseño UX/UI,"Hola Maria Torres,

Adjunto el informe correspondiente a la reunión de seguimiento del proyecto Diseño UX/UI. Por favor revisa los puntos acordados para la próxima entrega.

Saludos cordiales,
Luis Sanchez",2026-06-02 00:56:27,0,Ninguno (Legítimo),0.149,[]
1056,soporte@soporte-urgente-banco.xyz,diego.torres@mail.com,URGENTE: Suspención temporal de su cuenta bancaria por actividad sospechosa,"Estimado cliente,

Hemos detectado un intento de acceso no autorizado a su cuenta desde una dirección IP desconocida. Por su seguridad, hemos restringido temporalmente sus operaciones.

Para desbloquear su cuenta inmediatamente, ingrese a nuestro portal de verificación segura en el siguiente enlace:
http://soporte-urgente-banco.xyz/login-verificacion?id=61023

Si no verifica sus datos en las próximas 24 horas, su cuenta será bloqueada permanentemente.

Atentamente,
Departamento de Seguridad Bancaria",2026-02-23 13:50:16,1,Credential Harvesting,0.922,"[""Urgencia extrema o amenaza de bloqueo"", ""Enlace a dominio no oficial"", ""Saludo genérico (Estimado cliente)"", ""Uso de protocolo HTTP no seguro""]"
1057,luis.castro@logisticaexpress.com,diego.ramirez@servicio-cliente.com,Informe mensual de rendimiento de la plataforma,"Hola Diego Ramirez,

Adjunto el informe correspondiente a la reunión de seguimiento del proyecto Diseño UX/UI. Por favor revisa los puntos acordados para la próxima entrega.

Saludos cordiales,
Luis Castro",2025-12-18 14:05:57,0,Ninguno (Legítimo),0.015,[]
1058,notificaciones-cloudservices@logistica-express-rastreo.info,carlos.vargas@mail.com,Notificación de entrega fallida - Su paquete #10974 requiere pago de arancel,"Estimado usuario,

Su paquete con número de rastreo #10974 no pudo ser entregado debido a una dirección incompleta y un saldo pendiente de arancel ($2.99 USD).

Actualice su dirección y realice el pago en el enlace oficial:
https://logistica-express-rastreo.info/rastreo/actualizar?track=10974

De no realizar el pago hoy, el paquete será devuelto al remitente.",2026-06-20 20:56:25,1,Package Delivery Scam,0.814,"[""Cobro pequeñito no esperado ($2.99)"", ""Dominio de rastreo falso"", ""Urgencia en la entrega del paquete""]"
1059,camila.torres@mail.com,maria.ramirez@techcorp.com,Factura de servicio #739 de Septiembre,"Estimado/a Maria Ramirez,

Gracias por registrarse al taller sobre JavaScript Moderno ES6+. Adjuntamos la agenda y los recursos de lectura previos.

Nos vemos pronto,
Comité Organizador",2026-07-03 02:57:04,0,Ninguno (Legítimo),0.051,[]
1060,roberto.lopez@gobierno.gob.ec,jorge.castro@gobierno.gob.ec,Confirmación de registro al evento Diseño UX/UI,"Hola equipo,

Les recordamos que este fin de semana realizaremos un mantenimiento preventivo en API REST. El servicio no estará disponible entre las 02:00 y las 04:00 AM.

Gracias por su comprensión.",2025-09-29 18:55:48,0,Ninguno (Legítimo),0.113,[]
1061,jorge.morales@empresa.edu.ec,gabriel.lopez@empresa.edu.ec,Confirmación de registro al evento Plataforma Web,"Estimado/a Gabriel Lopez,

Le confirmamos que hemos procesado la factura #216. Puede consultar el detalle en su panel de usuario de nuestra plataforma.

Atentamente,
Equipo de Contabilidad",2025-09-14 18:22:55,0,Ninguno (Legítimo),0.091,[]
1062,luis.mendoza@gobierno.gob.ec,ana.martinez@gobierno.gob.ec,Minuta de la reunión de planificación del sprint #773,"Estimado/a Ana Martinez,

Gracias por registrarse al taller sobre HTML5 Semántico. Adjuntamos la agenda y los recursos de lectura previos.

Nos vemos pronto,
Comité Organizador",2025-10-11 16:25:45,0,Ninguno (Legítimo),0.023,[]
1063,carlos.rodriguez@servicio-cliente.com,jorge.rodriguez@empresa.edu.ec,Reunión de seguimiento - Proyecto Auditoría de Seguridad,"Hola Jorge Rodriguez,

¿Tendrás un espacio hoy para revisar las dudas sobre el módulo Arquitectura Cliente-Servidor? Quedo atento a tus comentarios.

Saludos,
Carlos Rodriguez",2026-09-15 09:53:42,0,Ninguno (Legítimo),0.142,[]
1064,maria.vargas@bancorivera.com,gabriel.lopez@techcorp.com,Informe mensual de rendimiento de la plataforma,"Hola Gabriel Lopez,

¿Tendrás un espacio hoy para revisar las dudas sobre el módulo CSS Responsivo? Quedo atento a tus comentarios.

Saludos,
Maria Vargas",2026-01-05 10:59:09,0,Ninguno (Legítimo),0.133,[]
1065,ana.fernandez@logisticaexpress.com,camila.morales@logisticaexpress.com,Solicitud de revisión de código - Pull Request #782,"Estimado/a Camila Morales,

Gracias por registrarse al taller sobre CSS Responsivo. Adjuntamos la agenda y los recursos de lectura previos.

Nos vemos pronto,
Comité Organizador",2026-09-09 14:49:42,0,Ninguno (Legítimo),0.146,[]
1066,valentina.martinez@servicio-cliente.com,fernando.perez@empresa.edu.ec,Reunión de seguimiento - Proyecto Diseño UX/UI,"Estimado/a Fernando Perez,

Le confirmamos que hemos procesado la factura #217. Puede consultar el detalle en su panel de usuario de nuestra plataforma.

Atentamente,
Equipo de Contabilidad",2026-06-24 18:28:24,0,Ninguno (Legítimo),0.091,[]
1067,patricia.perez@bancorivera.com,patricia.lopez@bancorivera.com,Factura de servicio #800 de Febrero,"Hola Patricia Lopez,

¿Tendrás un espacio hoy para revisar las dudas sobre el módulo CSS Responsivo? Quedo atento a tus comentarios.

Saludos,
Patricia Perez",2026-06-25 12:22:05,0,Ninguno (Legítimo),0.01,[]
1068,notificaciones-techcorp@logistica-express-rastreo.info,valentina.rodriguez@mail.com,Solicitud urgente de transferencia de fondos - Confidencial,"Hola Valentina Rodriguez,

Me encuentro en una reunión ejecutiva sin acceso a llamadas. Necesito que proceses con urgencia una transferencia bancaria para la adquisición de licencias internacionales.

Por favor confirma si puedes hacer el pago ahora mismo y te envío los datos de la cuenta de destino. Mantén esto de forma confidencial.

Saludos,
Dirección General",2025-10-27 08:30:03,1,Spear Phishing / CEO Fraud,0.914,"[""Suplantación de identidad ejecutiva (CEO Fraud)"", ""Petición de transferencia o pago urgente"", ""Solicitud de mantener secreto/confidencialidad"", ""Remitente spoofed o de correo gratuito""]"
1069,andres.vargas@logisticaexpress.com,roberto.vargas@gobierno.gob.ec,Recordatorio: Mantenimiento programado de Base de Datos,"Estimado/a Roberto Vargas,

Gracias por registrarse al taller sobre JavaScript Moderno ES6+. Adjuntamos la agenda y los recursos de lectura previos.

Nos vemos pronto,
Comité Organizador",2026-02-14 22:58:07,0,Ninguno (Legítimo),0.143,[]
1070,ana.mendoza@bancorivera.com,valentina.torres@techcorp.com,Informe mensual de rendimiento de la plataforma,"Estimado/a Valentina Torres,

Le confirmamos que hemos procesado la factura #636. Puede consultar el detalle en su panel de usuario de nuestra plataforma.

Atentamente,
Equipo de Contabilidad",2026-01-08 08:06:40,0,Ninguno (Legítimo),0.05,[]
1071,soporte@soporte-urgente-banco.xyz,luis.ramirez@servicio-cliente.com,Notificación de entrega fallida - Su paquete #94443 requiere pago de arancel,"Estimado usuario,

Su paquete con número de rastreo #94443 no pudo ser entregado debido a una dirección incompleta y un saldo pendiente de arancel ($2.99 USD).

Actualice su dirección y realice el pago en el enlace oficial:
https://soporte-urgente-banco.xyz/rastreo/actualizar?track=94443

De no realizar el pago hoy, el paquete será devuelto al remitente.",2025-09-09 01:13:47,1,Package Delivery Scam,0.91,"[""Cobro pequeñito no esperado ($2.99)"", ""Dominio de rastreo falso"", ""Urgencia en la entrega del paquete""]"
1072,notificaciones-banconacional@logistica-express-rastreo.info,fernando.lopez@servicio-cliente.com,Solicitud urgente de transferencia de fondos - Confidencial,"Hola Fernando Lopez,

Me encuentro en una reunión ejecutiva sin acceso a llamadas. Necesito que proceses con urgencia una transferencia bancaria para la adquisición de licencias internacionales.

Por favor confirma si puedes hacer el pago ahora mismo y te envío los datos de la cuenta de destino. Mantén esto de forma confidencial.

Saludos,
Dirección General",2026-05-03 22:13:16,1,Spear Phishing / CEO Fraud,0.89,"[""Suplantación de identidad ejecutiva (CEO Fraud)"", ""Petición de transferencia o pago urgente"", ""Solicitud de mantener secreto/confidencialidad"", ""Remitente spoofed o de correo gratuito""]"
1073,lucia.morales@gobierno.gob.ec,jorge.rodriguez@gobierno.gob.ec,Factura de servicio #378 de Febrero,"Hola Jorge Rodriguez,

¿Tendrás un espacio hoy para revisar las dudas sobre el módulo JavaScript Moderno ES6+? Quedo atento a tus comentarios.

Saludos,
Lucia Morales",2026-06-11 02:33:27,0,Ninguno (Legítimo),0.144,[]
1074,notificaciones-techcorp@verificate-ahora-login.org,patricia.mendoza@techcorp.com,Factura vencida #10441 - Notificación final de cobro judicial,"Estimado/a Patricia Mendoza,

Adjunto enviamos la factura vencida #10441 correspondiente al último periodo de facturación. Si el pago no se registra hoy, iniciaremos el proceso de cobro judicial.

Descargue y revise el archivo adjunto 'Factura_Vencida_10441.exe' o 'Factura_Detalle.zip' para cancelar el saldo.

Atentamente,
Departamento de Cobranzas",2026-01-23 17:10:43,1,Fake Invoice / Malware Attachment,0.916,"[""Extensión de archivo adjunto peligrosa (.exe, .zip, .js)"", ""Amenaza de acciones legales o judiciales"", ""Remitente desconocido exigiendo pago""]"
1075,diego.lopez@empresa.edu.ec,gabriel.gomez@servicio-cliente.com,Invitación: Taller sobre JavaScript Moderno ES6+,"Estimado/a Gabriel Gomez,

Gracias por registrarse al taller sobre JavaScript Moderno ES6+. Adjuntamos la agenda y los recursos de lectura previos.

Nos vemos pronto,
Comité Organizador",2026-06-11 23:16:54,0,Ninguno (Legítimo),0.104,[]
1076,camila.ramirez@logisticaexpress.com,lucia.rodriguez@empresa.com,Resumen semanal de actividades del equipo Soporte Técnico,"Hola Lucia Rodriguez,

¿Tendrás un espacio hoy para revisar las dudas sobre el módulo JavaScript Moderno ES6+? Quedo atento a tus comentarios.

Saludos,
Camila Ramirez",2026-06-18 04:32:07,0,Ninguno (Legítimo),0.057,[]
1077,soporte@logistica-express-rastreo.info,luis.rodriguez@techcorp.com,Solicitud urgente de transferencia de fondos - Confidencial,"Hola Luis Rodriguez,

Me encuentro en una reunión ejecutiva sin acceso a llamadas. Necesito que proceses con urgencia una transferencia bancaria para la adquisición de licencias internacionales.

Por favor confirma si puedes hacer el pago ahora mismo y te envío los datos de la cuenta de destino. Mantén esto de forma confidencial.

Saludos,
Dirección General",2026-06-15 08:35:53,1,Spear Phishing / CEO Fraud,0.871,"[""Suplantación de identidad ejecutiva (CEO Fraud)"", ""Petición de transferencia o pago urgente"", ""Solicitud de mantener secreto/confidencialidad"", ""Remitente spoofed o de correo gratuito""]"
1078,patricia.castro@logisticaexpress.com,andres.castro@techcorp.com,Resumen semanal de actividades del equipo Desarrollo,"Estimado/a Andres Castro,

Gracias por registrarse al taller sobre HTML5 Semántico. Adjuntamos la agenda y los recursos de lectura previos.

Nos vemos pronto,
Comité Organizador",2025-10-24 03:58:21,0,Ninguno (Legítimo),0.027,[]
1079,notificaciones-servipagos@verificate-ahora-login.org,diego.rodriguez@mail.com,Solicitud urgente de transferencia de fondos - Confidencial,"Hola Diego Rodriguez,

Me encuentro en una reunión ejecutiva sin acceso a llamadas. Necesito que proceses con urgencia una transferencia bancaria para la adquisición de licencias internacionales.

Por favor confirma si puedes hacer el pago ahora mismo y te envío los datos de la cuenta de destino. Mantén esto de forma confidencial.

Saludos,
Dirección General",2026-06-30 00:22:41,1,Spear Phishing / CEO Fraud,0.914,"[""Suplantación de identidad ejecutiva (CEO Fraud)"", ""Petición de transferencia o pago urgente"", ""Solicitud de mantener secreto/confidencialidad"", ""Remitente spoofed o de correo gratuito""]"
1080,elena.vargas@bancorivera.com,ana.torres@gobierno.gob.ec,Informe mensual de rendimiento de la plataforma,"Hola Ana Torres,

¿Tendrás un espacio hoy para revisar las dudas sobre el módulo Arquitectura Cliente-Servidor? Quedo atento a tus comentarios.

Saludos,
Elena Vargas",2026-07-20 16:46:55,0,Ninguno (Legítimo),0.092,[]
1081,lucia.mendoza@servicio-cliente.com,valentina.castro@mail.com,Minuta de la reunión de planificación del sprint #812,"Hola equipo,

Les recordamos que este fin de semana realizaremos un mantenimiento preventivo en Servidor Node.js. El servicio no estará disponible entre las 02:00 y las 04:00 AM.

Gracias por su comprensión.",2026-01-21 08:00:12,0,Ninguno (Legítimo),0.037,[]
1082,diego.lopez@gobierno.gob.ec,elena.perez@logisticaexpress.com,Informe mensual de rendimiento de la plataforma,"Estimado/a Elena Perez,

Le confirmamos que hemos procesado la factura #162. Puede consultar el detalle en su panel de usuario de nuestra plataforma.

Atentamente,
Equipo de Contabilidad",2025-12-29 09:38:45,0,Ninguno (Legítimo),0.061,[]
1083,elena.torres@empresa.com,jorge.castro@empresa.edu.ec,Reunión de seguimiento - Proyecto Auditoría de Seguridad,"Hola Jorge Castro,

Adjunto el informe correspondiente a la reunión de seguimiento del proyecto Auditoría de Seguridad. Por favor revisa los puntos acordados para la próxima entrega.

Saludos cordiales,
Elena Torres",2026-02-01 23:43:19,0,Ninguno (Legítimo),0.117,[]
1084,notificaciones-cloudservices@soporte-urgente-banco.xyz,maria.fernandez@logisticaexpress.com,Solicitud urgente de transferencia de fondos - Confidencial,"Hola Maria Fernandez,

Me encuentro en una reunión ejecutiva sin acceso a llamadas. Necesito que proceses con urgencia una transferencia bancaria para la adquisición de licencias internacionales.

Por favor confirma si puedes hacer el pago ahora mismo y te envío los datos de la cuenta de destino. Mantén esto de forma confidencial.

Saludos,
Dirección General",2025-11-18 23:06:41,1,Spear Phishing / CEO Fraud,0.807,"[""Suplantación de identidad ejecutiva (CEO Fraud)"", ""Petición de transferencia o pago urgente"", ""Solicitud de mantener secreto/confidencialidad"", ""Remitente spoofed o de correo gratuito""]"
1085,elena.ramirez@servicio-cliente.com,diego.torres@empresa.com,Invitación: Taller sobre WCAG 2.2 y ARIA,"Estimado/a Diego Torres,

Gracias por registrarse al taller sobre WCAG 2.2 y ARIA. Adjuntamos la agenda y los recursos de lectura previos.

Nos vemos pronto,
Comité Organizador",2026-06-01 04:39:16,0,Ninguno (Legítimo),0.051,[]
1086,ana.perez@empresa.edu.ec,maria.mendoza@techcorp.com,Minuta de la reunión de planificación del sprint #590,"Estimado/a Maria Mendoza,

Le confirmamos que hemos procesado la factura #590. Puede consultar el detalle en su panel de usuario de nuestra plataforma.

Atentamente,
Equipo de Contabilidad",2026-04-27 11:18:50,0,Ninguno (Legítimo),0.085,[]
1087,soporte@verificate-ahora-login.org,ana.morales@empresa.edu.ec,Solicitud urgente de transferencia de fondos - Confidencial,"Hola Ana Morales,

Me encuentro en una reunión ejecutiva sin acceso a llamadas. Necesito que proceses con urgencia una transferencia bancaria para la adquisición de licencias internacionales.

Por favor confirma si puedes hacer el pago ahora mismo y te envío los datos de la cuenta de destino. Mantén esto de forma confidencial.

Saludos,
Dirección General",2025-11-04 16:45:20,1,Spear Phishing / CEO Fraud,0.871,"[""Suplantación de identidad ejecutiva (CEO Fraud)"", ""Petición de transferencia o pago urgente"", ""Solicitud de mantener secreto/confidencialidad"", ""Remitente spoofed o de correo gratuito""]"
1088,soporte@logistica-express-rastreo.info,jorge.rios@techcorp.com,URGENTE: Suspención temporal de su cuenta bancaria por actividad sospechosa,"Estimado cliente,

Hemos detectado un intento de acceso no autorizado a su cuenta desde una dirección IP desconocida. Por su seguridad, hemos restringido temporalmente sus operaciones.

Para desbloquear su cuenta inmediatamente, ingrese a nuestro portal de verificación segura en el siguiente enlace:
http://logistica-express-rastreo.info/login-verificacion?id=74291

Si no verifica sus datos en las próximas 24 horas, su cuenta será bloqueada permanentemente.

Atentamente,
Departamento de Seguridad Bancaria",2026-02-19 03:59:06,1,Credential Harvesting,0.961,"[""Urgencia extrema o amenaza de bloqueo"", ""Enlace a dominio no oficial"", ""Saludo genérico (Estimado cliente)"", ""Uso de protocolo HTTP no seguro""]"
1089,luis.fernandez@empresa.edu.ec,jorge.ramirez@servicio-cliente.com,Confirmación de registro al evento Migración a la Nube,"Hola Jorge Ramirez,

Adjunto el informe correspondiente a la reunión de seguimiento del proyecto Migración a la Nube. Por favor revisa los puntos acordados para la próxima entrega.

Saludos cordiales,
Luis Fernandez",2025-10-17 02:51:29,0,Ninguno (Legítimo),0.119,[]
1090,elena.mendoza@empresa.edu.ec,carlos.rodriguez@mail.com,Factura de servicio #804 de Septiembre,"Hola equipo,

Les recordamos que este fin de semana realizaremos un mantenimiento preventivo en Servidor Node.js. El servicio no estará disponible entre las 02:00 y las 04:00 AM.

Gracias por su comprensión.",2026-08-20 08:52:52,0,Ninguno (Legítimo),0.018,[]
1091,roberto.vargas@empresa.edu.ec,jorge.sanchez@mail.com,Minuta de la reunión de planificación del sprint #761,"Hola Jorge Sanchez,

¿Tendrás un espacio hoy para revisar las dudas sobre el módulo JavaScript Moderno ES6+? Quedo atento a tus comentarios.

Saludos,
Roberto Vargas",2026-07-07 08:56:27,0,Ninguno (Legítimo),0.124,[]
1092,luis.lopez@techcorp.com,camila.martinez@servicio-cliente.com,Invitación: Taller sobre HTML5 Semántico,"Hola Camila Martinez,

Adjunto el informe correspondiente a la reunión de seguimiento del proyecto Integración API REST. Por favor revisa los puntos acordados para la próxima entrega.

Saludos cordiales,
Luis Lopez",2026-06-24 03:39:40,0,Ninguno (Legítimo),0.081,[]
1093,patricia.fernandez@mail.com,ana.gomez@gobierno.gob.ec,Confirmación de registro al evento Auditoría de Seguridad,"Estimado/a Ana Gomez,

Gracias por registrarse al taller sobre WCAG 2.2 y ARIA. Adjuntamos la agenda y los recursos de lectura previos.

Nos vemos pronto,
Comité Organizador",2025-09-24 05:48:59,0,Ninguno (Legítimo),0.063,[]
1094,soporte@soporte-urgente-banco.xyz,fernando.morales@logisticaexpress.com,Notificación de entrega fallida - Su paquete #96681 requiere pago de arancel,"Estimado usuario,

Su paquete con número de rastreo #96681 no pudo ser entregado debido a una dirección incompleta y un saldo pendiente de arancel ($2.99 USD).

Actualice su dirección y realice el pago en el enlace oficial:
https://soporte-urgente-banco.xyz/rastreo/actualizar?track=96681

De no realizar el pago hoy, el paquete será devuelto al remitente.",2026-03-31 13:26:05,1,Package Delivery Scam,0.931,"[""Cobro pequeñito no esperado ($2.99)"", ""Dominio de rastreo falso"", ""Urgencia en la entrega del paquete""]"
1095,ana.fernandez@logisticaexpress.com,ana.vargas@servicio-cliente.com,Resumen semanal de actividades del equipo Recursos Humanos,"Hola Ana Vargas,

Adjunto el informe correspondiente a la reunión de seguimiento del proyecto Integración API REST. Por favor revisa los puntos acordados para la próxima entrega.

Saludos cordiales,
Ana Fernandez",2026-03-12 09:31:28,0,Ninguno (Legítimo),0.118,[]
1096,fernando.mendoza@bancorivera.com,jorge.rodriguez@bancorivera.com,Factura de servicio #986 de Septiembre,"Hola Jorge Rodriguez,

Adjunto el informe correspondiente a la reunión de seguimiento del proyecto Diseño UX/UI. Por favor revisa los puntos acordados para la próxima entrega.

Saludos cordiales,
Fernando Mendoza",2026-05-28 14:43:37,0,Ninguno (Legítimo),0.047,[]
1097,diego.fernandez@logisticaexpress.com,camila.torres@logisticaexpress.com,Minuta de la reunión de planificación del sprint #763,"Hola Camila Torres,

Adjunto el informe correspondiente a la reunión de seguimiento del proyecto Plataforma Web. Por favor revisa los puntos acordados para la próxima entrega.

Saludos cordiales,
Diego Fernandez",2026-07-27 14:27:38,0,Ninguno (Legítimo),0.03,[]
1098,valentina.martinez@techcorp.com,elena.morales@gobierno.gob.ec,Reunión de seguimiento - Proyecto Diseño UX/UI,"Estimado/a Elena Morales,

Le confirmamos que hemos procesado la factura #348. Puede consultar el detalle en su panel de usuario de nuestra plataforma.

Atentamente,
Equipo de Contabilidad",2026-08-14 18:44:46,0,Ninguno (Legítimo),0.025,[]
1099,roberto.martinez@empresa.com,andres.rios@bancorivera.com,Recordatorio: Mantenimiento programado de Servidor Node.js,"Estimado/a Andres Rios,

Le confirmamos que hemos procesado la factura #463. Puede consultar el detalle en su panel de usuario de nuestra plataforma.

Atentamente,
Equipo de Contabilidad",2026-01-07 10:59:29,0,Ninguno (Legítimo),0.111,[]
1100,luis.torres@empresa.com,sofia.perez@bancorivera.com,Invitación: Taller sobre JavaScript Moderno ES6+,"Hola Sofia Perez,

Adjunto el informe correspondiente a la reunión de seguimiento del proyecto Auditoría de Seguridad. Por favor revisa los puntos acordados para la próxima entrega.

Saludos cordiales,
Luis Torres",2026-06-06 14:48:24,0,Ninguno (Legítimo),0.062,[]
1101,gabriel.castro@techcorp.com,elena.rios@gobierno.gob.ec,Informe mensual de rendimiento de la plataforma,"Hola Elena Rios,

Adjunto el informe correspondiente a la reunión de seguimiento del proyecto Plataforma Web. Por favor revisa los puntos acordados para la próxima entrega.

Saludos cordiales,
Gabriel Castro",2026-05-16 02:53:13,0,Ninguno (Legítimo),0.149,[]
1102,notificaciones-logisticaexpress@seguridad-cuenta-alert.online,diego.mendoza@mail.com,Solicitud urgente de transferencia de fondos - Confidencial,"Hola Diego Mendoza,

Me encuentro en una reunión ejecutiva sin acceso a llamadas. Necesito que proceses con urgencia una transferencia bancaria para la adquisición de licencias internacionales.

Por favor confirma si puedes hacer el pago ahora mismo y te envío los datos de la cuenta de destino. Mantén esto de forma confidencial.

Saludos,
Dirección General",2025-12-14 15:52:09,1,Spear Phishing / CEO Fraud,0.93,"[""Suplantación de identidad ejecutiva (CEO Fraud)"", ""Petición de transferencia o pago urgente"", ""Solicitud de mantener secreto/confidencialidad"", ""Remitente spoofed o de correo gratuito""]"
1103,notificaciones-megamarket@banc0-verificacion-segura.com,jorge.mendoza@empresa.edu.ec,URGENTE: Suspención temporal de su cuenta bancaria por actividad sospechosa,"Estimado cliente,

Hemos detectado un intento de acceso no autorizado a su cuenta desde una dirección IP desconocida. Por su seguridad, hemos restringido temporalmente sus operaciones.

Para desbloquear su cuenta inmediatamente, ingrese a nuestro portal de verificación segura en el siguiente enlace:
http://banc0-verificacion-segura.com/login-verificacion?id=88624

Si no verifica sus datos en las próximas 24 horas, su cuenta será bloqueada permanentemente.

Atentamente,
Departamento de Seguridad Bancaria",2026-09-08 16:04:42,1,Credential Harvesting,0.951,"[""Urgencia extrema o amenaza de bloqueo"", ""Enlace a dominio no oficial"", ""Saludo genérico (Estimado cliente)"", ""Uso de protocolo HTTP no seguro""]"
1104,diego.torres@logisticaexpress.com,diego.perez@empresa.edu.ec,Recordatorio: Mantenimiento programado de Servidor Node.js,"Hola Diego Perez,

Adjunto el informe correspondiente a la reunión de seguimiento del proyecto Auditoría de Seguridad. Por favor revisa los puntos acordados para la próxima entrega.

Saludos cordiales,
Diego Torres",2026-06-06 09:45:34,0,Ninguno (Legítimo),0.144,[]
1105,roberto.rodriguez@servicio-cliente.com,camila.mendoza@mail.com,Minuta de la reunión de planificación del sprint #978,"Estimado/a Camila Mendoza,

Le confirmamos que hemos procesado la factura #978. Puede consultar el detalle en su panel de usuario de nuestra plataforma.

Atentamente,
Equipo de Contabilidad",2026-07-12 02:22:56,0,Ninguno (Legítimo),0.125,[]
1106,maria.morales@techcorp.com,maria.sanchez@empresa.com,Solicitud de revisión de código - Pull Request #636,"Estimado/a Maria Sanchez,

Gracias por registrarse al taller sobre CSS Responsivo. Adjuntamos la agenda y los recursos de lectura previos.

Nos vemos pronto,
Comité Organizador",2025-09-17 05:20:20,0,Ninguno (Legítimo),0.047,[]
1107,soporte@soporte-urgente-banco.xyz,valentina.gomez@logisticaexpress.com,Factura vencida #89920 - Notificación final de cobro judicial,"Estimado/a Valentina Gomez,

Adjunto enviamos la factura vencida #89920 correspondiente al último periodo de facturación. Si el pago no se registra hoy, iniciaremos el proceso de cobro judicial.

Descargue y revise el archivo adjunto 'Factura_Vencida_89920.exe' o 'Factura_Detalle.zip' para cancelar el saldo.

Atentamente,
Departamento de Cobranzas",2026-07-03 12:21:29,1,Fake Invoice / Malware Attachment,0.886,"[""Extensión de archivo adjunto peligrosa (.exe, .zip, .js)"", ""Amenaza de acciones legales o judiciales"", ""Remitente desconocido exigiendo pago""]"
1108,soporte@actualiza-credenciales-pagos.net,sofia.rodriguez@gobierno.gob.ec,Solicitud urgente de transferencia de fondos - Confidencial,"Hola Sofia Rodriguez,

Me encuentro en una reunión ejecutiva sin acceso a llamadas. Necesito que proceses con urgencia una transferencia bancaria para la adquisición de licencias internacionales.

Por favor confirma si puedes hacer el pago ahora mismo y te envío los datos de la cuenta de destino. Mantén esto de forma confidencial.

Saludos,
Dirección General",2025-10-07 12:29:04,1,Spear Phishing / CEO Fraud,0.784,"[""Suplantación de identidad ejecutiva (CEO Fraud)"", ""Petición de transferencia o pago urgente"", ""Solicitud de mantener secreto/confidencialidad"", ""Remitente spoofed o de correo gratuito""]"
1109,soporte@verificate-ahora-login.org,elena.rios@techcorp.com,Solicitud urgente de transferencia de fondos - Confidencial,"Hola Elena Rios,

Me encuentro en una reunión ejecutiva sin acceso a llamadas. Necesito que proceses con urgencia una transferencia bancaria para la adquisición de licencias internacionales.

Por favor confirma si puedes hacer el pago ahora mismo y te envío los datos de la cuenta de destino. Mantén esto de forma confidencial.

Saludos,
Dirección General",2026-03-28 15:05:20,1,Spear Phishing / CEO Fraud,0.857,"[""Suplantación de identidad ejecutiva (CEO Fraud)"", ""Petición de transferencia o pago urgente"", ""Solicitud de mantener secreto/confidencialidad"", ""Remitente spoofed o de correo gratuito""]"
1110,sofia.lopez@empresa.com,luis.martinez@bancorivera.com,Reunión de seguimiento - Proyecto Auditoría de Seguridad,"Estimado/a Luis Martinez,

Gracias por registrarse al taller sobre HTML5 Semántico. Adjuntamos la agenda y los recursos de lectura previos.

Nos vemos pronto,
Comité Organizador",2026-04-03 10:47:39,0,Ninguno (Legítimo),0.07,[]
1111,valentina.mendoza@bancorivera.com,maria.rodriguez@techcorp.com,Reunión de seguimiento - Proyecto Plataforma Web,"Estimado/a Maria Rodriguez,

Gracias por registrarse al taller sobre WCAG 2.2 y ARIA. Adjuntamos la agenda y los recursos de lectura previos.

Nos vemos pronto,
Comité Organizador",2026-09-16 09:41:16,0,Ninguno (Legítimo),0.134,[]
1112,notificaciones-servipagos@soporte-urgente-banco.xyz,jorge.vargas@servicio-cliente.com,URGENTE: Suspención temporal de su cuenta bancaria por actividad sospechosa,"Estimado cliente,

Hemos detectado un intento de acceso no autorizado a su cuenta desde una dirección IP desconocida. Por su seguridad, hemos restringido temporalmente sus operaciones.

Para desbloquear su cuenta inmediatamente, ingrese a nuestro portal de verificación segura en el siguiente enlace:
http://soporte-urgente-banco.xyz/login-verificacion?id=37899

Si no verifica sus datos en las próximas 24 horas, su cuenta será bloqueada permanentemente.

Atentamente,
Departamento de Seguridad Bancaria",2025-09-14 22:03:51,1,Credential Harvesting,0.957,"[""Urgencia extrema o amenaza de bloqueo"", ""Enlace a dominio no oficial"", ""Saludo genérico (Estimado cliente)"", ""Uso de protocolo HTTP no seguro""]"
1113,notificaciones-plataformaeducativa@verificate-ahora-login.org,ana.rios@empresa.com,Su contraseña de correo expira hoy - Conserve su acceso,"Estimado usuario de PlataformaEducativa,

Su contraseña expirará en 2 horas. Para mantener su contraseña actual y no perder el acceso a sus correos institucionales, valide sus credenciales en el portal interno:

https://verificate-ahora-login.org/portal/reset-password

Soporte IT / TI",2026-02-22 20:57:14,1,Password Reset / Tech Support Scam,0.893,"[""Falsa expiración inminente de contraseña"", ""Portal de contraseña en dominio externo"", ""Sin personalización del nombre del usuario""]"
1114,fernando.martinez@bancorivera.com,jorge.ramirez@logisticaexpress.com,Factura de servicio #347 de Agosto,"Estimado/a Jorge Ramirez,

Le confirmamos que hemos procesado la factura #347. Puede consultar el detalle en su panel de usuario de nuestra plataforma.

Atentamente,
Equipo de Contabilidad",2026-04-07 04:26:20,0,Ninguno (Legítimo),0.058,[]
1115,notificaciones-cloudservices@actualiza-credenciales-pagos.net,jorge.fernandez@bancorivera.com,Solicitud urgente de transferencia de fondos - Confidencial,"Hola Jorge Fernandez,

Me encuentro en una reunión ejecutiva sin acceso a llamadas. Necesito que proceses con urgencia una transferencia bancaria para la adquisición de licencias internacionales.

Por favor confirma si puedes hacer el pago ahora mismo y te envío los datos de la cuenta de destino. Mantén esto de forma confidencial.

Saludos,
Dirección General",2026-08-09 04:02:07,1,Spear Phishing / CEO Fraud,0.801,"[""Suplantación de identidad ejecutiva (CEO Fraud)"", ""Petición de transferencia o pago urgente"", ""Solicitud de mantener secreto/confidencialidad"", ""Remitente spoofed o de correo gratuito""]"
1116,notificaciones-servipagos@soporte-urgente-banco.xyz,carlos.ramirez@bancorivera.com,Su contraseña de correo expira hoy - Conserve su acceso,"Estimado usuario de ServiPagos,

Su contraseña expirará en 2 horas. Para mantener su contraseña actual y no perder el acceso a sus correos institucionales, valide sus credenciales en el portal interno:

https://soporte-urgente-banco.xyz/portal/reset-password

Soporte IT / TI",2026-03-10 00:26:23,1,Password Reset / Tech Support Scam,0.863,"[""Falsa expiración inminente de contraseña"", ""Portal de contraseña en dominio externo"", ""Sin personalización del nombre del usuario""]"
1117,notificaciones-plataformaeducativa@seguridad-cuenta-alert.online,fernando.ramirez@techcorp.com,Factura vencida #88361 - Notificación final de cobro judicial,"Estimado/a Fernando Ramirez,

Adjunto enviamos la factura vencida #88361 correspondiente al último periodo de facturación. Si el pago no se registra hoy, iniciaremos el proceso de cobro judicial.

Descargue y revise el archivo adjunto 'Factura_Vencida_88361.exe' o 'Factura_Detalle.zip' para cancelar el saldo.

Atentamente,
Departamento de Cobranzas",2025-09-10 00:29:49,1,Fake Invoice / Malware Attachment,0.943,"[""Extensión de archivo adjunto peligrosa (.exe, .zip, .js)"", ""Amenaza de acciones legales o judiciales"", ""Remitente desconocido exigiendo pago""]"
1118,jorge.morales@mail.com,andres.rodriguez@gobierno.gob.ec,Solicitud de revisión de código - Pull Request #493,"Hola Andres Rodriguez,

Adjunto el informe correspondiente a la reunión de seguimiento del proyecto Integración API REST. Por favor revisa los puntos acordados para la próxima entrega.

Saludos cordiales,
Jorge Morales",2026-08-03 18:47:31,0,Ninguno (Legítimo),0.051,[]
1119,maria.lopez@logisticaexpress.com,diego.lopez@logisticaexpress.com,Invitación: Taller sobre Arquitectura Cliente-Servidor,"Hola Diego Lopez,

Adjunto el informe correspondiente a la reunión de seguimiento del proyecto Migración a la Nube. Por favor revisa los puntos acordados para la próxima entrega.

Saludos cordiales,
Maria Lopez",2026-02-07 04:44:03,0,Ninguno (Legítimo),0.067,[]
1120,andres.mendoza@empresa.com,jorge.fernandez@empresa.edu.ec,Reunión de seguimiento - Proyecto Diseño UX/UI,"Estimado/a Jorge Fernandez,

Le confirmamos que hemos procesado la factura #757. Puede consultar el detalle en su panel de usuario de nuestra plataforma.

Atentamente,
Equipo de Contabilidad",2026-06-14 01:13:14,0,Ninguno (Legítimo),0.083,[]
1121,notificaciones-banconacional@actualiza-credenciales-pagos.net,lucia.vargas@logisticaexpress.com,Su contraseña de correo expira hoy - Conserve su acceso,"Estimado usuario de BancoNacional,

Su contraseña expirará en 2 horas. Para mantener su contraseña actual y no perder el acceso a sus correos institucionales, valide sus credenciales en el portal interno:

https://actualiza-credenciales-pagos.net/portal/reset-password

Soporte IT / TI",2026-08-11 05:55:57,1,Password Reset / Tech Support Scam,0.967,"[""Falsa expiración inminente de contraseña"", ""Portal de contraseña en dominio externo"", ""Sin personalización del nombre del usuario""]"
1122,gabriel.gomez@techcorp.com,maria.lopez@empresa.com,Consulta sobre la entrega del módulo WCAG 2.2 y ARIA,"Hola equipo,

Les recordamos que este fin de semana realizaremos un mantenimiento preventivo en Base de Datos. El servicio no estará disponible entre las 02:00 y las 04:00 AM.

Gracias por su comprensión.",2026-02-24 22:50:08,0,Ninguno (Legítimo),0.023,[]
1123,diego.gomez@servicio-cliente.com,lucia.fernandez@empresa.edu.ec,Consulta sobre la entrega del módulo CSS Responsivo,"Hola Lucia Fernandez,

Adjunto el informe correspondiente a la reunión de seguimiento del proyecto Migración a la Nube. Por favor revisa los puntos acordados para la próxima entrega.

Saludos cordiales,
Diego Gomez",2026-06-21 21:46:24,0,Ninguno (Legítimo),0.045,[]
1124,notificaciones-banconacional@soporte-urgente-banco.xyz,jorge.perez@gobierno.gob.ec,Su contraseña de correo expira hoy - Conserve su acceso,"Estimado usuario de BancoNacional,

Su contraseña expirará en 2 horas. Para mantener su contraseña actual y no perder el acceso a sus correos institucionales, valide sus credenciales en el portal interno:

https://soporte-urgente-banco.xyz/portal/reset-password

Soporte IT / TI",2026-01-15 22:30:54,1,Password Reset / Tech Support Scam,0.945,"[""Falsa expiración inminente de contraseña"", ""Portal de contraseña en dominio externo"", ""Sin personalización del nombre del usuario""]"
1125,notificaciones-servipagos@logistica-express-rastreo.info,carlos.vargas@empresa.com,Su contraseña de correo expira hoy - Conserve su acceso,"Estimado usuario de ServiPagos,

Su contraseña expirará en 2 horas. Para mantener su contraseña actual y no perder el acceso a sus correos institucionales, valide sus credenciales en el portal interno:

https://logistica-express-rastreo.info/portal/reset-password

Soporte IT / TI",2025-12-24 08:02:08,1,Password Reset / Tech Support Scam,0.838,"[""Falsa expiración inminente de contraseña"", ""Portal de contraseña en dominio externo"", ""Sin personalización del nombre del usuario""]"
1126,diego.rios@mail.com,diego.rodriguez@empresa.edu.ec,Reunión de seguimiento - Proyecto Plataforma Web,"Hola equipo,

Les recordamos que este fin de semana realizaremos un mantenimiento preventivo en Servidor Node.js. El servicio no estará disponible entre las 02:00 y las 04:00 AM.

Gracias por su comprensión.",2026-03-19 02:20:47,0,Ninguno (Legítimo),0.021,[]
1127,elena.rios@logisticaexpress.com,ana.torres@empresa.com,Solicitud de revisión de código - Pull Request #553,"Hola equipo,

Les recordamos que este fin de semana realizaremos un mantenimiento preventivo en Servidor Node.js. El servicio no estará disponible entre las 02:00 y las 04:00 AM.

Gracias por su comprensión.",2025-10-08 19:42:05,0,Ninguno (Legítimo),0.048,[]
1128,ana.castro@servicio-cliente.com,sofia.fernandez@techcorp.com,Recordatorio: Mantenimiento programado de Base de Datos,"Hola equipo,

Les recordamos que este fin de semana realizaremos un mantenimiento preventivo en Base de Datos. El servicio no estará disponible entre las 02:00 y las 04:00 AM.

Gracias por su comprensión.",2026-04-15 00:07:04,0,Ninguno (Legítimo),0.013,[]
1129,elena.ramirez@empresa.edu.ec,camila.fernandez@bancorivera.com,Invitación: Taller sobre WCAG 2.2 y ARIA,"Estimado/a Camila Fernandez,

Le confirmamos que hemos procesado la factura #123. Puede consultar el detalle en su panel de usuario de nuestra plataforma.

Atentamente,
Equipo de Contabilidad",2026-05-11 06:46:11,0,Ninguno (Legítimo),0.038,[]
1130,soporte@soporte-urgente-banco.xyz,lucia.castro@techcorp.com,Solicitud urgente de transferencia de fondos - Confidencial,"Hola Lucia Castro,

Me encuentro en una reunión ejecutiva sin acceso a llamadas. Necesito que proceses con urgencia una transferencia bancaria para la adquisición de licencias internacionales.

Por favor confirma si puedes hacer el pago ahora mismo y te envío los datos de la cuenta de destino. Mantén esto de forma confidencial.

Saludos,
Dirección General",2025-11-07 19:26:22,1,Spear Phishing / CEO Fraud,0.938,"[""Suplantación de identidad ejecutiva (CEO Fraud)"", ""Petición de transferencia o pago urgente"", ""Solicitud de mantener secreto/confidencialidad"", ""Remitente spoofed o de correo gratuito""]"
1131,carlos.fernandez@empresa.edu.ec,maria.rodriguez@techcorp.com,Resumen semanal de actividades del equipo Infraestructura,"Estimado/a Maria Rodriguez,

Gracias por registrarse al taller sobre CSS Responsivo. Adjuntamos la agenda y los recursos de lectura previos.

Nos vemos pronto,
Comité Organizador",2025-12-14 13:58:51,0,Ninguno (Legítimo),0.086,[]
1132,luis.vargas@gobierno.gob.ec,diego.perez@servicio-cliente.com,Invitación: Taller sobre HTML5 Semántico,"Hola Diego Perez,

Adjunto el informe correspondiente a la reunión de seguimiento del proyecto Integración API REST. Por favor revisa los puntos acordados para la próxima entrega.

Saludos cordiales,
Luis Vargas",2026-03-12 12:24:54,0,Ninguno (Legítimo),0.03,[]
1133,sofia.gomez@logisticaexpress.com,maria.fernandez@gobierno.gob.ec,Informe mensual de rendimiento de la plataforma,"Hola Maria Fernandez,

Adjunto el informe correspondiente a la reunión de seguimiento del proyecto Auditoría de Seguridad. Por favor revisa los puntos acordados para la próxima entrega.

Saludos cordiales,
Sofia Gomez",2026-05-20 09:33:56,0,Ninguno (Legítimo),0.14,[]
1134,carlos.rios@techcorp.com,elena.lopez@empresa.edu.ec,Factura de servicio #999 de Noviembre,"Estimado/a Elena Lopez,

Le confirmamos que hemos procesado la factura #999. Puede consultar el detalle en su panel de usuario de nuestra plataforma.

Atentamente,
Equipo de Contabilidad",2026-09-16 02:11:31,0,Ninguno (Legítimo),0.047,[]
1135,andres.perez@empresa.com,gabriel.castro@servicio-cliente.com,Resumen semanal de actividades del equipo Recursos Humanos,"Hola Gabriel Castro,

¿Tendrás un espacio hoy para revisar las dudas sobre el módulo CSS Responsivo? Quedo atento a tus comentarios.

Saludos,
Andres Perez",2026-04-03 14:14:54,0,Ninguno (Legítimo),0.105,[]
1136,soporte@logistica-express-rastreo.info,patricia.ramirez@servicio-cliente.com,URGENTE: Suspención temporal de su cuenta bancaria por actividad sospechosa,"Estimado cliente,

Hemos detectado un intento de acceso no autorizado a su cuenta desde una dirección IP desconocida. Por su seguridad, hemos restringido temporalmente sus operaciones.

Para desbloquear su cuenta inmediatamente, ingrese a nuestro portal de verificación segura en el siguiente enlace:
http://logistica-express-rastreo.info/login-verificacion?id=87150

Si no verifica sus datos en las próximas 24 horas, su cuenta será bloqueada permanentemente.

Atentamente,
Departamento de Seguridad Bancaria",2025-09-15 20:19:24,1,Credential Harvesting,0.98,"[""Urgencia extrema o amenaza de bloqueo"", ""Enlace a dominio no oficial"", ""Saludo genérico (Estimado cliente)"", ""Uso de protocolo HTTP no seguro""]"
1137,notificaciones-techcorp@logistica-express-rastreo.info,roberto.rios@servicio-cliente.com,Solicitud urgente de transferencia de fondos - Confidencial,"Hola Roberto Rios,

Me encuentro en una reunión ejecutiva sin acceso a llamadas. Necesito que proceses con urgencia una transferencia bancaria para la adquisición de licencias internacionales.

Por favor confirma si puedes hacer el pago ahora mismo y te envío los datos de la cuenta de destino. Mantén esto de forma confidencial.

Saludos,
Dirección General",2026-05-03 10:13:27,1,Spear Phishing / CEO Fraud,0.783,"[""Suplantación de identidad ejecutiva (CEO Fraud)"", ""Petición de transferencia o pago urgente"", ""Solicitud de mantener secreto/confidencialidad"", ""Remitente spoofed o de correo gratuito""]"
1138,elena.perez@mail.com,jorge.rodriguez@techcorp.com,Confirmación de registro al evento Migración a la Nube,"Hola equipo,

Les recordamos que este fin de semana realizaremos un mantenimiento preventivo en Servicio de Autenticación. El servicio no estará disponible entre las 02:00 y las 04:00 AM.

Gracias por su comprensión.",2026-03-13 03:41:00,0,Ninguno (Legítimo),0.085,[]
1139,luis.morales@techcorp.com,roberto.ramirez@techcorp.com,Factura de servicio #684 de Octubre,"Hola Roberto Ramirez,

Adjunto el informe correspondiente a la reunión de seguimiento del proyecto Migración a la Nube. Por favor revisa los puntos acordados para la próxima entrega.

Saludos cordiales,
Luis Morales",2025-10-24 17:38:42,0,Ninguno (Legítimo),0.088,[]
1140,carlos.lopez@techcorp.com,patricia.fernandez@gobierno.gob.ec,Reunión de seguimiento - Proyecto Auditoría de Seguridad,"Hola Patricia Fernandez,

¿Tendrás un espacio hoy para revisar las dudas sobre el módulo HTML5 Semántico? Quedo atento a tus comentarios.

Saludos,
Carlos Lopez",2026-08-16 17:46:35,0,Ninguno (Legítimo),0.11,[]
1141,notificaciones-servipagos@verificate-ahora-login.org,jorge.martinez@mail.com,Su contraseña de correo expira hoy - Conserve su acceso,"Estimado usuario de ServiPagos,

Su contraseña expirará en 2 horas. Para mantener su contraseña actual y no perder el acceso a sus correos institucionales, valide sus credenciales en el portal interno:

https://verificate-ahora-login.org/portal/reset-password

Soporte IT / TI",2026-01-29 07:36:23,1,Password Reset / Tech Support Scam,0.863,"[""Falsa expiración inminente de contraseña"", ""Portal de contraseña en dominio externo"", ""Sin personalización del nombre del usuario""]"
1142,andres.rodriguez@mail.com,andres.mendoza@bancorivera.com,Recordatorio: Mantenimiento programado de Servicio de Autenticación,"Estimado/a Andres Mendoza,

Le confirmamos que hemos procesado la factura #340. Puede consultar el detalle en su panel de usuario de nuestra plataforma.

Atentamente,
Equipo de Contabilidad",2026-06-08 02:28:43,0,Ninguno (Legítimo),0.085,[]
1143,luis.ramirez@empresa.edu.ec,andres.martinez@empresa.com,Informe mensual de rendimiento de la plataforma,"Estimado/a Andres Martinez,

Le confirmamos que hemos procesado la factura #606. Puede consultar el detalle en su panel de usuario de nuestra plataforma.

Atentamente,
Equipo de Contabilidad",2025-12-05 08:57:16,0,Ninguno (Legítimo),0.13,[]
1144,jorge.sanchez@logisticaexpress.com,camila.castro@techcorp.com,Informe mensual de rendimiento de la plataforma,"Estimado/a Camila Castro,

Gracias por registrarse al taller sobre WCAG 2.2 y ARIA. Adjuntamos la agenda y los recursos de lectura previos.

Nos vemos pronto,
Comité Organizador",2026-04-13 02:24:56,0,Ninguno (Legítimo),0.1,[]
1145,carlos.vargas@mail.com,ana.castro@gobierno.gob.ec,Consulta sobre la entrega del módulo JavaScript Moderno ES6+,"Hola Ana Castro,

Adjunto el informe correspondiente a la reunión de seguimiento del proyecto Integración API REST. Por favor revisa los puntos acordados para la próxima entrega.

Saludos cordiales,
Carlos Vargas",2025-12-31 21:25:23,0,Ninguno (Legítimo),0.104,[]
1146,soporte@soporte-urgente-banco.xyz,gabriel.rios@mail.com,Notificación de entrega fallida - Su paquete #33927 requiere pago de arancel,"Estimado usuario,

Su paquete con número de rastreo #33927 no pudo ser entregado debido a una dirección incompleta y un saldo pendiente de arancel ($2.99 USD).

Actualice su dirección y realice el pago en el enlace oficial:
https://soporte-urgente-banco.xyz/rastreo/actualizar?track=33927

De no realizar el pago hoy, el paquete será devuelto al remitente.",2026-06-05 14:24:16,1,Package Delivery Scam,0.863,"[""Cobro pequeñito no esperado ($2.99)"", ""Dominio de rastreo falso"", ""Urgencia en la entrega del paquete""]"
1147,notificaciones-logisticaexpress@techcorp-admin-portal.tk,elena.vargas@logisticaexpress.com,Solicitud urgente de transferencia de fondos - Confidencial,"Hola Elena Vargas,

Me encuentro en una reunión ejecutiva sin acceso a llamadas. Necesito que proceses con urgencia una transferencia bancaria para la adquisición de licencias internacionales.

Por favor confirma si puedes hacer el pago ahora mismo y te envío los datos de la cuenta de destino. Mantén esto de forma confidencial.

Saludos,
Dirección General",2026-07-11 18:42:36,1,Spear Phishing / CEO Fraud,0.921,"[""Suplantación de identidad ejecutiva (CEO Fraud)"", ""Petición de transferencia o pago urgente"", ""Solicitud de mantener secreto/confidencialidad"", ""Remitente spoofed o de correo gratuito""]"
1148,soporte@soporte-urgente-banco.xyz,maria.sanchez@empresa.com,Solicitud urgente de transferencia de fondos - Confidencial,"Hola Maria Sanchez,

Me encuentro en una reunión ejecutiva sin acceso a llamadas. Necesito que proceses con urgencia una transferencia bancaria para la adquisición de licencias internacionales.

Por favor confirma si puedes hacer el pago ahora mismo y te envío los datos de la cuenta de destino. Mantén esto de forma confidencial.

Saludos,
Dirección General",2025-12-10 03:53:09,1,Spear Phishing / CEO Fraud,0.909,"[""Suplantación de identidad ejecutiva (CEO Fraud)"", ""Petición de transferencia o pago urgente"", ""Solicitud de mantener secreto/confidencialidad"", ""Remitente spoofed o de correo gratuito""]"
1149,elena.fernandez@logisticaexpress.com,gabriel.fernandez@techcorp.com,Resumen semanal de actividades del equipo Desarrollo,"Hola Gabriel Fernandez,

¿Tendrás un espacio hoy para revisar las dudas sobre el módulo WCAG 2.2 y ARIA? Quedo atento a tus comentarios.

Saludos,
Elena Fernandez",2026-05-06 14:28:37,0,Ninguno (Legítimo),0.025,[]
1150,fernando.fernandez@mail.com,carlos.vargas@servicio-cliente.com,Reunión de seguimiento - Proyecto Auditoría de Seguridad,"Hola Carlos Vargas,

Adjunto el informe correspondiente a la reunión de seguimiento del proyecto Auditoría de Seguridad. Por favor revisa los puntos acordados para la próxima entrega.

Saludos cordiales,
Fernando Fernandez",2026-03-09 21:19:06,0,Ninguno (Legítimo),0.037,[]
1151,camila.ramirez@servicio-cliente.com,luis.rios@empresa.edu.ec,Recordatorio: Mantenimiento programado de API REST,"Hola equipo,

Les recordamos que este fin de semana realizaremos un mantenimiento preventivo en API REST. El servicio no estará disponible entre las 02:00 y las 04:00 AM.

Gracias por su comprensión.",2025-11-02 02:39:09,0,Ninguno (Legítimo),0.121,[]
1152,soporte@soporte-urgente-banco.xyz,roberto.martinez@empresa.edu.ec,Notificación de entrega fallida - Su paquete #69464 requiere pago de arancel,"Estimado usuario,

Su paquete con número de rastreo #69464 no pudo ser entregado debido a una dirección incompleta y un saldo pendiente de arancel ($2.99 USD).

Actualice su dirección y realice el pago en el enlace oficial:
https://soporte-urgente-banco.xyz/rastreo/actualizar?track=69464

De no realizar el pago hoy, el paquete será devuelto al remitente.",2026-03-06 15:39:09,1,Package Delivery Scam,0.852,"[""Cobro pequeñito no esperado ($2.99)"", ""Dominio de rastreo falso"", ""Urgencia en la entrega del paquete""]"
1153,soporte@logistica-express-rastreo.info,lucia.ramirez@logisticaexpress.com,Factura vencida #78750 - Notificación final de cobro judicial,"Estimado/a Lucia Ramirez,

Adjunto enviamos la factura vencida #78750 correspondiente al último periodo de facturación. Si el pago no se registra hoy, iniciaremos el proceso de cobro judicial.

Descargue y revise el archivo adjunto 'Factura_Vencida_78750.exe' o 'Factura_Detalle.zip' para cancelar el saldo.

Atentamente,
Departamento de Cobranzas",2026-09-09 14:19:02,1,Fake Invoice / Malware Attachment,0.927,"[""Extensión de archivo adjunto peligrosa (.exe, .zip, .js)"", ""Amenaza de acciones legales o judiciales"", ""Remitente desconocido exigiendo pago""]"
1154,maria.martinez@empresa.edu.ec,fernando.rios@techcorp.com,Reunión de seguimiento - Proyecto Auditoría de Seguridad,"Hola Fernando Rios,

¿Tendrás un espacio hoy para revisar las dudas sobre el módulo CSS Responsivo? Quedo atento a tus comentarios.

Saludos,
Maria Martinez",2025-09-24 08:35:04,0,Ninguno (Legítimo),0.143,[]
1155,soporte@techcorp-admin-portal.tk,camila.morales@bancorivera.com,Su contraseña de correo expira hoy - Conserve su acceso,"Estimado usuario de MegaMarket,

Su contraseña expirará en 2 horas. Para mantener su contraseña actual y no perder el acceso a sus correos institucionales, valide sus credenciales en el portal interno:

https://techcorp-admin-portal.tk/portal/reset-password

Soporte IT / TI",2026-07-01 03:04:05,1,Password Reset / Tech Support Scam,0.874,"[""Falsa expiración inminente de contraseña"", ""Portal de contraseña en dominio externo"", ""Sin personalización del nombre del usuario""]"
1156,soporte@soporte-urgente-banco.xyz,lucia.fernandez@techcorp.com,Solicitud urgente de transferencia de fondos - Confidencial,"Hola Lucia Fernandez,

Me encuentro en una reunión ejecutiva sin acceso a llamadas. Necesito que proceses con urgencia una transferencia bancaria para la adquisición de licencias internacionales.

Por favor confirma si puedes hacer el pago ahora mismo y te envío los datos de la cuenta de destino. Mantén esto de forma confidencial.

Saludos,
Dirección General",2026-05-23 03:10:46,1,Spear Phishing / CEO Fraud,0.942,"[""Suplantación de identidad ejecutiva (CEO Fraud)"", ""Petición de transferencia o pago urgente"", ""Solicitud de mantener secreto/confidencialidad"", ""Remitente spoofed o de correo gratuito""]"
1157,andres.martinez@gobierno.gob.ec,valentina.mendoza@servicio-cliente.com,Recordatorio: Mantenimiento programado de API REST,"Hola equipo,

Les recordamos que este fin de semana realizaremos un mantenimiento preventivo en API REST. El servicio no estará disponible entre las 02:00 y las 04:00 AM.

Gracias por su comprensión.",2026-06-27 02:26:20,0,Ninguno (Legítimo),0.113,[]
1158,sofia.ramirez@empresa.edu.ec,sofia.lopez@techcorp.com,Factura de servicio #931 de Enero,"Hola Sofia Lopez,

Adjunto el informe correspondiente a la reunión de seguimiento del proyecto Diseño UX/UI. Por favor revisa los puntos acordados para la próxima entrega.

Saludos cordiales,
Sofia Ramirez",2026-03-06 19:33:12,0,Ninguno (Legítimo),0.016,[]
1159,luis.perez@techcorp.com,patricia.ramirez@logisticaexpress.com,Factura de servicio #918 de Enero,"Hola equipo,

Les recordamos que este fin de semana realizaremos un mantenimiento preventivo en Servidor Node.js. El servicio no estará disponible entre las 02:00 y las 04:00 AM.

Gracias por su comprensión.",2026-03-11 07:16:16,0,Ninguno (Legítimo),0.058,[]
1160,notificaciones-logisticaexpress@soporte-urgente-banco.xyz,valentina.morales@techcorp.com,URGENTE: Suspención temporal de su cuenta bancaria por actividad sospechosa,"Estimado cliente,

Hemos detectado un intento de acceso no autorizado a su cuenta desde una dirección IP desconocida. Por su seguridad, hemos restringido temporalmente sus operaciones.

Para desbloquear su cuenta inmediatamente, ingrese a nuestro portal de verificación segura en el siguiente enlace:
http://soporte-urgente-banco.xyz/login-verificacion?id=49749

Si no verifica sus datos en las próximas 24 horas, su cuenta será bloqueada permanentemente.

Atentamente,
Departamento de Seguridad Bancaria",2025-12-15 07:03:43,1,Credential Harvesting,0.923,"[""Urgencia extrema o amenaza de bloqueo"", ""Enlace a dominio no oficial"", ""Saludo genérico (Estimado cliente)"", ""Uso de protocolo HTTP no seguro""]"
1161,patricia.fernandez@servicio-cliente.com,camila.lopez@servicio-cliente.com,Informe mensual de rendimiento de la plataforma,"Hola equipo,

Les recordamos que este fin de semana realizaremos un mantenimiento preventivo en Base de Datos. El servicio no estará disponible entre las 02:00 y las 04:00 AM.

Gracias por su comprensión.",2026-06-29 06:34:19,0,Ninguno (Legítimo),0.128,[]
1162,luis.morales@logisticaexpress.com,lucia.martinez@logisticaexpress.com,Recordatorio: Mantenimiento programado de Base de Datos,"Estimado/a Lucia Martinez,

Le confirmamos que hemos procesado la factura #824. Puede consultar el detalle en su panel de usuario de nuestra plataforma.

Atentamente,
Equipo de Contabilidad",2026-08-27 14:06:21,0,Ninguno (Legítimo),0.038,[]
1163,notificaciones-servipagos@logistica-express-rastreo.info,sofia.ramirez@empresa.edu.ec,URGENTE: Suspención temporal de su cuenta bancaria por actividad sospechosa,"Estimado cliente,

Hemos detectado un intento de acceso no autorizado a su cuenta desde una dirección IP desconocida. Por su seguridad, hemos restringido temporalmente sus operaciones.

Para desbloquear su cuenta inmediatamente, ingrese a nuestro portal de verificación segura en el siguiente enlace:
http://logistica-express-rastreo.info/login-verificacion?id=11063

Si no verifica sus datos en las próximas 24 horas, su cuenta será bloqueada permanentemente.

Atentamente,
Departamento de Seguridad Bancaria",2026-07-28 08:15:28,1,Credential Harvesting,0.908,"[""Urgencia extrema o amenaza de bloqueo"", ""Enlace a dominio no oficial"", ""Saludo genérico (Estimado cliente)"", ""Uso de protocolo HTTP no seguro""]"
1164,elena.mendoza@servicio-cliente.com,andres.sanchez@bancorivera.com,Consulta sobre la entrega del módulo Arquitectura Cliente-Servidor,"Estimado/a Andres Sanchez,

Gracias por registrarse al taller sobre Arquitectura Cliente-Servidor. Adjuntamos la agenda y los recursos de lectura previos.

Nos vemos pronto,
Comité Organizador",2025-12-15 04:07:29,0,Ninguno (Legítimo),0.075,[]
1165,soporte@actualiza-credenciales-pagos.net,fernando.torres@techcorp.com,Factura vencida #84870 - Notificación final de cobro judicial,"Estimado/a Fernando Torres,

Adjunto enviamos la factura vencida #84870 correspondiente al último periodo de facturación. Si el pago no se registra hoy, iniciaremos el proceso de cobro judicial.

Descargue y revise el archivo adjunto 'Factura_Vencida_84870.exe' o 'Factura_Detalle.zip' para cancelar el saldo.

Atentamente,
Departamento de Cobranzas",2026-03-06 04:27:47,1,Fake Invoice / Malware Attachment,0.948,"[""Extensión de archivo adjunto peligrosa (.exe, .zip, .js)"", ""Amenaza de acciones legales o judiciales"", ""Remitente desconocido exigiendo pago""]"
1166,maria.fernandez@bancorivera.com,roberto.vargas@logisticaexpress.com,Minuta de la reunión de planificación del sprint #989,"Hola Roberto Vargas,

Adjunto el informe correspondiente a la reunión de seguimiento del proyecto Migración a la Nube. Por favor revisa los puntos acordados para la próxima entrega.

Saludos cordiales,
Maria Fernandez",2026-08-10 00:30:50,0,Ninguno (Legítimo),0.074,[]
1167,notificaciones-techcorp@actualiza-credenciales-pagos.net,elena.rios@bancorivera.com,Notificación de entrega fallida - Su paquete #32615 requiere pago de arancel,"Estimado usuario,

Su paquete con número de rastreo #32615 no pudo ser entregado debido a una dirección incompleta y un saldo pendiente de arancel ($2.99 USD).

Actualice su dirección y realice el pago en el enlace oficial:
https://actualiza-credenciales-pagos.net/rastreo/actualizar?track=32615

De no realizar el pago hoy, el paquete será devuelto al remitente.",2026-04-15 15:54:38,1,Package Delivery Scam,0.891,"[""Cobro pequeñito no esperado ($2.99)"", ""Dominio de rastreo falso"", ""Urgencia en la entrega del paquete""]"
1168,gabriel.vargas@empresa.edu.ec,elena.rodriguez@empresa.com,Invitación: Taller sobre WCAG 2.2 y ARIA,"Hola equipo,

Les recordamos que este fin de semana realizaremos un mantenimiento preventivo en Base de Datos. El servicio no estará disponible entre las 02:00 y las 04:00 AM.

Gracias por su comprensión.",2026-09-15 22:59:53,0,Ninguno (Legítimo),0.101,[]
1169,fernando.fernandez@empresa.edu.ec,diego.sanchez@gobierno.gob.ec,Informe mensual de rendimiento de la plataforma,"Hola equipo,

Les recordamos que este fin de semana realizaremos un mantenimiento preventivo en Base de Datos. El servicio no estará disponible entre las 02:00 y las 04:00 AM.

Gracias por su comprensión.",2026-01-05 05:01:47,0,Ninguno (Legítimo),0.045,[]
1170,notificaciones-techcorp@techcorp-admin-portal.tk,fernando.ramirez@servicio-cliente.com,Su contraseña de correo expira hoy - Conserve su acceso,"Estimado usuario de TechCorp,

Su contraseña expirará en 2 horas. Para mantener su contraseña actual y no perder el acceso a sus correos institucionales, valide sus credenciales en el portal interno:

https://techcorp-admin-portal.tk/portal/reset-password

Soporte IT / TI",2026-02-18 17:30:14,1,Password Reset / Tech Support Scam,0.911,"[""Falsa expiración inminente de contraseña"", ""Portal de contraseña en dominio externo"", ""Sin personalización del nombre del usuario""]"
1171,andres.rodriguez@techcorp.com,carlos.lopez@techcorp.com,Reunión de seguimiento - Proyecto Migración a la Nube,"Hola Carlos Lopez,

Adjunto el informe correspondiente a la reunión de seguimiento del proyecto Migración a la Nube. Por favor revisa los puntos acordados para la próxima entrega.

Saludos cordiales,
Andres Rodriguez",2026-06-26 23:58:33,0,Ninguno (Legítimo),0.04,[]
1172,carlos.mendoza@empresa.edu.ec,patricia.lopez@techcorp.com,Recordatorio: Mantenimiento programado de Servidor Node.js,"Estimado/a Patricia Lopez,

Le confirmamos que hemos procesado la factura #912. Puede consultar el detalle en su panel de usuario de nuestra plataforma.

Atentamente,
Equipo de Contabilidad",2026-02-15 13:02:04,0,Ninguno (Legítimo),0.015,[]
1173,notificaciones-cloudservices@techcorp-admin-portal.tk,andres.morales@servicio-cliente.com,Notificación de entrega fallida - Su paquete #37601 requiere pago de arancel,"Estimado usuario,

Su paquete con número de rastreo #37601 no pudo ser entregado debido a una dirección incompleta y un saldo pendiente de arancel ($2.99 USD).

Actualice su dirección y realice el pago en el enlace oficial:
https://techcorp-admin-portal.tk/rastreo/actualizar?track=37601

De no realizar el pago hoy, el paquete será devuelto al remitente.",2026-06-12 01:48:07,1,Package Delivery Scam,0.857,"[""Cobro pequeñito no esperado ($2.99)"", ""Dominio de rastreo falso"", ""Urgencia en la entrega del paquete""]"
1174,soporte@banc0-verificacion-segura.com,ana.mendoza@bancorivera.com,Solicitud urgente de transferencia de fondos - Confidencial,"Hola Ana Mendoza,

Me encuentro en una reunión ejecutiva sin acceso a llamadas. Necesito que proceses con urgencia una transferencia bancaria para la adquisición de licencias internacionales.

Por favor confirma si puedes hacer el pago ahora mismo y te envío los datos de la cuenta de destino. Mantén esto de forma confidencial.

Saludos,
Dirección General",2026-06-01 22:21:27,1,Spear Phishing / CEO Fraud,0.846,"[""Suplantación de identidad ejecutiva (CEO Fraud)"", ""Petición de transferencia o pago urgente"", ""Solicitud de mantener secreto/confidencialidad"", ""Remitente spoofed o de correo gratuito""]"
1175,notificaciones-globalnet@soporte-urgente-banco.xyz,gabriel.rodriguez@servicio-cliente.com,URGENTE: Suspención temporal de su cuenta bancaria por actividad sospechosa,"Estimado cliente,

Hemos detectado un intento de acceso no autorizado a su cuenta desde una dirección IP desconocida. Por su seguridad, hemos restringido temporalmente sus operaciones.

Para desbloquear su cuenta inmediatamente, ingrese a nuestro portal de verificación segura en el siguiente enlace:
http://soporte-urgente-banco.xyz/login-verificacion?id=31365

Si no verifica sus datos en las próximas 24 horas, su cuenta será bloqueada permanentemente.

Atentamente,
Departamento de Seguridad Bancaria",2026-06-22 04:53:35,1,Credential Harvesting,0.93,"[""Urgencia extrema o amenaza de bloqueo"", ""Enlace a dominio no oficial"", ""Saludo genérico (Estimado cliente)"", ""Uso de protocolo HTTP no seguro""]"
1176,lucia.vargas@bancorivera.com,jorge.vargas@techcorp.com,Factura de servicio #410 de Abril,"Hola Jorge Vargas,

Adjunto el informe correspondiente a la reunión de seguimiento del proyecto Migración a la Nube. Por favor revisa los puntos acordados para la próxima entrega.

Saludos cordiales,
Lucia Vargas",2025-10-18 08:49:53,0,Ninguno (Legítimo),0.096,[]
1177,soporte@techcorp-admin-portal.tk,valentina.torres@empresa.edu.ec,Solicitud urgente de transferencia de fondos - Confidencial,"Hola Valentina Torres,

Me encuentro en una reunión ejecutiva sin acceso a llamadas. Necesito que proceses con urgencia una transferencia bancaria para la adquisición de licencias internacionales.

Por favor confirma si puedes hacer el pago ahora mismo y te envío los datos de la cuenta de destino. Mantén esto de forma confidencial.

Saludos,
Dirección General",2025-09-04 04:59:29,1,Spear Phishing / CEO Fraud,0.944,"[""Suplantación de identidad ejecutiva (CEO Fraud)"", ""Petición de transferencia o pago urgente"", ""Solicitud de mantener secreto/confidencialidad"", ""Remitente spoofed o de correo gratuito""]"
1178,notificaciones-servipagos@actualiza-credenciales-pagos.net,jorge.castro@techcorp.com,URGENTE: Suspención temporal de su cuenta bancaria por actividad sospechosa,"Estimado cliente,

Hemos detectado un intento de acceso no autorizado a su cuenta desde una dirección IP desconocida. Por su seguridad, hemos restringido temporalmente sus operaciones.

Para desbloquear su cuenta inmediatamente, ingrese a nuestro portal de verificación segura en el siguiente enlace:
http://actualiza-credenciales-pagos.net/login-verificacion?id=30631

Si no verifica sus datos en las próximas 24 horas, su cuenta será bloqueada permanentemente.

Atentamente,
Departamento de Seguridad Bancaria",2025-09-26 07:03:26,1,Credential Harvesting,0.979,"[""Urgencia extrema o amenaza de bloqueo"", ""Enlace a dominio no oficial"", ""Saludo genérico (Estimado cliente)"", ""Uso de protocolo HTTP no seguro""]"
1179,luis.rodriguez@empresa.edu.ec,jorge.gomez@empresa.edu.ec,Consulta sobre la entrega del módulo CSS Responsivo,"Hola Jorge Gomez,

¿Tendrás un espacio hoy para revisar las dudas sobre el módulo CSS Responsivo? Quedo atento a tus comentarios.

Saludos,
Luis Rodriguez",2026-03-30 00:59:12,0,Ninguno (Legítimo),0.111,[]
1180,diego.gomez@gobierno.gob.ec,andres.perez@logisticaexpress.com,Solicitud de revisión de código - Pull Request #297,"Hola Andres Perez,

Adjunto el informe correspondiente a la reunión de seguimiento del proyecto Diseño UX/UI. Por favor revisa los puntos acordados para la próxima entrega.

Saludos cordiales,
Diego Gomez",2026-09-06 20:29:09,0,Ninguno (Legítimo),0.102,[]
1181,elena.rodriguez@empresa.edu.ec,maria.lopez@gobierno.gob.ec,Invitación: Taller sobre Arquitectura Cliente-Servidor,"Hola Maria Lopez,

¿Tendrás un espacio hoy para revisar las dudas sobre el módulo Arquitectura Cliente-Servidor? Quedo atento a tus comentarios.

Saludos,
Elena Rodriguez",2026-08-07 18:58:33,0,Ninguno (Legítimo),0.103,[]
1182,carlos.rios@logisticaexpress.com,sofia.fernandez@techcorp.com,Confirmación de registro al evento Diseño UX/UI,"Hola Sofia Fernandez,

¿Tendrás un espacio hoy para revisar las dudas sobre el módulo HTML5 Semántico? Quedo atento a tus comentarios.

Saludos,
Carlos Rios",2025-11-17 05:42:41,0,Ninguno (Legítimo),0.093,[]
1183,soporte@actualiza-credenciales-pagos.net,camila.rios@bancorivera.com,URGENTE: Suspención temporal de su cuenta bancaria por actividad sospechosa,"Estimado cliente,

Hemos detectado un intento de acceso no autorizado a su cuenta desde una dirección IP desconocida. Por su seguridad, hemos restringido temporalmente sus operaciones.

Para desbloquear su cuenta inmediatamente, ingrese a nuestro portal de verificación segura en el siguiente enlace:
http://actualiza-credenciales-pagos.net/login-verificacion?id=69471

Si no verifica sus datos en las próximas 24 horas, su cuenta será bloqueada permanentemente.

Atentamente,
Departamento de Seguridad Bancaria",2026-08-23 05:14:35,1,Credential Harvesting,0.877,"[""Urgencia extrema o amenaza de bloqueo"", ""Enlace a dominio no oficial"", ""Saludo genérico (Estimado cliente)"", ""Uso de protocolo HTTP no seguro""]"
1184,jorge.perez@bancorivera.com,lucia.fernandez@gobierno.gob.ec,Invitación: Taller sobre HTML5 Semántico,"Estimado/a Lucia Fernandez,

Gracias por registrarse al taller sobre HTML5 Semántico. Adjuntamos la agenda y los recursos de lectura previos.

Nos vemos pronto,
Comité Organizador",2026-06-09 19:53:33,0,Ninguno (Legítimo),0.027,[]
1185,elena.ramirez@bancorivera.com,camila.martinez@bancorivera.com,Informe mensual de rendimiento de la plataforma,"Estimado/a Camila Martinez,

Gracias por registrarse al taller sobre Arquitectura Cliente-Servidor. Adjuntamos la agenda y los recursos de lectura previos.

Nos vemos pronto,
Comité Organizador",2026-05-04 16:24:12,0,Ninguno (Legítimo),0.042,[]
1186,soporte@seguridad-cuenta-alert.online,maria.sanchez@mail.com,Notificación de entrega fallida - Su paquete #30787 requiere pago de arancel,"Estimado usuario,

Su paquete con número de rastreo #30787 no pudo ser entregado debido a una dirección incompleta y un saldo pendiente de arancel ($2.99 USD).

Actualice su dirección y realice el pago en el enlace oficial:
https://seguridad-cuenta-alert.online/rastreo/actualizar?track=30787

De no realizar el pago hoy, el paquete será devuelto al remitente.",2026-01-24 03:20:05,1,Package Delivery Scam,0.914,"[""Cobro pequeñito no esperado ($2.99)"", ""Dominio de rastreo falso"", ""Urgencia en la entrega del paquete""]"
1187,soporte@logistica-express-rastreo.info,maria.gomez@mail.com,Factura vencida #83980 - Notificación final de cobro judicial,"Estimado/a Maria Gomez,

Adjunto enviamos la factura vencida #83980 correspondiente al último periodo de facturación. Si el pago no se registra hoy, iniciaremos el proceso de cobro judicial.

Descargue y revise el archivo adjunto 'Factura_Vencida_83980.exe' o 'Factura_Detalle.zip' para cancelar el saldo.

Atentamente,
Departamento de Cobranzas",2026-01-06 10:08:07,1,Fake Invoice / Malware Attachment,0.978,"[""Extensión de archivo adjunto peligrosa (.exe, .zip, .js)"", ""Amenaza de acciones legales o judiciales"", ""Remitente desconocido exigiendo pago""]"
1188,notificaciones-techcorp@soporte-urgente-banco.xyz,andres.ramirez@mail.com,Notificación de entrega fallida - Su paquete #65727 requiere pago de arancel,"Estimado usuario,

Su paquete con número de rastreo #65727 no pudo ser entregado debido a una dirección incompleta y un saldo pendiente de arancel ($2.99 USD).

Actualice su dirección y realice el pago en el enlace oficial:
https://soporte-urgente-banco.xyz/rastreo/actualizar?track=65727

De no realizar el pago hoy, el paquete será devuelto al remitente.",2025-10-04 21:30:13,1,Package Delivery Scam,0.84,"[""Cobro pequeñito no esperado ($2.99)"", ""Dominio de rastreo falso"", ""Urgencia en la entrega del paquete""]"
1189,maria.gomez@bancorivera.com,andres.fernandez@bancorivera.com,Factura de servicio #916 de Enero,"Estimado/a Andres Fernandez,

Gracias por registrarse al taller sobre HTML5 Semántico. Adjuntamos la agenda y los recursos de lectura previos.

Nos vemos pronto,
Comité Organizador",2025-11-10 17:08:32,0,Ninguno (Legítimo),0.088,[]
1190,notificaciones-banconacional@verificate-ahora-login.org,luis.torres@techcorp.com,Factura vencida #15586 - Notificación final de cobro judicial,"Estimado/a Luis Torres,

Adjunto enviamos la factura vencida #15586 correspondiente al último periodo de facturación. Si el pago no se registra hoy, iniciaremos el proceso de cobro judicial.

Descargue y revise el archivo adjunto 'Factura_Vencida_15586.exe' o 'Factura_Detalle.zip' para cancelar el saldo.

Atentamente,
Departamento de Cobranzas",2026-03-24 18:03:18,1,Fake Invoice / Malware Attachment,0.969,"[""Extensión de archivo adjunto peligrosa (.exe, .zip, .js)"", ""Amenaza de acciones legales o judiciales"", ""Remitente desconocido exigiendo pago""]"
1191,maria.sanchez@bancorivera.com,jorge.ramirez@bancorivera.com,Informe mensual de rendimiento de la plataforma,"Hola Jorge Ramirez,

Adjunto el informe correspondiente a la reunión de seguimiento del proyecto Migración a la Nube. Por favor revisa los puntos acordados para la próxima entrega.

Saludos cordiales,
Maria Sanchez",2026-04-18 11:54:37,0,Ninguno (Legítimo),0.045,[]
1192,lucia.morales@gobierno.gob.ec,luis.gomez@gobierno.gob.ec,Informe mensual de rendimiento de la plataforma,"Estimado/a Luis Gomez,

Le confirmamos que hemos procesado la factura #407. Puede consultar el detalle en su panel de usuario de nuestra plataforma.

Atentamente,
Equipo de Contabilidad",2025-12-27 20:05:34,0,Ninguno (Legítimo),0.013,[]
1193,valentina.ramirez@gobierno.gob.ec,lucia.torres@empresa.com,Informe mensual de rendimiento de la plataforma,"Estimado/a Lucia Torres,

Le confirmamos que hemos procesado la factura #130. Puede consultar el detalle en su panel de usuario de nuestra plataforma.

Atentamente,
Equipo de Contabilidad",2025-12-03 20:42:15,0,Ninguno (Legítimo),0.095,[]
1194,notificaciones-servipagos@banc0-verificacion-segura.com,valentina.fernandez@empresa.com,Solicitud urgente de transferencia de fondos - Confidencial,"Hola Valentina Fernandez,

Me encuentro en una reunión ejecutiva sin acceso a llamadas. Necesito que proceses con urgencia una transferencia bancaria para la adquisición de licencias internacionales.

Por favor confirma si puedes hacer el pago ahora mismo y te envío los datos de la cuenta de destino. Mantén esto de forma confidencial.

Saludos,
Dirección General",2026-04-14 17:15:21,1,Spear Phishing / CEO Fraud,0.921,"[""Suplantación de identidad ejecutiva (CEO Fraud)"", ""Petición de transferencia o pago urgente"", ""Solicitud de mantener secreto/confidencialidad"", ""Remitente spoofed o de correo gratuito""]"
1195,roberto.fernandez@empresa.com,ana.gomez@gobierno.gob.ec,Factura de servicio #418 de Febrero,"Hola Ana Gomez,

Adjunto el informe correspondiente a la reunión de seguimiento del proyecto Auditoría de Seguridad. Por favor revisa los puntos acordados para la próxima entrega.

Saludos cordiales,
Roberto Fernandez",2026-05-02 08:41:27,0,Ninguno (Legítimo),0.073,[]
1196,fernando.ramirez@logisticaexpress.com,fernando.gomez@bancorivera.com,Minuta de la reunión de planificación del sprint #886,"Hola equipo,

Les recordamos que este fin de semana realizaremos un mantenimiento preventivo en API REST. El servicio no estará disponible entre las 02:00 y las 04:00 AM.

Gracias por su comprensión.",2026-04-28 12:31:35,0,Ninguno (Legítimo),0.045,[]
1197,ana.mendoza@gobierno.gob.ec,elena.gomez@gobierno.gob.ec,Solicitud de revisión de código - Pull Request #941,"Hola Elena Gomez,

Adjunto el informe correspondiente a la reunión de seguimiento del proyecto Diseño UX/UI. Por favor revisa los puntos acordados para la próxima entrega.

Saludos cordiales,
Ana Mendoza",2025-10-04 19:31:46,0,Ninguno (Legítimo),0.038,[]
1198,maria.fernandez@empresa.com,valentina.fernandez@gobierno.gob.ec,Factura de servicio #252 de Agosto,"Estimado/a Valentina Fernandez,

Gracias por registrarse al taller sobre Arquitectura Cliente-Servidor. Adjuntamos la agenda y los recursos de lectura previos.

Nos vemos pronto,
Comité Organizador",2026-08-17 12:22:45,0,Ninguno (Legítimo),0.09,[]
1199,notificaciones-logisticaexpress@techcorp-admin-portal.tk,valentina.lopez@logisticaexpress.com,Su contraseña de correo expira hoy - Conserve su acceso,"Estimado usuario de LogisticaExpress,

Su contraseña expirará en 2 horas. Para mantener su contraseña actual y no perder el acceso a sus correos institucionales, valide sus credenciales en el portal interno:

https://techcorp-admin-portal.tk/portal/reset-password

Soporte IT / TI",2025-11-29 19:44:07,1,Password Reset / Tech Support Scam,0.957,"[""Falsa expiración inminente de contraseña"", ""Portal de contraseña en dominio externo"", ""Sin personalización del nombre del usuario""]"
1200,elena.fernandez@techcorp.com,luis.castro@gobierno.gob.ec,Reunión de seguimiento - Proyecto Diseño UX/UI,"Hola Luis Castro,

Adjunto el informe correspondiente a la reunión de seguimiento del proyecto Diseño UX/UI. Por favor revisa los puntos acordados para la próxima entrega.

Saludos cordiales,
Elena Fernandez",2026-04-17 08:32:01,0,Ninguno (Legítimo),0.022,[]
1201,notificaciones-megamarket@soporte-urgente-banco.xyz,fernando.rodriguez@empresa.edu.ec,Solicitud urgente de transferencia de fondos - Confidencial,"Hola Fernando Rodriguez,

Me encuentro en una reunión ejecutiva sin acceso a llamadas. Necesito que proceses con urgencia una transferencia bancaria para la adquisición de licencias internacionales.

Por favor confirma si puedes hacer el pago ahora mismo y te envío los datos de la cuenta de destino. Mantén esto de forma confidencial.

Saludos,
Dirección General",2025-11-21 08:59:55,1,Spear Phishing / CEO Fraud,0.933,"[""Suplantación de identidad ejecutiva (CEO Fraud)"", ""Petición de transferencia o pago urgente"", ""Solicitud de mantener secreto/confidencialidad"", ""Remitente spoofed o de correo gratuito""]"
1202,soporte@verificate-ahora-login.org,sofia.vargas@bancorivera.com,URGENTE: Suspención temporal de su cuenta bancaria por actividad sospechosa,"Estimado cliente,

Hemos detectado un intento de acceso no autorizado a su cuenta desde una dirección IP desconocida. Por su seguridad, hemos restringido temporalmente sus operaciones.

Para desbloquear su cuenta inmediatamente, ingrese a nuestro portal de verificación segura en el siguiente enlace:
http://verificate-ahora-login.org/login-verificacion?id=62297

Si no verifica sus datos en las próximas 24 horas, su cuenta será bloqueada permanentemente.

Atentamente,
Departamento de Seguridad Bancaria",2026-04-16 08:48:57,1,Credential Harvesting,0.869,"[""Urgencia extrema o amenaza de bloqueo"", ""Enlace a dominio no oficial"", ""Saludo genérico (Estimado cliente)"", ""Uso de protocolo HTTP no seguro""]"
1203,lucia.torres@bancorivera.com,patricia.ramirez@servicio-cliente.com,Minuta de la reunión de planificación del sprint #276,"Estimado/a Patricia Ramirez,

Gracias por registrarse al taller sobre HTML5 Semántico. Adjuntamos la agenda y los recursos de lectura previos.

Nos vemos pronto,
Comité Organizador",2026-04-20 20:57:48,0,Ninguno (Legítimo),0.076,[]
1204,sofia.ramirez@empresa.com,diego.fernandez@empresa.edu.ec,Factura de servicio #882 de Mayo,"Estimado/a Diego Fernandez,

Le confirmamos que hemos procesado la factura #882. Puede consultar el detalle en su panel de usuario de nuestra plataforma.

Atentamente,
Equipo de Contabilidad",2025-10-18 14:32:50,0,Ninguno (Legítimo),0.094,[]
1205,camila.vargas@bancorivera.com,andres.castro@empresa.com,Invitación: Taller sobre JavaScript Moderno ES6+,"Hola Andres Castro,

Adjunto el informe correspondiente a la reunión de seguimiento del proyecto Integración API REST. Por favor revisa los puntos acordados para la próxima entrega.

Saludos cordiales,
Camila Vargas",2026-05-17 13:28:38,0,Ninguno (Legítimo),0.121,[]
1206,elena.torres@gobierno.gob.ec,ana.torres@logisticaexpress.com,Minuta de la reunión de planificación del sprint #671,"Estimado/a Ana Torres,

Gracias por registrarse al taller sobre JavaScript Moderno ES6+. Adjuntamos la agenda y los recursos de lectura previos.

Nos vemos pronto,
Comité Organizador",2026-03-01 23:33:07,0,Ninguno (Legítimo),0.091,[]
1207,ana.ramirez@empresa.com,roberto.lopez@gobierno.gob.ec,Invitación: Taller sobre Arquitectura Cliente-Servidor,"Hola equipo,

Les recordamos que este fin de semana realizaremos un mantenimiento preventivo en Servicio de Autenticación. El servicio no estará disponible entre las 02:00 y las 04:00 AM.

Gracias por su comprensión.",2026-08-05 07:20:40,0,Ninguno (Legítimo),0.141,[]
1208,andres.gomez@techcorp.com,sofia.lopez@empresa.edu.ec,Minuta de la reunión de planificación del sprint #446,"Hola Sofia Lopez,

¿Tendrás un espacio hoy para revisar las dudas sobre el módulo Arquitectura Cliente-Servidor? Quedo atento a tus comentarios.

Saludos,
Andres Gomez",2026-01-16 00:29:43,0,Ninguno (Legítimo),0.116,[]
1209,fernando.morales@empresa.com,jorge.gomez@logisticaexpress.com,Minuta de la reunión de planificación del sprint #813,"Hola equipo,

Les recordamos que este fin de semana realizaremos un mantenimiento preventivo en Servidor Node.js. El servicio no estará disponible entre las 02:00 y las 04:00 AM.

Gracias por su comprensión.",2026-03-28 18:01:13,0,Ninguno (Legítimo),0.065,[]
1210,soporte@seguridad-cuenta-alert.online,luis.fernandez@bancorivera.com,Su contraseña de correo expira hoy - Conserve su acceso,"Estimado usuario de ServiPagos,

Su contraseña expirará en 2 horas. Para mantener su contraseña actual y no perder el acceso a sus correos institucionales, valide sus credenciales en el portal interno:

https://seguridad-cuenta-alert.online/portal/reset-password

Soporte IT / TI",2026-05-29 00:12:29,1,Password Reset / Tech Support Scam,0.852,"[""Falsa expiración inminente de contraseña"", ""Portal de contraseña en dominio externo"", ""Sin personalización del nombre del usuario""]"
1211,diego.castro@empresa.com,lucia.vargas@techcorp.com,Factura de servicio #338 de Junio,"Estimado/a Lucia Vargas,

Le confirmamos que hemos procesado la factura #338. Puede consultar el detalle en su panel de usuario de nuestra plataforma.

Atentamente,
Equipo de Contabilidad",2026-06-28 17:02:23,0,Ninguno (Legítimo),0.147,[]
1212,notificaciones-logisticaexpress@actualiza-credenciales-pagos.net,maria.fernandez@mail.com,URGENTE: Suspención temporal de su cuenta bancaria por actividad sospechosa,"Estimado cliente,

Hemos detectado un intento de acceso no autorizado a su cuenta desde una dirección IP desconocida. Por su seguridad, hemos restringido temporalmente sus operaciones.

Para desbloquear su cuenta inmediatamente, ingrese a nuestro portal de verificación segura en el siguiente enlace:
http://actualiza-credenciales-pagos.net/login-verificacion?id=57227

Si no verifica sus datos en las próximas 24 horas, su cuenta será bloqueada permanentemente.

Atentamente,
Departamento de Seguridad Bancaria",2026-01-09 19:41:42,1,Credential Harvesting,0.919,"[""Urgencia extrema o amenaza de bloqueo"", ""Enlace a dominio no oficial"", ""Saludo genérico (Estimado cliente)"", ""Uso de protocolo HTTP no seguro""]"
1213,soporte@techcorp-admin-portal.tk,valentina.sanchez@bancorivera.com,Solicitud urgente de transferencia de fondos - Confidencial,"Hola Valentina Sanchez,

Me encuentro en una reunión ejecutiva sin acceso a llamadas. Necesito que proceses con urgencia una transferencia bancaria para la adquisición de licencias internacionales.

Por favor confirma si puedes hacer el pago ahora mismo y te envío los datos de la cuenta de destino. Mantén esto de forma confidencial.

Saludos,
Dirección General",2026-07-13 11:32:41,1,Spear Phishing / CEO Fraud,0.876,"[""Suplantación de identidad ejecutiva (CEO Fraud)"", ""Petición de transferencia o pago urgente"", ""Solicitud de mantener secreto/confidencialidad"", ""Remitente spoofed o de correo gratuito""]"
1214,jorge.castro@gobierno.gob.ec,camila.castro@empresa.edu.ec,Solicitud de revisión de código - Pull Request #651,"Hola Camila Castro,

Adjunto el informe correspondiente a la reunión de seguimiento del proyecto Integración API REST. Por favor revisa los puntos acordados para la próxima entrega.

Saludos cordiales,
Jorge Castro",2025-10-04 01:06:49,0,Ninguno (Legítimo),0.131,[]
1215,andres.martinez@empresa.com,maria.martinez@empresa.edu.ec,Minuta de la reunión de planificación del sprint #968,"Estimado/a Maria Martinez,

Gracias por registrarse al taller sobre CSS Responsivo. Adjuntamos la agenda y los recursos de lectura previos.

Nos vemos pronto,
Comité Organizador",2026-06-10 13:17:45,0,Ninguno (Legítimo),0.098,[]
1216,andres.martinez@empresa.com,patricia.castro@empresa.com,Solicitud de revisión de código - Pull Request #419,"Hola equipo,

Les recordamos que este fin de semana realizaremos un mantenimiento preventivo en API REST. El servicio no estará disponible entre las 02:00 y las 04:00 AM.

Gracias por su comprensión.",2026-06-07 23:22:16,0,Ninguno (Legítimo),0.123,[]
1217,soporte@seguridad-cuenta-alert.online,jorge.castro@techcorp.com,URGENTE: Suspención temporal de su cuenta bancaria por actividad sospechosa,"Estimado cliente,

Hemos detectado un intento de acceso no autorizado a su cuenta desde una dirección IP desconocida. Por su seguridad, hemos restringido temporalmente sus operaciones.

Para desbloquear su cuenta inmediatamente, ingrese a nuestro portal de verificación segura en el siguiente enlace:
http://seguridad-cuenta-alert.online/login-verificacion?id=72620

Si no verifica sus datos en las próximas 24 horas, su cuenta será bloqueada permanentemente.

Atentamente,
Departamento de Seguridad Bancaria",2025-11-04 06:20:38,1,Credential Harvesting,0.98,"[""Urgencia extrema o amenaza de bloqueo"", ""Enlace a dominio no oficial"", ""Saludo genérico (Estimado cliente)"", ""Uso de protocolo HTTP no seguro""]"
1218,luis.fernandez@bancorivera.com,maria.rodriguez@servicio-cliente.com,Resumen semanal de actividades del equipo Infraestructura,"Hola equipo,

Les recordamos que este fin de semana realizaremos un mantenimiento preventivo en Servicio de Autenticación. El servicio no estará disponible entre las 02:00 y las 04:00 AM.

Gracias por su comprensión.",2025-09-23 20:47:20,0,Ninguno (Legítimo),0.045,[]
1219,gabriel.sanchez@bancorivera.com,maria.morales@gobierno.gob.ec,Consulta sobre la entrega del módulo HTML5 Semántico,"Hola Maria Morales,

¿Tendrás un espacio hoy para revisar las dudas sobre el módulo HTML5 Semántico? Quedo atento a tus comentarios.

Saludos,
Gabriel Sanchez",2026-07-29 12:34:44,0,Ninguno (Legítimo),0.052,[]
1220,notificaciones-logisticaexpress@logistica-express-rastreo.info,fernando.lopez@bancorivera.com,Notificación de entrega fallida - Su paquete #59157 requiere pago de arancel,"Estimado usuario,

Su paquete con número de rastreo #59157 no pudo ser entregado debido a una dirección incompleta y un saldo pendiente de arancel ($2.99 USD).

Actualice su dirección y realice el pago en el enlace oficial:
https://logistica-express-rastreo.info/rastreo/actualizar?track=59157

De no realizar el pago hoy, el paquete será devuelto al remitente.",2026-05-31 05:07:49,1,Package Delivery Scam,0.918,"[""Cobro pequeñito no esperado ($2.99)"", ""Dominio de rastreo falso"", ""Urgencia en la entrega del paquete""]"
1221,gabriel.mendoza@empresa.com,camila.fernandez@bancorivera.com,Invitación: Taller sobre JavaScript Moderno ES6+,"Estimado/a Camila Fernandez,

Gracias por registrarse al taller sobre JavaScript Moderno ES6+. Adjuntamos la agenda y los recursos de lectura previos.

Nos vemos pronto,
Comité Organizador",2026-04-11 23:42:16,0,Ninguno (Legítimo),0.116,[]
1222,gabriel.perez@logisticaexpress.com,andres.mendoza@gobierno.gob.ec,Minuta de la reunión de planificación del sprint #924,"Hola equipo,

Les recordamos que este fin de semana realizaremos un mantenimiento preventivo en Servicio de Autenticación. El servicio no estará disponible entre las 02:00 y las 04:00 AM.

Gracias por su comprensión.",2025-09-16 04:47:49,0,Ninguno (Legítimo),0.046,[]
1223,gabriel.castro@gobierno.gob.ec,elena.mendoza@empresa.com,Reunión de seguimiento - Proyecto Diseño UX/UI,"Hola Elena Mendoza,

Adjunto el informe correspondiente a la reunión de seguimiento del proyecto Diseño UX/UI. Por favor revisa los puntos acordados para la próxima entrega.

Saludos cordiales,
Gabriel Castro",2026-03-15 12:45:45,0,Ninguno (Legítimo),0.107,[]
1224,sofia.lopez@servicio-cliente.com,maria.lopez@techcorp.com,Consulta sobre la entrega del módulo JavaScript Moderno ES6+,"Hola Maria Lopez,

¿Tendrás un espacio hoy para revisar las dudas sobre el módulo JavaScript Moderno ES6+? Quedo atento a tus comentarios.

Saludos,
Sofia Lopez",2025-11-22 14:47:56,0,Ninguno (Legítimo),0.019,[]
1225,notificaciones-logisticaexpress@soporte-urgente-banco.xyz,fernando.castro@empresa.edu.ec,URGENTE: Suspención temporal de su cuenta bancaria por actividad sospechosa,"Estimado cliente,

Hemos detectado un intento de acceso no autorizado a su cuenta desde una dirección IP desconocida. Por su seguridad, hemos restringido temporalmente sus operaciones.

Para desbloquear su cuenta inmediatamente, ingrese a nuestro portal de verificación segura en el siguiente enlace:
http://soporte-urgente-banco.xyz/login-verificacion?id=75976

Si no verifica sus datos en las próximas 24 horas, su cuenta será bloqueada permanentemente.

Atentamente,
Departamento de Seguridad Bancaria",2025-10-11 14:26:23,1,Credential Harvesting,0.922,"[""Urgencia extrema o amenaza de bloqueo"", ""Enlace a dominio no oficial"", ""Saludo genérico (Estimado cliente)"", ""Uso de protocolo HTTP no seguro""]"
1226,roberto.torres@servicio-cliente.com,carlos.rodriguez@servicio-cliente.com,Minuta de la reunión de planificación del sprint #230,"Hola equipo,

Les recordamos que este fin de semana realizaremos un mantenimiento preventivo en Base de Datos. El servicio no estará disponible entre las 02:00 y las 04:00 AM.

Gracias por su comprensión.",2025-10-01 08:13:22,0,Ninguno (Legítimo),0.072,[]
1227,fernando.rios@techcorp.com,andres.lopez@empresa.com,Consulta sobre la entrega del módulo HTML5 Semántico,"Hola Andres Lopez,

¿Tendrás un espacio hoy para revisar las dudas sobre el módulo HTML5 Semántico? Quedo atento a tus comentarios.

Saludos,
Fernando Rios",2025-09-07 17:56:48,0,Ninguno (Legítimo),0.045,[]
1228,roberto.rios@bancorivera.com,patricia.fernandez@mail.com,Informe mensual de rendimiento de la plataforma,"Estimado/a Patricia Fernandez,

Le confirmamos que hemos procesado la factura #667. Puede consultar el detalle en su panel de usuario de nuestra plataforma.

Atentamente,
Equipo de Contabilidad",2026-05-04 20:27:26,0,Ninguno (Legítimo),0.053,[]
1229,soporte@banc0-verificacion-segura.com,gabriel.martinez@mail.com,Notificación de entrega fallida - Su paquete #14120 requiere pago de arancel,"Estimado usuario,

Su paquete con número de rastreo #14120 no pudo ser entregado debido a una dirección incompleta y un saldo pendiente de arancel ($2.99 USD).

Actualice su dirección y realice el pago en el enlace oficial:
https://banc0-verificacion-segura.com/rastreo/actualizar?track=14120

De no realizar el pago hoy, el paquete será devuelto al remitente.",2026-06-13 16:28:02,1,Package Delivery Scam,0.904,"[""Cobro pequeñito no esperado ($2.99)"", ""Dominio de rastreo falso"", ""Urgencia en la entrega del paquete""]"
1230,soporte@banc0-verificacion-segura.com,jorge.rios@logisticaexpress.com,URGENTE: Suspención temporal de su cuenta bancaria por actividad sospechosa,"Estimado cliente,

Hemos detectado un intento de acceso no autorizado a su cuenta desde una dirección IP desconocida. Por su seguridad, hemos restringido temporalmente sus operaciones.

Para desbloquear su cuenta inmediatamente, ingrese a nuestro portal de verificación segura en el siguiente enlace:
http://banc0-verificacion-segura.com/login-verificacion?id=28342

Si no verifica sus datos en las próximas 24 horas, su cuenta será bloqueada permanentemente.

Atentamente,
Departamento de Seguridad Bancaria",2026-04-28 20:19:33,1,Credential Harvesting,0.95,"[""Urgencia extrema o amenaza de bloqueo"", ""Enlace a dominio no oficial"", ""Saludo genérico (Estimado cliente)"", ""Uso de protocolo HTTP no seguro""]"
1231,andres.torres@empresa.com,camila.vargas@empresa.edu.ec,Resumen semanal de actividades del equipo Infraestructura,"Estimado/a Camila Vargas,

Le confirmamos que hemos procesado la factura #348. Puede consultar el detalle en su panel de usuario de nuestra plataforma.

Atentamente,
Equipo de Contabilidad",2026-06-04 06:23:00,0,Ninguno (Legítimo),0.131,[]
1232,carlos.vargas@bancorivera.com,luis.torres@mail.com,Factura de servicio #721 de Junio,"Estimado/a Luis Torres,

Le confirmamos que hemos procesado la factura #721. Puede consultar el detalle en su panel de usuario de nuestra plataforma.

Atentamente,
Equipo de Contabilidad",2026-03-14 14:10:45,0,Ninguno (Legítimo),0.015,[]
1233,gabriel.rios@logisticaexpress.com,jorge.martinez@logisticaexpress.com,Invitación: Taller sobre HTML5 Semántico,"Estimado/a Jorge Martinez,

Gracias por registrarse al taller sobre HTML5 Semántico. Adjuntamos la agenda y los recursos de lectura previos.

Nos vemos pronto,
Comité Organizador",2025-12-27 19:49:58,0,Ninguno (Legítimo),0.081,[]
1234,fernando.martinez@mail.com,lucia.lopez@gobierno.gob.ec,Invitación: Taller sobre HTML5 Semántico,"Hola Lucia Lopez,

Adjunto el informe correspondiente a la reunión de seguimiento del proyecto Diseño UX/UI. Por favor revisa los puntos acordados para la próxima entrega.

Saludos cordiales,
Fernando Martinez",2025-10-05 23:28:23,0,Ninguno (Legítimo),0.077,[]
1235,patricia.vargas@empresa.edu.ec,maria.gomez@mail.com,Recordatorio: Mantenimiento programado de API REST,"Estimado/a Maria Gomez,

Gracias por registrarse al taller sobre WCAG 2.2 y ARIA. Adjuntamos la agenda y los recursos de lectura previos.

Nos vemos pronto,
Comité Organizador",2026-04-20 04:06:53,0,Ninguno (Legítimo),0.123,[]
1236,sofia.sanchez@servicio-cliente.com,jorge.mendoza@bancorivera.com,Solicitud de revisión de código - Pull Request #819,"Estimado/a Jorge Mendoza,

Le confirmamos que hemos procesado la factura #819. Puede consultar el detalle en su panel de usuario de nuestra plataforma.

Atentamente,
Equipo de Contabilidad",2026-04-07 05:20:50,0,Ninguno (Legítimo),0.046,[]
1237,notificaciones-globalnet@soporte-urgente-banco.xyz,roberto.castro@gobierno.gob.ec,Solicitud urgente de transferencia de fondos - Confidencial,"Hola Roberto Castro,

Me encuentro en una reunión ejecutiva sin acceso a llamadas. Necesito que proceses con urgencia una transferencia bancaria para la adquisición de licencias internacionales.

Por favor confirma si puedes hacer el pago ahora mismo y te envío los datos de la cuenta de destino. Mantén esto de forma confidencial.

Saludos,
Dirección General",2025-10-17 05:46:49,1,Spear Phishing / CEO Fraud,0.89,"[""Suplantación de identidad ejecutiva (CEO Fraud)"", ""Petición de transferencia o pago urgente"", ""Solicitud de mantener secreto/confidencialidad"", ""Remitente spoofed o de correo gratuito""]"
1238,jorge.rodriguez@servicio-cliente.com,patricia.perez@empresa.edu.ec,Reunión de seguimiento - Proyecto Migración a la Nube,"Hola Patricia Perez,

¿Tendrás un espacio hoy para revisar las dudas sobre el módulo WCAG 2.2 y ARIA? Quedo atento a tus comentarios.

Saludos,
Jorge Rodriguez",2025-11-24 02:59:09,0,Ninguno (Legítimo),0.139,[]
1239,ana.rios@empresa.edu.ec,elena.lopez@empresa.edu.ec,Reunión de seguimiento - Proyecto Migración a la Nube,"Hola Elena Lopez,

¿Tendrás un espacio hoy para revisar las dudas sobre el módulo CSS Responsivo? Quedo atento a tus comentarios.

Saludos,
Ana Rios",2026-06-13 15:43:19,0,Ninguno (Legítimo),0.064,[]
1240,roberto.rodriguez@bancorivera.com,carlos.morales@servicio-cliente.com,Minuta de la reunión de planificación del sprint #185,"Hola equipo,

Les recordamos que este fin de semana realizaremos un mantenimiento preventivo en API REST. El servicio no estará disponible entre las 02:00 y las 04:00 AM.

Gracias por su comprensión.",2025-10-29 09:38:58,0,Ninguno (Legítimo),0.019,[]
1241,luis.ramirez@bancorivera.com,gabriel.vargas@logisticaexpress.com,Informe mensual de rendimiento de la plataforma,"Hola equipo,

Les recordamos que este fin de semana realizaremos un mantenimiento preventivo en Base de Datos. El servicio no estará disponible entre las 02:00 y las 04:00 AM.

Gracias por su comprensión.",2026-06-11 18:32:07,0,Ninguno (Legítimo),0.067,[]
1242,carlos.torres@empresa.com,ana.gomez@logisticaexpress.com,Recordatorio: Mantenimiento programado de API REST,"Estimado/a Ana Gomez,

Gracias por registrarse al taller sobre JavaScript Moderno ES6+. Adjuntamos la agenda y los recursos de lectura previos.

Nos vemos pronto,
Comité Organizador",2026-02-09 11:33:20,0,Ninguno (Legítimo),0.127,[]
1243,valentina.martinez@empresa.edu.ec,valentina.fernandez@empresa.com,Factura de servicio #113 de Diciembre,"Hola Valentina Fernandez,

Adjunto el informe correspondiente a la reunión de seguimiento del proyecto Diseño UX/UI. Por favor revisa los puntos acordados para la próxima entrega.

Saludos cordiales,
Valentina Martinez",2026-08-19 09:40:39,0,Ninguno (Legítimo),0.109,[]
1244,gabriel.rodriguez@empresa.com,carlos.mendoza@servicio-cliente.com,Solicitud de revisión de código - Pull Request #937,"Hola Carlos Mendoza,

¿Tendrás un espacio hoy para revisar las dudas sobre el módulo JavaScript Moderno ES6+? Quedo atento a tus comentarios.

Saludos,
Gabriel Rodriguez",2025-12-25 18:16:27,0,Ninguno (Legítimo),0.012,[]
1245,sofia.morales@techcorp.com,valentina.morales@logisticaexpress.com,Consulta sobre la entrega del módulo WCAG 2.2 y ARIA,"Hola Valentina Morales,

¿Tendrás un espacio hoy para revisar las dudas sobre el módulo WCAG 2.2 y ARIA? Quedo atento a tus comentarios.

Saludos,
Sofia Morales",2025-12-09 23:39:07,0,Ninguno (Legítimo),0.074,[]
1246,notificaciones-megamarket@verificate-ahora-login.org,valentina.morales@empresa.edu.ec,Factura vencida #99407 - Notificación final de cobro judicial,"Estimado/a Valentina Morales,

Adjunto enviamos la factura vencida #99407 correspondiente al último periodo de facturación. Si el pago no se registra hoy, iniciaremos el proceso de cobro judicial.

Descargue y revise el archivo adjunto 'Factura_Vencida_99407.exe' o 'Factura_Detalle.zip' para cancelar el saldo.

Atentamente,
Departamento de Cobranzas",2025-12-30 03:39:30,1,Fake Invoice / Malware Attachment,0.888,"[""Extensión de archivo adjunto peligrosa (.exe, .zip, .js)"", ""Amenaza de acciones legales o judiciales"", ""Remitente desconocido exigiendo pago""]"
1247,soporte@verificate-ahora-login.org,elena.sanchez@servicio-cliente.com,URGENTE: Suspención temporal de su cuenta bancaria por actividad sospechosa,"Estimado cliente,

Hemos detectado un intento de acceso no autorizado a su cuenta desde una dirección IP desconocida. Por su seguridad, hemos restringido temporalmente sus operaciones.

Para desbloquear su cuenta inmediatamente, ingrese a nuestro portal de verificación segura en el siguiente enlace:
http://verificate-ahora-login.org/login-verificacion?id=69568

Si no verifica sus datos en las próximas 24 horas, su cuenta será bloqueada permanentemente.

Atentamente,
Departamento de Seguridad Bancaria",2026-06-30 23:36:37,1,Credential Harvesting,0.933,"[""Urgencia extrema o amenaza de bloqueo"", ""Enlace a dominio no oficial"", ""Saludo genérico (Estimado cliente)"", ""Uso de protocolo HTTP no seguro""]"
1248,soporte@seguridad-cuenta-alert.online,valentina.castro@mail.com,Factura vencida #92714 - Notificación final de cobro judicial,"Estimado/a Valentina Castro,

Adjunto enviamos la factura vencida #92714 correspondiente al último periodo de facturación. Si el pago no se registra hoy, iniciaremos el proceso de cobro judicial.

Descargue y revise el archivo adjunto 'Factura_Vencida_92714.exe' o 'Factura_Detalle.zip' para cancelar el saldo.

Atentamente,
Departamento de Cobranzas",2025-10-15 12:49:53,1,Fake Invoice / Malware Attachment,0.913,"[""Extensión de archivo adjunto peligrosa (.exe, .zip, .js)"", ""Amenaza de acciones legales o judiciales"", ""Remitente desconocido exigiendo pago""]"
1249,notificaciones-cloudservices@soporte-urgente-banco.xyz,lucia.lopez@empresa.edu.ec,Factura vencida #53989 - Notificación final de cobro judicial,"Estimado/a Lucia Lopez,

Adjunto enviamos la factura vencida #53989 correspondiente al último periodo de facturación. Si el pago no se registra hoy, iniciaremos el proceso de cobro judicial.

Descargue y revise el archivo adjunto 'Factura_Vencida_53989.exe' o 'Factura_Detalle.zip' para cancelar el saldo.

Atentamente,
Departamento de Cobranzas",2025-09-04 04:48:45,1,Fake Invoice / Malware Attachment,0.893,"[""Extensión de archivo adjunto peligrosa (.exe, .zip, .js)"", ""Amenaza de acciones legales o judiciales"", ""Remitente desconocido exigiendo pago""]"
1250,roberto.ramirez@techcorp.com,jorge.torres@gobierno.gob.ec,Factura de servicio #198 de Febrero,"Hola Jorge Torres,

¿Tendrás un espacio hoy para revisar las dudas sobre el módulo WCAG 2.2 y ARIA? Quedo atento a tus comentarios.

Saludos,
Roberto Ramirez",2026-01-27 11:17:04,0,Ninguno (Legítimo),0.11,[]
1251,jorge.ramirez@servicio-cliente.com,fernando.lopez@techcorp.com,Confirmación de registro al evento Integración API REST,"Hola equipo,

Les recordamos que este fin de semana realizaremos un mantenimiento preventivo en Servicio de Autenticación. El servicio no estará disponible entre las 02:00 y las 04:00 AM.

Gracias por su comprensión.",2025-11-10 23:51:53,0,Ninguno (Legítimo),0.111,[]
1252,lucia.torres@bancorivera.com,lucia.vargas@gobierno.gob.ec,Confirmación de registro al evento Integración API REST,"Estimado/a Lucia Vargas,

Le confirmamos que hemos procesado la factura #545. Puede consultar el detalle en su panel de usuario de nuestra plataforma.

Atentamente,
Equipo de Contabilidad",2025-11-07 11:49:53,0,Ninguno (Legítimo),0.128,[]
1253,luis.vargas@empresa.com,carlos.castro@bancorivera.com,Resumen semanal de actividades del equipo Desarrollo,"Estimado/a Carlos Castro,

Le confirmamos que hemos procesado la factura #821. Puede consultar el detalle en su panel de usuario de nuestra plataforma.

Atentamente,
Equipo de Contabilidad",2025-09-02 04:55:03,0,Ninguno (Legítimo),0.04,[]
1254,soporte@banc0-verificacion-segura.com,elena.morales@mail.com,Notificación de entrega fallida - Su paquete #17656 requiere pago de arancel,"Estimado usuario,

Su paquete con número de rastreo #17656 no pudo ser entregado debido a una dirección incompleta y un saldo pendiente de arancel ($2.99 USD).

Actualice su dirección y realice el pago en el enlace oficial:
https://banc0-verificacion-segura.com/rastreo/actualizar?track=17656

De no realizar el pago hoy, el paquete será devuelto al remitente.",2026-04-29 14:28:01,1,Package Delivery Scam,0.904,"[""Cobro pequeñito no esperado ($2.99)"", ""Dominio de rastreo falso"", ""Urgencia en la entrega del paquete""]"
1255,andres.perez@empresa.edu.ec,elena.castro@gobierno.gob.ec,Recordatorio: Mantenimiento programado de API REST,"Hola Elena Castro,

Adjunto el informe correspondiente a la reunión de seguimiento del proyecto Plataforma Web. Por favor revisa los puntos acordados para la próxima entrega.

Saludos cordiales,
Andres Perez",2026-05-23 14:39:15,0,Ninguno (Legítimo),0.018,[]
1256,lucia.gomez@techcorp.com,ana.rodriguez@empresa.edu.ec,Informe mensual de rendimiento de la plataforma,"Hola Ana Rodriguez,

Adjunto el informe correspondiente a la reunión de seguimiento del proyecto Plataforma Web. Por favor revisa los puntos acordados para la próxima entrega.

Saludos cordiales,
Lucia Gomez",2026-06-16 07:21:20,0,Ninguno (Legítimo),0.115,[]
1257,soporte@banc0-verificacion-segura.com,andres.gomez@techcorp.com,Solicitud urgente de transferencia de fondos - Confidencial,"Hola Andres Gomez,

Me encuentro en una reunión ejecutiva sin acceso a llamadas. Necesito que proceses con urgencia una transferencia bancaria para la adquisición de licencias internacionales.

Por favor confirma si puedes hacer el pago ahora mismo y te envío los datos de la cuenta de destino. Mantén esto de forma confidencial.

Saludos,
Dirección General",2026-03-05 16:16:47,1,Spear Phishing / CEO Fraud,0.853,"[""Suplantación de identidad ejecutiva (CEO Fraud)"", ""Petición de transferencia o pago urgente"", ""Solicitud de mantener secreto/confidencialidad"", ""Remitente spoofed o de correo gratuito""]"
1258,notificaciones-cloudservices@verificate-ahora-login.org,camila.martinez@empresa.edu.ec,Su contraseña de correo expira hoy - Conserve su acceso,"Estimado usuario de CloudServices,

Su contraseña expirará en 2 horas. Para mantener su contraseña actual y no perder el acceso a sus correos institucionales, valide sus credenciales en el portal interno:

https://verificate-ahora-login.org/portal/reset-password

Soporte IT / TI",2025-09-08 08:10:03,1,Password Reset / Tech Support Scam,0.854,"[""Falsa expiración inminente de contraseña"", ""Portal de contraseña en dominio externo"", ""Sin personalización del nombre del usuario""]"
1259,valentina.sanchez@techcorp.com,andres.fernandez@logisticaexpress.com,Solicitud de revisión de código - Pull Request #363,"Hola Andres Fernandez,

Adjunto el informe correspondiente a la reunión de seguimiento del proyecto Auditoría de Seguridad. Por favor revisa los puntos acordados para la próxima entrega.

Saludos cordiales,
Valentina Sanchez",2026-06-19 03:00:06,0,Ninguno (Legítimo),0.144,[]
1260,luis.perez@empresa.edu.ec,camila.perez@gobierno.gob.ec,Reunión de seguimiento - Proyecto Auditoría de Seguridad,"Hola Camila Perez,

¿Tendrás un espacio hoy para revisar las dudas sobre el módulo HTML5 Semántico? Quedo atento a tus comentarios.

Saludos,
Luis Perez",2026-05-22 13:08:34,0,Ninguno (Legítimo),0.066,[]
1261,andres.martinez@logisticaexpress.com,sofia.perez@mail.com,Confirmación de registro al evento Migración a la Nube,"Hola Sofia Perez,

¿Tendrás un espacio hoy para revisar las dudas sobre el módulo Arquitectura Cliente-Servidor? Quedo atento a tus comentarios.

Saludos,
Andres Martinez",2025-10-07 01:02:57,0,Ninguno (Legítimo),0.071,[]
1262,sofia.morales@logisticaexpress.com,patricia.castro@gobierno.gob.ec,Minuta de la reunión de planificación del sprint #410,"Hola equipo,

Les recordamos que este fin de semana realizaremos un mantenimiento preventivo en Base de Datos. El servicio no estará disponible entre las 02:00 y las 04:00 AM.

Gracias por su comprensión.",2026-04-18 15:03:16,0,Ninguno (Legítimo),0.067,[]
1263,soporte@soporte-urgente-banco.xyz,gabriel.gomez@servicio-cliente.com,Factura vencida #16569 - Notificación final de cobro judicial,"Estimado/a Gabriel Gomez,

Adjunto enviamos la factura vencida #16569 correspondiente al último periodo de facturación. Si el pago no se registra hoy, iniciaremos el proceso de cobro judicial.

Descargue y revise el archivo adjunto 'Factura_Vencida_16569.exe' o 'Factura_Detalle.zip' para cancelar el saldo.

Atentamente,
Departamento de Cobranzas",2025-09-25 20:02:44,1,Fake Invoice / Malware Attachment,0.948,"[""Extensión de archivo adjunto peligrosa (.exe, .zip, .js)"", ""Amenaza de acciones legales o judiciales"", ""Remitente desconocido exigiendo pago""]"
1264,carlos.ramirez@bancorivera.com,elena.perez@techcorp.com,Minuta de la reunión de planificación del sprint #441,"Hola equipo,

Les recordamos que este fin de semana realizaremos un mantenimiento preventivo en Servidor Node.js. El servicio no estará disponible entre las 02:00 y las 04:00 AM.

Gracias por su comprensión.",2026-03-06 22:27:24,0,Ninguno (Legítimo),0.112,[]
1265,maria.torres@empresa.com,patricia.rodriguez@empresa.edu.ec,Factura de servicio #715 de Diciembre,"Estimado/a Patricia Rodriguez,

Gracias por registrarse al taller sobre CSS Responsivo. Adjuntamos la agenda y los recursos de lectura previos.

Nos vemos pronto,
Comité Organizador",2026-07-05 11:42:12,0,Ninguno (Legítimo),0.105,[]
1266,notificaciones-cloudservices@techcorp-admin-portal.tk,elena.vargas@bancorivera.com,Factura vencida #91393 - Notificación final de cobro judicial,"Estimado/a Elena Vargas,

Adjunto enviamos la factura vencida #91393 correspondiente al último periodo de facturación. Si el pago no se registra hoy, iniciaremos el proceso de cobro judicial.

Descargue y revise el archivo adjunto 'Factura_Vencida_91393.exe' o 'Factura_Detalle.zip' para cancelar el saldo.

Atentamente,
Departamento de Cobranzas",2026-08-26 14:26:59,1,Fake Invoice / Malware Attachment,0.915,"[""Extensión de archivo adjunto peligrosa (.exe, .zip, .js)"", ""Amenaza de acciones legales o judiciales"", ""Remitente desconocido exigiendo pago""]"
1267,jorge.lopez@servicio-cliente.com,elena.gomez@empresa.edu.ec,Confirmación de registro al evento Integración API REST,"Estimado/a Elena Gomez,

Gracias por registrarse al taller sobre JavaScript Moderno ES6+. Adjuntamos la agenda y los recursos de lectura previos.

Nos vemos pronto,
Comité Organizador",2026-01-16 11:01:39,0,Ninguno (Legítimo),0.116,[]
1268,diego.rios@techcorp.com,gabriel.rodriguez@mail.com,Confirmación de registro al evento Integración API REST,"Hola Gabriel Rodriguez,

Adjunto el informe correspondiente a la reunión de seguimiento del proyecto Integración API REST. Por favor revisa los puntos acordados para la próxima entrega.

Saludos cordiales,
Diego Rios",2025-09-26 10:52:26,0,Ninguno (Legítimo),0.071,[]
1269,notificaciones-banconacional@logistica-express-rastreo.info,andres.castro@logisticaexpress.com,Solicitud urgente de transferencia de fondos - Confidencial,"Hola Andres Castro,

Me encuentro en una reunión ejecutiva sin acceso a llamadas. Necesito que proceses con urgencia una transferencia bancaria para la adquisición de licencias internacionales.

Por favor confirma si puedes hacer el pago ahora mismo y te envío los datos de la cuenta de destino. Mantén esto de forma confidencial.

Saludos,
Dirección General",2026-05-11 11:38:13,1,Spear Phishing / CEO Fraud,0.9,"[""Suplantación de identidad ejecutiva (CEO Fraud)"", ""Petición de transferencia o pago urgente"", ""Solicitud de mantener secreto/confidencialidad"", ""Remitente spoofed o de correo gratuito""]"
1270,ana.gomez@empresa.com,carlos.perez@empresa.edu.ec,Invitación: Taller sobre CSS Responsivo,"Hola Carlos Perez,

¿Tendrás un espacio hoy para revisar las dudas sobre el módulo CSS Responsivo? Quedo atento a tus comentarios.

Saludos,
Ana Gomez",2026-03-08 07:26:39,0,Ninguno (Legítimo),0.027,[]
1271,soporte@verificate-ahora-login.org,diego.fernandez@bancorivera.com,Su contraseña de correo expira hoy - Conserve su acceso,"Estimado usuario de ServiPagos,

Su contraseña expirará en 2 horas. Para mantener su contraseña actual y no perder el acceso a sus correos institucionales, valide sus credenciales en el portal interno:

https://verificate-ahora-login.org/portal/reset-password

Soporte IT / TI",2025-11-04 09:08:39,1,Password Reset / Tech Support Scam,0.865,"[""Falsa expiración inminente de contraseña"", ""Portal de contraseña en dominio externo"", ""Sin personalización del nombre del usuario""]"
1272,lucia.sanchez@logisticaexpress.com,gabriel.ramirez@techcorp.com,Confirmación de registro al evento Integración API REST,"Estimado/a Gabriel Ramirez,

Gracias por registrarse al taller sobre JavaScript Moderno ES6+. Adjuntamos la agenda y los recursos de lectura previos.

Nos vemos pronto,
Comité Organizador",2025-10-19 16:03:36,0,Ninguno (Legítimo),0.02,[]
1273,soporte@verificate-ahora-login.org,carlos.vargas@bancorivera.com,Factura vencida #66160 - Notificación final de cobro judicial,"Estimado/a Carlos Vargas,

Adjunto enviamos la factura vencida #66160 correspondiente al último periodo de facturación. Si el pago no se registra hoy, iniciaremos el proceso de cobro judicial.

Descargue y revise el archivo adjunto 'Factura_Vencida_66160.exe' o 'Factura_Detalle.zip' para cancelar el saldo.

Atentamente,
Departamento de Cobranzas",2026-05-09 04:43:51,1,Fake Invoice / Malware Attachment,0.923,"[""Extensión de archivo adjunto peligrosa (.exe, .zip, .js)"", ""Amenaza de acciones legales o judiciales"", ""Remitente desconocido exigiendo pago""]"
1274,jorge.castro@logisticaexpress.com,patricia.torres@gobierno.gob.ec,Resumen semanal de actividades del equipo Infraestructura,"Hola Patricia Torres,

Adjunto el informe correspondiente a la reunión de seguimiento del proyecto Auditoría de Seguridad. Por favor revisa los puntos acordados para la próxima entrega.

Saludos cordiales,
Jorge Castro",2026-01-13 09:36:18,0,Ninguno (Legítimo),0.065,[]
1275,elena.vargas@mail.com,gabriel.gomez@logisticaexpress.com,Reunión de seguimiento - Proyecto Diseño UX/UI,"Estimado/a Gabriel Gomez,

Le confirmamos que hemos procesado la factura #174. Puede consultar el detalle en su panel de usuario de nuestra plataforma.

Atentamente,
Equipo de Contabilidad",2025-11-20 20:10:00,0,Ninguno (Legítimo),0.136,[]
1276,soporte@techcorp-admin-portal.tk,fernando.lopez@bancorivera.com,Solicitud urgente de transferencia de fondos - Confidencial,"Hola Fernando Lopez,

Me encuentro en una reunión ejecutiva sin acceso a llamadas. Necesito que proceses con urgencia una transferencia bancaria para la adquisición de licencias internacionales.

Por favor confirma si puedes hacer el pago ahora mismo y te envío los datos de la cuenta de destino. Mantén esto de forma confidencial.

Saludos,
Dirección General",2025-10-26 00:43:31,1,Spear Phishing / CEO Fraud,0.818,"[""Suplantación de identidad ejecutiva (CEO Fraud)"", ""Petición de transferencia o pago urgente"", ""Solicitud de mantener secreto/confidencialidad"", ""Remitente spoofed o de correo gratuito""]"
1277,ana.vargas@empresa.com,carlos.castro@bancorivera.com,Reunión de seguimiento - Proyecto Migración a la Nube,"Estimado/a Carlos Castro,

Le confirmamos que hemos procesado la factura #464. Puede consultar el detalle en su panel de usuario de nuestra plataforma.

Atentamente,
Equipo de Contabilidad",2025-10-19 10:32:21,0,Ninguno (Legítimo),0.012,[]
1278,patricia.mendoza@techcorp.com,roberto.fernandez@servicio-cliente.com,Solicitud de revisión de código - Pull Request #106,"Hola Roberto Fernandez,

¿Tendrás un espacio hoy para revisar las dudas sobre el módulo JavaScript Moderno ES6+? Quedo atento a tus comentarios.

Saludos,
Patricia Mendoza",2025-10-30 11:13:04,0,Ninguno (Legítimo),0.121,[]
1279,valentina.martinez@techcorp.com,elena.rodriguez@techcorp.com,Consulta sobre la entrega del módulo CSS Responsivo,"Estimado/a Elena Rodriguez,

Le confirmamos que hemos procesado la factura #147. Puede consultar el detalle en su panel de usuario de nuestra plataforma.

Atentamente,
Equipo de Contabilidad",2026-02-14 04:35:33,0,Ninguno (Legítimo),0.074,[]
1280,carlos.castro@techcorp.com,fernando.torres@servicio-cliente.com,Reunión de seguimiento - Proyecto Plataforma Web,"Hola Fernando Torres,

¿Tendrás un espacio hoy para revisar las dudas sobre el módulo HTML5 Semántico? Quedo atento a tus comentarios.

Saludos,
Carlos Castro",2025-12-05 10:49:49,0,Ninguno (Legítimo),0.011,[]
1281,notificaciones-servipagos@soporte-urgente-banco.xyz,maria.vargas@techcorp.com,URGENTE: Suspención temporal de su cuenta bancaria por actividad sospechosa,"Estimado cliente,

Hemos detectado un intento de acceso no autorizado a su cuenta desde una dirección IP desconocida. Por su seguridad, hemos restringido temporalmente sus operaciones.

Para desbloquear su cuenta inmediatamente, ingrese a nuestro portal de verificación segura en el siguiente enlace:
http://soporte-urgente-banco.xyz/login-verificacion?id=78738

Si no verifica sus datos en las próximas 24 horas, su cuenta será bloqueada permanentemente.

Atentamente,
Departamento de Seguridad Bancaria",2026-08-25 14:07:32,1,Credential Harvesting,0.977,"[""Urgencia extrema o amenaza de bloqueo"", ""Enlace a dominio no oficial"", ""Saludo genérico (Estimado cliente)"", ""Uso de protocolo HTTP no seguro""]"
1282,maria.morales@empresa.com,maria.fernandez@empresa.edu.ec,Resumen semanal de actividades del equipo Recursos Humanos,"Hola Maria Fernandez,

¿Tendrás un espacio hoy para revisar las dudas sobre el módulo JavaScript Moderno ES6+? Quedo atento a tus comentarios.

Saludos,
Maria Morales",2026-08-18 21:19:37,0,Ninguno (Legítimo),0.115,[]
1283,ana.mendoza@mail.com,maria.fernandez@bancorivera.com,Resumen semanal de actividades del equipo Desarrollo,"Estimado/a Maria Fernandez,

Gracias por registrarse al taller sobre WCAG 2.2 y ARIA. Adjuntamos la agenda y los recursos de lectura previos.

Nos vemos pronto,
Comité Organizador",2026-04-29 14:05:51,0,Ninguno (Legítimo),0.095,[]
1284,notificaciones-servipagos@soporte-urgente-banco.xyz,elena.mendoza@gobierno.gob.ec,Notificación de entrega fallida - Su paquete #17001 requiere pago de arancel,"Estimado usuario,

Su paquete con número de rastreo #17001 no pudo ser entregado debido a una dirección incompleta y un saldo pendiente de arancel ($2.99 USD).

Actualice su dirección y realice el pago en el enlace oficial:
https://soporte-urgente-banco.xyz/rastreo/actualizar?track=17001

De no realizar el pago hoy, el paquete será devuelto al remitente.",2026-06-26 01:27:41,1,Package Delivery Scam,0.822,"[""Cobro pequeñito no esperado ($2.99)"", ""Dominio de rastreo falso"", ""Urgencia en la entrega del paquete""]"
1285,diego.ramirez@gobierno.gob.ec,carlos.gomez@techcorp.com,Minuta de la reunión de planificación del sprint #230,"Hola Carlos Gomez,

Adjunto el informe correspondiente a la reunión de seguimiento del proyecto Migración a la Nube. Por favor revisa los puntos acordados para la próxima entrega.

Saludos cordiales,
Diego Ramirez",2026-05-03 13:55:00,0,Ninguno (Legítimo),0.049,[]
1286,maria.rodriguez@empresa.com,diego.castro@techcorp.com,Confirmación de registro al evento Integración API REST,"Hola Diego Castro,

Adjunto el informe correspondiente a la reunión de seguimiento del proyecto Integración API REST. Por favor revisa los puntos acordados para la próxima entrega.

Saludos cordiales,
Maria Rodriguez",2026-01-22 07:50:30,0,Ninguno (Legítimo),0.028,[]
1287,jorge.castro@servicio-cliente.com,jorge.perez@techcorp.com,Informe mensual de rendimiento de la plataforma,"Estimado/a Jorge Perez,

Le confirmamos que hemos procesado la factura #467. Puede consultar el detalle en su panel de usuario de nuestra plataforma.

Atentamente,
Equipo de Contabilidad",2025-09-26 18:05:06,0,Ninguno (Legítimo),0.016,[]
1288,ana.fernandez@gobierno.gob.ec,luis.fernandez@mail.com,Consulta sobre la entrega del módulo HTML5 Semántico,"Estimado/a Luis Fernandez,

Gracias por registrarse al taller sobre HTML5 Semántico. Adjuntamos la agenda y los recursos de lectura previos.

Nos vemos pronto,
Comité Organizador",2025-11-07 02:19:33,0,Ninguno (Legítimo),0.074,[]
1289,carlos.vargas@techcorp.com,patricia.lopez@empresa.edu.ec,Solicitud de revisión de código - Pull Request #191,"Hola Patricia Lopez,

¿Tendrás un espacio hoy para revisar las dudas sobre el módulo HTML5 Semántico? Quedo atento a tus comentarios.

Saludos,
Carlos Vargas",2026-06-27 11:29:36,0,Ninguno (Legítimo),0.016,[]
1290,fernando.perez@gobierno.gob.ec,diego.rodriguez@bancorivera.com,Factura de servicio #734 de Octubre,"Hola Diego Rodriguez,

Adjunto el informe correspondiente a la reunión de seguimiento del proyecto Diseño UX/UI. Por favor revisa los puntos acordados para la próxima entrega.

Saludos cordiales,
Fernando Perez",2026-06-27 03:19:44,0,Ninguno (Legítimo),0.122,[]
1291,notificaciones-cloudservices@logistica-express-rastreo.info,camila.gomez@bancorivera.com,Notificación de entrega fallida - Su paquete #83030 requiere pago de arancel,"Estimado usuario,

Su paquete con número de rastreo #83030 no pudo ser entregado debido a una dirección incompleta y un saldo pendiente de arancel ($2.99 USD).

Actualice su dirección y realice el pago en el enlace oficial:
https://logistica-express-rastreo.info/rastreo/actualizar?track=83030

De no realizar el pago hoy, el paquete será devuelto al remitente.",2025-10-31 23:17:03,1,Package Delivery Scam,0.867,"[""Cobro pequeñito no esperado ($2.99)"", ""Dominio de rastreo falso"", ""Urgencia en la entrega del paquete""]"
1292,roberto.lopez@empresa.edu.ec,ana.fernandez@logisticaexpress.com,Solicitud de revisión de código - Pull Request #624,"Hola Ana Fernandez,

¿Tendrás un espacio hoy para revisar las dudas sobre el módulo JavaScript Moderno ES6+? Quedo atento a tus comentarios.

Saludos,
Roberto Lopez",2026-03-22 00:45:59,0,Ninguno (Legítimo),0.05,[]
1293,roberto.perez@gobierno.gob.ec,ana.torres@empresa.com,Solicitud de revisión de código - Pull Request #888,"Hola equipo,

Les recordamos que este fin de semana realizaremos un mantenimiento preventivo en Servicio de Autenticación. El servicio no estará disponible entre las 02:00 y las 04:00 AM.

Gracias por su comprensión.",2026-01-09 18:56:27,0,Ninguno (Legítimo),0.101,[]
1294,roberto.lopez@empresa.com,jorge.rios@techcorp.com,Factura de servicio #190 de Julio,"Estimado/a Jorge Rios,

Le confirmamos que hemos procesado la factura #190. Puede consultar el detalle en su panel de usuario de nuestra plataforma.

Atentamente,
Equipo de Contabilidad",2026-04-21 14:54:33,0,Ninguno (Legítimo),0.139,[]
1295,maria.vargas@bancorivera.com,gabriel.martinez@techcorp.com,Minuta de la reunión de planificación del sprint #852,"Estimado/a Gabriel Martinez,

Le confirmamos que hemos procesado la factura #852. Puede consultar el detalle en su panel de usuario de nuestra plataforma.

Atentamente,
Equipo de Contabilidad",2026-08-03 04:11:59,0,Ninguno (Legítimo),0.1,[]
1296,diego.morales@mail.com,roberto.martinez@logisticaexpress.com,Resumen semanal de actividades del equipo Ciberseguridad,"Hola Roberto Martinez,

Adjunto el informe correspondiente a la reunión de seguimiento del proyecto Auditoría de Seguridad. Por favor revisa los puntos acordados para la próxima entrega.

Saludos cordiales,
Diego Morales",2026-08-31 11:04:53,0,Ninguno (Legítimo),0.061,[]
1297,notificaciones-cloudservices@banc0-verificacion-segura.com,diego.rios@bancorivera.com,Solicitud urgente de transferencia de fondos - Confidencial,"Hola Diego Rios,

Me encuentro en una reunión ejecutiva sin acceso a llamadas. Necesito que proceses con urgencia una transferencia bancaria para la adquisición de licencias internacionales.

Por favor confirma si puedes hacer el pago ahora mismo y te envío los datos de la cuenta de destino. Mantén esto de forma confidencial.

Saludos,
Dirección General",2026-01-04 17:29:35,1,Spear Phishing / CEO Fraud,0.87,"[""Suplantación de identidad ejecutiva (CEO Fraud)"", ""Petición de transferencia o pago urgente"", ""Solicitud de mantener secreto/confidencialidad"", ""Remitente spoofed o de correo gratuito""]"
1298,roberto.castro@gobierno.gob.ec,lucia.rios@servicio-cliente.com,Informe mensual de rendimiento de la plataforma,"Hola equipo,

Les recordamos que este fin de semana realizaremos un mantenimiento preventivo en API REST. El servicio no estará disponible entre las 02:00 y las 04:00 AM.

Gracias por su comprensión.",2026-03-11 17:43:26,0,Ninguno (Legítimo),0.145,[]
1299,roberto.mendoza@empresa.edu.ec,fernando.fernandez@empresa.com,Consulta sobre la entrega del módulo CSS Responsivo,"Hola equipo,

Les recordamos que este fin de semana realizaremos un mantenimiento preventivo en Servidor Node.js. El servicio no estará disponible entre las 02:00 y las 04:00 AM.

Gracias por su comprensión.",2026-06-17 01:11:30,0,Ninguno (Legítimo),0.062,[]
1300,luis.rios@mail.com,gabriel.rios@gobierno.gob.ec,Recordatorio: Mantenimiento programado de Base de Datos,"Hola Gabriel Rios,

¿Tendrás un espacio hoy para revisar las dudas sobre el módulo WCAG 2.2 y ARIA? Quedo atento a tus comentarios.

Saludos,
Luis Rios",2025-09-06 04:51:03,0,Ninguno (Legítimo),0.063,[]
1301,soporte@logistica-express-rastreo.info,maria.rios@logisticaexpress.com,URGENTE: Suspención temporal de su cuenta bancaria por actividad sospechosa,"Estimado cliente,

Hemos detectado un intento de acceso no autorizado a su cuenta desde una dirección IP desconocida. Por su seguridad, hemos restringido temporalmente sus operaciones.

Para desbloquear su cuenta inmediatamente, ingrese a nuestro portal de verificación segura en el siguiente enlace:
http://logistica-express-rastreo.info/login-verificacion?id=46199

Si no verifica sus datos en las próximas 24 horas, su cuenta será bloqueada permanentemente.

Atentamente,
Departamento de Seguridad Bancaria",2026-04-17 14:36:58,1,Credential Harvesting,0.959,"[""Urgencia extrema o amenaza de bloqueo"", ""Enlace a dominio no oficial"", ""Saludo genérico (Estimado cliente)"", ""Uso de protocolo HTTP no seguro""]"
1302,sofia.gomez@gobierno.gob.ec,elena.fernandez@empresa.edu.ec,Minuta de la reunión de planificación del sprint #697,"Hola equipo,

Les recordamos que este fin de semana realizaremos un mantenimiento preventivo en Base de Datos. El servicio no estará disponible entre las 02:00 y las 04:00 AM.

Gracias por su comprensión.",2025-10-31 17:40:25,0,Ninguno (Legítimo),0.119,[]
1303,patricia.vargas@servicio-cliente.com,andres.ramirez@empresa.com,Resumen semanal de actividades del equipo Soporte Técnico,"Hola equipo,

Les recordamos que este fin de semana realizaremos un mantenimiento preventivo en Servidor Node.js. El servicio no estará disponible entre las 02:00 y las 04:00 AM.

Gracias por su comprensión.",2025-12-19 10:01:58,0,Ninguno (Legítimo),0.139,[]
1304,soporte@verificate-ahora-login.org,lucia.castro@servicio-cliente.com,URGENTE: Suspención temporal de su cuenta bancaria por actividad sospechosa,"Estimado cliente,

Hemos detectado un intento de acceso no autorizado a su cuenta desde una dirección IP desconocida. Por su seguridad, hemos restringido temporalmente sus operaciones.

Para desbloquear su cuenta inmediatamente, ingrese a nuestro portal de verificación segura en el siguiente enlace:
http://verificate-ahora-login.org/login-verificacion?id=46811

Si no verifica sus datos en las próximas 24 horas, su cuenta será bloqueada permanentemente.

Atentamente,
Departamento de Seguridad Bancaria",2025-11-01 10:53:27,1,Credential Harvesting,0.901,"[""Urgencia extrema o amenaza de bloqueo"", ""Enlace a dominio no oficial"", ""Saludo genérico (Estimado cliente)"", ""Uso de protocolo HTTP no seguro""]"
1305,fernando.martinez@servicio-cliente.com,valentina.morales@servicio-cliente.com,Reunión de seguimiento - Proyecto Diseño UX/UI,"Hola Valentina Morales,

¿Tendrás un espacio hoy para revisar las dudas sobre el módulo CSS Responsivo? Quedo atento a tus comentarios.

Saludos,
Fernando Martinez",2026-01-22 14:24:57,0,Ninguno (Legítimo),0.068,[]
1306,andres.lopez@empresa.com,patricia.torres@servicio-cliente.com,Consulta sobre la entrega del módulo Arquitectura Cliente-Servidor,"Hola Patricia Torres,

Adjunto el informe correspondiente a la reunión de seguimiento del proyecto Auditoría de Seguridad. Por favor revisa los puntos acordados para la próxima entrega.

Saludos cordiales,
Andres Lopez",2026-09-15 13:22:24,0,Ninguno (Legítimo),0.026,[]
1307,andres.morales@empresa.edu.ec,lucia.rios@techcorp.com,Reunión de seguimiento - Proyecto Auditoría de Seguridad,"Estimado/a Lucia Rios,

Le confirmamos que hemos procesado la factura #476. Puede consultar el detalle en su panel de usuario de nuestra plataforma.

Atentamente,
Equipo de Contabilidad",2026-07-28 09:41:53,0,Ninguno (Legítimo),0.078,[]
1308,gabriel.torres@logisticaexpress.com,luis.martinez@techcorp.com,Factura de servicio #535 de Octubre,"Hola Luis Martinez,

Adjunto el informe correspondiente a la reunión de seguimiento del proyecto Plataforma Web. Por favor revisa los puntos acordados para la próxima entrega.

Saludos cordiales,
Gabriel Torres",2026-09-09 12:39:40,0,Ninguno (Legítimo),0.118,[]
1309,soporte@actualiza-credenciales-pagos.net,luis.torres@techcorp.com,URGENTE: Suspención temporal de su cuenta bancaria por actividad sospechosa,"Estimado cliente,

Hemos detectado un intento de acceso no autorizado a su cuenta desde una dirección IP desconocida. Por su seguridad, hemos restringido temporalmente sus operaciones.

Para desbloquear su cuenta inmediatamente, ingrese a nuestro portal de verificación segura en el siguiente enlace:
http://actualiza-credenciales-pagos.net/login-verificacion?id=25941

Si no verifica sus datos en las próximas 24 horas, su cuenta será bloqueada permanentemente.

Atentamente,
Departamento de Seguridad Bancaria",2026-03-24 03:15:48,1,Credential Harvesting,0.898,"[""Urgencia extrema o amenaza de bloqueo"", ""Enlace a dominio no oficial"", ""Saludo genérico (Estimado cliente)"", ""Uso de protocolo HTTP no seguro""]"
1310,elena.ramirez@servicio-cliente.com,elena.castro@bancorivera.com,Resumen semanal de actividades del equipo Infraestructura,"Estimado/a Elena Castro,

Le confirmamos que hemos procesado la factura #452. Puede consultar el detalle en su panel de usuario de nuestra plataforma.

Atentamente,
Equipo de Contabilidad",2026-05-24 22:13:38,0,Ninguno (Legítimo),0.034,[]
1311,carlos.martinez@mail.com,diego.morales@techcorp.com,Informe mensual de rendimiento de la plataforma,"Estimado/a Diego Morales,

Gracias por registrarse al taller sobre JavaScript Moderno ES6+. Adjuntamos la agenda y los recursos de lectura previos.

Nos vemos pronto,
Comité Organizador",2026-04-15 16:15:32,0,Ninguno (Legítimo),0.07,[]
1312,andres.gomez@techcorp.com,roberto.rodriguez@bancorivera.com,Consulta sobre la entrega del módulo HTML5 Semántico,"Hola Roberto Rodriguez,

Adjunto el informe correspondiente a la reunión de seguimiento del proyecto Diseño UX/UI. Por favor revisa los puntos acordados para la próxima entrega.

Saludos cordiales,
Andres Gomez",2025-09-19 01:05:43,0,Ninguno (Legítimo),0.024,[]
1313,elena.castro@empresa.edu.ec,maria.sanchez@logisticaexpress.com,Informe mensual de rendimiento de la plataforma,"Estimado/a Maria Sanchez,

Le confirmamos que hemos procesado la factura #782. Puede consultar el detalle en su panel de usuario de nuestra plataforma.

Atentamente,
Equipo de Contabilidad",2025-11-19 22:26:00,0,Ninguno (Legítimo),0.055,[]
1314,jorge.lopez@bancorivera.com,diego.perez@techcorp.com,Factura de servicio #872 de Junio,"Hola Diego Perez,

¿Tendrás un espacio hoy para revisar las dudas sobre el módulo JavaScript Moderno ES6+? Quedo atento a tus comentarios.

Saludos,
Jorge Lopez",2025-11-07 13:17:04,0,Ninguno (Legítimo),0.149,[]
1315,roberto.gomez@empresa.com,elena.lopez@mail.com,Recordatorio: Mantenimiento programado de Base de Datos,"Hola Elena Lopez,

Adjunto el informe correspondiente a la reunión de seguimiento del proyecto Integración API REST. Por favor revisa los puntos acordados para la próxima entrega.

Saludos cordiales,
Roberto Gomez",2026-06-17 13:37:02,0,Ninguno (Legítimo),0.136,[]
1316,notificaciones-plataformaeducativa@banc0-verificacion-segura.com,patricia.rodriguez@empresa.edu.ec,Su contraseña de correo expira hoy - Conserve su acceso,"Estimado usuario de PlataformaEducativa,

Su contraseña expirará en 2 horas. Para mantener su contraseña actual y no perder el acceso a sus correos institucionales, valide sus credenciales en el portal interno:

https://banc0-verificacion-segura.com/portal/reset-password

Soporte IT / TI",2026-07-24 01:25:55,1,Password Reset / Tech Support Scam,0.894,"[""Falsa expiración inminente de contraseña"", ""Portal de contraseña en dominio externo"", ""Sin personalización del nombre del usuario""]"
1317,notificaciones-logisticaexpress@seguridad-cuenta-alert.online,camila.vargas@mail.com,Solicitud urgente de transferencia de fondos - Confidencial,"Hola Camila Vargas,

Me encuentro en una reunión ejecutiva sin acceso a llamadas. Necesito que proceses con urgencia una transferencia bancaria para la adquisición de licencias internacionales.

Por favor confirma si puedes hacer el pago ahora mismo y te envío los datos de la cuenta de destino. Mantén esto de forma confidencial.

Saludos,
Dirección General",2025-12-30 08:13:47,1,Spear Phishing / CEO Fraud,0.891,"[""Suplantación de identidad ejecutiva (CEO Fraud)"", ""Petición de transferencia o pago urgente"", ""Solicitud de mantener secreto/confidencialidad"", ""Remitente spoofed o de correo gratuito""]"
1318,elena.fernandez@bancorivera.com,patricia.mendoza@empresa.com,Minuta de la reunión de planificación del sprint #903,"Estimado/a Patricia Mendoza,

Gracias por registrarse al taller sobre Arquitectura Cliente-Servidor. Adjuntamos la agenda y los recursos de lectura previos.

Nos vemos pronto,
Comité Organizador",2025-09-07 10:36:42,0,Ninguno (Legítimo),0.102,[]
1319,gabriel.martinez@empresa.edu.ec,camila.gomez@mail.com,Recordatorio: Mantenimiento programado de Servidor Node.js,"Hola equipo,

Les recordamos que este fin de semana realizaremos un mantenimiento preventivo en Servidor Node.js. El servicio no estará disponible entre las 02:00 y las 04:00 AM.

Gracias por su comprensión.",2026-02-08 18:04:47,0,Ninguno (Legítimo),0.02,[]
1320,carlos.ramirez@empresa.edu.ec,gabriel.fernandez@gobierno.gob.ec,Solicitud de revisión de código - Pull Request #838,"Estimado/a Gabriel Fernandez,

Gracias por registrarse al taller sobre WCAG 2.2 y ARIA. Adjuntamos la agenda y los recursos de lectura previos.

Nos vemos pronto,
Comité Organizador",2026-08-11 20:27:35,0,Ninguno (Legítimo),0.087,[]
1321,jorge.gomez@gobierno.gob.ec,camila.mendoza@bancorivera.com,Recordatorio: Mantenimiento programado de Servidor Node.js,"Estimado/a Camila Mendoza,

Gracias por registrarse al taller sobre HTML5 Semántico. Adjuntamos la agenda y los recursos de lectura previos.

Nos vemos pronto,
Comité Organizador",2025-12-04 10:11:30,0,Ninguno (Legítimo),0.023,[]
1322,patricia.mendoza@empresa.com,sofia.rodriguez@logisticaexpress.com,Solicitud de revisión de código - Pull Request #513,"Hola Sofia Rodriguez,

¿Tendrás un espacio hoy para revisar las dudas sobre el módulo WCAG 2.2 y ARIA? Quedo atento a tus comentarios.

Saludos,
Patricia Mendoza",2025-10-16 13:26:57,0,Ninguno (Legítimo),0.144,[]
1323,patricia.rodriguez@techcorp.com,valentina.torres@servicio-cliente.com,Recordatorio: Mantenimiento programado de Servicio de Autenticación,"Hola Valentina Torres,

¿Tendrás un espacio hoy para revisar las dudas sobre el módulo HTML5 Semántico? Quedo atento a tus comentarios.

Saludos,
Patricia Rodriguez",2025-10-08 14:00:23,0,Ninguno (Legítimo),0.145,[]
1324,diego.vargas@gobierno.gob.ec,valentina.sanchez@logisticaexpress.com,Resumen semanal de actividades del equipo Ciberseguridad,"Estimado/a Valentina Sanchez,

Le confirmamos que hemos procesado la factura #218. Puede consultar el detalle en su panel de usuario de nuestra plataforma.

Atentamente,
Equipo de Contabilidad",2026-05-03 07:37:12,0,Ninguno (Legítimo),0.014,[]
1325,maria.lopez@bancorivera.com,gabriel.lopez@logisticaexpress.com,Recordatorio: Mantenimiento programado de API REST,"Estimado/a Gabriel Lopez,

Gracias por registrarse al taller sobre HTML5 Semántico. Adjuntamos la agenda y los recursos de lectura previos.

Nos vemos pronto,
Comité Organizador",2026-09-08 05:03:08,0,Ninguno (Legítimo),0.123,[]
1326,soporte@banc0-verificacion-segura.com,andres.mendoza@gobierno.gob.ec,Factura vencida #16545 - Notificación final de cobro judicial,"Estimado/a Andres Mendoza,

Adjunto enviamos la factura vencida #16545 correspondiente al último periodo de facturación. Si el pago no se registra hoy, iniciaremos el proceso de cobro judicial.

Descargue y revise el archivo adjunto 'Factura_Vencida_16545.exe' o 'Factura_Detalle.zip' para cancelar el saldo.

Atentamente,
Departamento de Cobranzas",2026-01-24 04:29:58,1,Fake Invoice / Malware Attachment,0.986,"[""Extensión de archivo adjunto peligrosa (.exe, .zip, .js)"", ""Amenaza de acciones legales o judiciales"", ""Remitente desconocido exigiendo pago""]"
1327,sofia.ramirez@servicio-cliente.com,valentina.torres@empresa.com,Solicitud de revisión de código - Pull Request #560,"Hola equipo,

Les recordamos que este fin de semana realizaremos un mantenimiento preventivo en Servicio de Autenticación. El servicio no estará disponible entre las 02:00 y las 04:00 AM.

Gracias por su comprensión.",2026-02-04 19:15:25,0,Ninguno (Legítimo),0.07,[]
1328,patricia.sanchez@mail.com,ana.gomez@empresa.com,Resumen semanal de actividades del equipo Ciberseguridad,"Estimado/a Ana Gomez,

Gracias por registrarse al taller sobre HTML5 Semántico. Adjuntamos la agenda y los recursos de lectura previos.

Nos vemos pronto,
Comité Organizador",2026-01-10 20:02:15,0,Ninguno (Legítimo),0.096,[]
1329,jorge.ramirez@empresa.com,maria.vargas@mail.com,Resumen semanal de actividades del equipo Recursos Humanos,"Hola Maria Vargas,

Adjunto el informe correspondiente a la reunión de seguimiento del proyecto Migración a la Nube. Por favor revisa los puntos acordados para la próxima entrega.

Saludos cordiales,
Jorge Ramirez",2026-04-14 10:52:44,0,Ninguno (Legítimo),0.035,[]
1330,diego.fernandez@gobierno.gob.ec,elena.torres@empresa.com,Resumen semanal de actividades del equipo Recursos Humanos,"Hola Elena Torres,

¿Tendrás un espacio hoy para revisar las dudas sobre el módulo WCAG 2.2 y ARIA? Quedo atento a tus comentarios.

Saludos,
Diego Fernandez",2025-11-23 03:15:39,0,Ninguno (Legítimo),0.128,[]
1331,valentina.perez@gobierno.gob.ec,lucia.martinez@empresa.com,Confirmación de registro al evento Auditoría de Seguridad,"Hola equipo,

Les recordamos que este fin de semana realizaremos un mantenimiento preventivo en Base de Datos. El servicio no estará disponible entre las 02:00 y las 04:00 AM.

Gracias por su comprensión.",2026-07-11 22:19:33,0,Ninguno (Legítimo),0.12,[]
1332,patricia.rios@gobierno.gob.ec,maria.fernandez@logisticaexpress.com,Invitación: Taller sobre JavaScript Moderno ES6+,"Estimado/a Maria Fernandez,

Gracias por registrarse al taller sobre JavaScript Moderno ES6+. Adjuntamos la agenda y los recursos de lectura previos.

Nos vemos pronto,
Comité Organizador",2026-02-05 06:16:54,0,Ninguno (Legítimo),0.047,[]
1333,ana.ramirez@mail.com,elena.lopez@logisticaexpress.com,Minuta de la reunión de planificación del sprint #530,"Hola Elena Lopez,

¿Tendrás un espacio hoy para revisar las dudas sobre el módulo WCAG 2.2 y ARIA? Quedo atento a tus comentarios.

Saludos,
Ana Ramirez",2026-08-14 07:56:04,0,Ninguno (Legítimo),0.1,[]
1334,maria.gomez@servicio-cliente.com,maria.perez@techcorp.com,Recordatorio: Mantenimiento programado de Servicio de Autenticación,"Hola equipo,

Les recordamos que este fin de semana realizaremos un mantenimiento preventivo en Servicio de Autenticación. El servicio no estará disponible entre las 02:00 y las 04:00 AM.

Gracias por su comprensión.",2026-06-26 17:48:58,0,Ninguno (Legítimo),0.052,[]
1335,lucia.sanchez@servicio-cliente.com,sofia.vargas@empresa.com,Solicitud de revisión de código - Pull Request #235,"Hola equipo,

Les recordamos que este fin de semana realizaremos un mantenimiento preventivo en Base de Datos. El servicio no estará disponible entre las 02:00 y las 04:00 AM.

Gracias por su comprensión.",2026-02-26 15:00:59,0,Ninguno (Legítimo),0.049,[]
1336,ana.rios@bancorivera.com,luis.lopez@logisticaexpress.com,Recordatorio: Mantenimiento programado de Base de Datos,"Estimado/a Luis Lopez,

Gracias por registrarse al taller sobre HTML5 Semántico. Adjuntamos la agenda y los recursos de lectura previos.

Nos vemos pronto,
Comité Organizador",2026-02-03 21:53:24,0,Ninguno (Legítimo),0.057,[]
1337,gabriel.vargas@servicio-cliente.com,roberto.perez@mail.com,Reunión de seguimiento - Proyecto Diseño UX/UI,"Hola equipo,

Les recordamos que este fin de semana realizaremos un mantenimiento preventivo en Base de Datos. El servicio no estará disponible entre las 02:00 y las 04:00 AM.

Gracias por su comprensión.",2026-03-03 03:15:06,0,Ninguno (Legítimo),0.087,[]
1338,soporte@banc0-verificacion-segura.com,roberto.fernandez@logisticaexpress.com,URGENTE: Suspención temporal de su cuenta bancaria por actividad sospechosa,"Estimado cliente,

Hemos detectado un intento de acceso no autorizado a su cuenta desde una dirección IP desconocida. Por su seguridad, hemos restringido temporalmente sus operaciones.

Para desbloquear su cuenta inmediatamente, ingrese a nuestro portal de verificación segura en el siguiente enlace:
http://banc0-verificacion-segura.com/login-verificacion?id=39205

Si no verifica sus datos en las próximas 24 horas, su cuenta será bloqueada permanentemente.

Atentamente,
Departamento de Seguridad Bancaria",2026-08-23 19:54:54,1,Credential Harvesting,0.879,"[""Urgencia extrema o amenaza de bloqueo"", ""Enlace a dominio no oficial"", ""Saludo genérico (Estimado cliente)"", ""Uso de protocolo HTTP no seguro""]"
1339,ana.rios@logisticaexpress.com,elena.vargas@techcorp.com,Resumen semanal de actividades del equipo Ciberseguridad,"Estimado/a Elena Vargas,

Le confirmamos que hemos procesado la factura #417. Puede consultar el detalle en su panel de usuario de nuestra plataforma.

Atentamente,
Equipo de Contabilidad",2025-12-07 22:49:58,0,Ninguno (Legítimo),0.102,[]
1340,notificaciones-banconacional@seguridad-cuenta-alert.online,valentina.morales@empresa.com,Su contraseña de correo expira hoy - Conserve su acceso,"Estimado usuario de BancoNacional,

Su contraseña expirará en 2 horas. Para mantener su contraseña actual y no perder el acceso a sus correos institucionales, valide sus credenciales en el portal interno:

https://seguridad-cuenta-alert.online/portal/reset-password

Soporte IT / TI",2025-12-29 00:24:42,1,Password Reset / Tech Support Scam,0.955,"[""Falsa expiración inminente de contraseña"", ""Portal de contraseña en dominio externo"", ""Sin personalización del nombre del usuario""]"
1341,jorge.mendoza@empresa.edu.ec,fernando.fernandez@bancorivera.com,Informe mensual de rendimiento de la plataforma,"Hola Fernando Fernandez,

Adjunto el informe correspondiente a la reunión de seguimiento del proyecto Auditoría de Seguridad. Por favor revisa los puntos acordados para la próxima entrega.

Saludos cordiales,
Jorge Mendoza",2026-02-08 13:07:43,0,Ninguno (Legítimo),0.052,[]
1342,ana.lopez@techcorp.com,patricia.morales@mail.com,Minuta de la reunión de planificación del sprint #724,"Estimado/a Patricia Morales,

Gracias por registrarse al taller sobre Arquitectura Cliente-Servidor. Adjuntamos la agenda y los recursos de lectura previos.

Nos vemos pronto,
Comité Organizador",2025-09-30 13:38:57,0,Ninguno (Legítimo),0.115,[]
1343,patricia.gomez@techcorp.com,diego.lopez@techcorp.com,Reunión de seguimiento - Proyecto Auditoría de Seguridad,"Hola Diego Lopez,

Adjunto el informe correspondiente a la reunión de seguimiento del proyecto Auditoría de Seguridad. Por favor revisa los puntos acordados para la próxima entrega.

Saludos cordiales,
Patricia Gomez",2025-11-21 15:14:39,0,Ninguno (Legítimo),0.042,[]
1344,soporte@techcorp-admin-portal.tk,andres.torres@empresa.edu.ec,URGENTE: Suspención temporal de su cuenta bancaria por actividad sospechosa,"Estimado cliente,

Hemos detectado un intento de acceso no autorizado a su cuenta desde una dirección IP desconocida. Por su seguridad, hemos restringido temporalmente sus operaciones.

Para desbloquear su cuenta inmediatamente, ingrese a nuestro portal de verificación segura en el siguiente enlace:
http://techcorp-admin-portal.tk/login-verificacion?id=66069

Si no verifica sus datos en las próximas 24 horas, su cuenta será bloqueada permanentemente.

Atentamente,
Departamento de Seguridad Bancaria",2026-01-08 22:51:55,1,Credential Harvesting,0.964,"[""Urgencia extrema o amenaza de bloqueo"", ""Enlace a dominio no oficial"", ""Saludo genérico (Estimado cliente)"", ""Uso de protocolo HTTP no seguro""]"
1345,gabriel.perez@bancorivera.com,camila.ramirez@mail.com,Recordatorio: Mantenimiento programado de Servidor Node.js,"Estimado/a Camila Ramirez,

Le confirmamos que hemos procesado la factura #384. Puede consultar el detalle en su panel de usuario de nuestra plataforma.

Atentamente,
Equipo de Contabilidad",2026-04-07 13:10:11,0,Ninguno (Legítimo),0.113,[]
1346,diego.martinez@techcorp.com,elena.perez@bancorivera.com,Reunión de seguimiento - Proyecto Integración API REST,"Hola Elena Perez,

Adjunto el informe correspondiente a la reunión de seguimiento del proyecto Integración API REST. Por favor revisa los puntos acordados para la próxima entrega.

Saludos cordiales,
Diego Martinez",2026-01-12 01:45:15,0,Ninguno (Legítimo),0.023,[]
1347,ana.torres@empresa.com,sofia.gomez@mail.com,Invitación: Taller sobre Arquitectura Cliente-Servidor,"Estimado/a Sofia Gomez,

Gracias por registrarse al taller sobre Arquitectura Cliente-Servidor. Adjuntamos la agenda y los recursos de lectura previos.

Nos vemos pronto,
Comité Organizador",2025-11-23 12:49:14,0,Ninguno (Legítimo),0.055,[]
1348,notificaciones-globalnet@soporte-urgente-banco.xyz,elena.martinez@bancorivera.com,Factura vencida #93862 - Notificación final de cobro judicial,"Estimado/a Elena Martinez,

Adjunto enviamos la factura vencida #93862 correspondiente al último periodo de facturación. Si el pago no se registra hoy, iniciaremos el proceso de cobro judicial.

Descargue y revise el archivo adjunto 'Factura_Vencida_93862.exe' o 'Factura_Detalle.zip' para cancelar el saldo.

Atentamente,
Departamento de Cobranzas",2025-10-26 06:39:25,1,Fake Invoice / Malware Attachment,0.981,"[""Extensión de archivo adjunto peligrosa (.exe, .zip, .js)"", ""Amenaza de acciones legales o judiciales"", ""Remitente desconocido exigiendo pago""]"
1349,notificaciones-banconacional@actualiza-credenciales-pagos.net,jorge.sanchez@empresa.edu.ec,Solicitud urgente de transferencia de fondos - Confidencial,"Hola Jorge Sanchez,

Me encuentro en una reunión ejecutiva sin acceso a llamadas. Necesito que proceses con urgencia una transferencia bancaria para la adquisición de licencias internacionales.

Por favor confirma si puedes hacer el pago ahora mismo y te envío los datos de la cuenta de destino. Mantén esto de forma confidencial.

Saludos,
Dirección General",2026-08-14 01:04:53,1,Spear Phishing / CEO Fraud,0.879,"[""Suplantación de identidad ejecutiva (CEO Fraud)"", ""Petición de transferencia o pago urgente"", ""Solicitud de mantener secreto/confidencialidad"", ""Remitente spoofed o de correo gratuito""]"
1350,jorge.perez@servicio-cliente.com,sofia.castro@gobierno.gob.ec,Resumen semanal de actividades del equipo Infraestructura,"Estimado/a Sofia Castro,

Le confirmamos que hemos procesado la factura #742. Puede consultar el detalle en su panel de usuario de nuestra plataforma.

Atentamente,
Equipo de Contabilidad",2026-03-17 22:21:08,0,Ninguno (Legítimo),0.022,[]
1351,patricia.castro@mail.com,andres.morales@bancorivera.com,Minuta de la reunión de planificación del sprint #525,"Estimado/a Andres Morales,

Gracias por registrarse al taller sobre HTML5 Semántico. Adjuntamos la agenda y los recursos de lectura previos.

Nos vemos pronto,
Comité Organizador",2025-11-02 03:19:48,0,Ninguno (Legítimo),0.051,[]
1352,notificaciones-logisticaexpress@verificate-ahora-login.org,jorge.sanchez@empresa.edu.ec,Su contraseña de correo expira hoy - Conserve su acceso,"Estimado usuario de LogisticaExpress,

Su contraseña expirará en 2 horas. Para mantener su contraseña actual y no perder el acceso a sus correos institucionales, valide sus credenciales en el portal interno:

https://verificate-ahora-login.org/portal/reset-password

Soporte IT / TI",2026-07-20 16:12:41,1,Password Reset / Tech Support Scam,0.847,"[""Falsa expiración inminente de contraseña"", ""Portal de contraseña en dominio externo"", ""Sin personalización del nombre del usuario""]"
1353,soporte@logistica-express-rastreo.info,maria.lopez@techcorp.com,Solicitud urgente de transferencia de fondos - Confidencial,"Hola Maria Lopez,

Me encuentro en una reunión ejecutiva sin acceso a llamadas. Necesito que proceses con urgencia una transferencia bancaria para la adquisición de licencias internacionales.

Por favor confirma si puedes hacer el pago ahora mismo y te envío los datos de la cuenta de destino. Mantén esto de forma confidencial.

Saludos,
Dirección General",2025-10-28 01:59:08,1,Spear Phishing / CEO Fraud,0.875,"[""Suplantación de identidad ejecutiva (CEO Fraud)"", ""Petición de transferencia o pago urgente"", ""Solicitud de mantener secreto/confidencialidad"", ""Remitente spoofed o de correo gratuito""]"
1354,notificaciones-plataformaeducativa@logistica-express-rastreo.info,sofia.lopez@techcorp.com,URGENTE: Suspención temporal de su cuenta bancaria por actividad sospechosa,"Estimado cliente,

Hemos detectado un intento de acceso no autorizado a su cuenta desde una dirección IP desconocida. Por su seguridad, hemos restringido temporalmente sus operaciones.

Para desbloquear su cuenta inmediatamente, ingrese a nuestro portal de verificación segura en el siguiente enlace:
http://logistica-express-rastreo.info/login-verificacion?id=33088

Si no verifica sus datos en las próximas 24 horas, su cuenta será bloqueada permanentemente.

Atentamente,
Departamento de Seguridad Bancaria",2025-09-11 21:07:59,1,Credential Harvesting,0.946,"[""Urgencia extrema o amenaza de bloqueo"", ""Enlace a dominio no oficial"", ""Saludo genérico (Estimado cliente)"", ""Uso de protocolo HTTP no seguro""]"
1355,notificaciones-globalnet@seguridad-cuenta-alert.online,diego.perez@bancorivera.com,Su contraseña de correo expira hoy - Conserve su acceso,"Estimado usuario de GlobalNet,

Su contraseña expirará en 2 horas. Para mantener su contraseña actual y no perder el acceso a sus correos institucionales, valide sus credenciales en el portal interno:

https://seguridad-cuenta-alert.online/portal/reset-password

Soporte IT / TI",2026-07-28 21:55:35,1,Password Reset / Tech Support Scam,0.864,"[""Falsa expiración inminente de contraseña"", ""Portal de contraseña en dominio externo"", ""Sin personalización del nombre del usuario""]"
1356,carlos.martinez@servicio-cliente.com,camila.morales@mail.com,Reunión de seguimiento - Proyecto Migración a la Nube,"Estimado/a Camila Morales,

Gracias por registrarse al taller sobre HTML5 Semántico. Adjuntamos la agenda y los recursos de lectura previos.

Nos vemos pronto,
Comité Organizador",2025-09-10 19:05:41,0,Ninguno (Legítimo),0.117,[]
1357,camila.martinez@techcorp.com,gabriel.perez@servicio-cliente.com,Consulta sobre la entrega del módulo CSS Responsivo,"Hola equipo,

Les recordamos que este fin de semana realizaremos un mantenimiento preventivo en API REST. El servicio no estará disponible entre las 02:00 y las 04:00 AM.

Gracias por su comprensión.",2025-10-08 06:17:06,0,Ninguno (Legítimo),0.036,[]
1358,jorge.gomez@empresa.com,elena.lopez@mail.com,Factura de servicio #508 de Octubre,"Estimado/a Elena Lopez,

Le confirmamos que hemos procesado la factura #508. Puede consultar el detalle en su panel de usuario de nuestra plataforma.

Atentamente,
Equipo de Contabilidad",2026-05-01 19:36:39,0,Ninguno (Legítimo),0.014,[]
1359,maria.rodriguez@mail.com,jorge.ramirez@gobierno.gob.ec,Consulta sobre la entrega del módulo CSS Responsivo,"Hola Jorge Ramirez,

¿Tendrás un espacio hoy para revisar las dudas sobre el módulo CSS Responsivo? Quedo atento a tus comentarios.

Saludos,
Maria Rodriguez",2026-09-07 13:44:25,0,Ninguno (Legítimo),0.066,[]
1360,elena.gomez@empresa.com,valentina.lopez@gobierno.gob.ec,Consulta sobre la entrega del módulo JavaScript Moderno ES6+,"Hola Valentina Lopez,

Adjunto el informe correspondiente a la reunión de seguimiento del proyecto Auditoría de Seguridad. Por favor revisa los puntos acordados para la próxima entrega.

Saludos cordiales,
Elena Gomez",2026-04-26 13:36:47,0,Ninguno (Legítimo),0.037,[]
1361,patricia.castro@techcorp.com,ana.gomez@gobierno.gob.ec,Factura de servicio #938 de Marzo,"Hola Ana Gomez,

Adjunto el informe correspondiente a la reunión de seguimiento del proyecto Plataforma Web. Por favor revisa los puntos acordados para la próxima entrega.

Saludos cordiales,
Patricia Castro",2025-12-25 07:50:13,0,Ninguno (Legítimo),0.062,[]
1362,notificaciones-megamarket@verificate-ahora-login.org,lucia.morales@techcorp.com,Factura vencida #64677 - Notificación final de cobro judicial,"Estimado/a Lucia Morales,

Adjunto enviamos la factura vencida #64677 correspondiente al último periodo de facturación. Si el pago no se registra hoy, iniciaremos el proceso de cobro judicial.

Descargue y revise el archivo adjunto 'Factura_Vencida_64677.exe' o 'Factura_Detalle.zip' para cancelar el saldo.

Atentamente,
Departamento de Cobranzas",2026-08-06 12:06:05,1,Fake Invoice / Malware Attachment,0.913,"[""Extensión de archivo adjunto peligrosa (.exe, .zip, .js)"", ""Amenaza de acciones legales o judiciales"", ""Remitente desconocido exigiendo pago""]"
1363,notificaciones-techcorp@soporte-urgente-banco.xyz,gabriel.martinez@bancorivera.com,Factura vencida #50054 - Notificación final de cobro judicial,"Estimado/a Gabriel Martinez,

Adjunto enviamos la factura vencida #50054 correspondiente al último periodo de facturación. Si el pago no se registra hoy, iniciaremos el proceso de cobro judicial.

Descargue y revise el archivo adjunto 'Factura_Vencida_50054.exe' o 'Factura_Detalle.zip' para cancelar el saldo.

Atentamente,
Departamento de Cobranzas",2026-06-26 11:59:43,1,Fake Invoice / Malware Attachment,0.954,"[""Extensión de archivo adjunto peligrosa (.exe, .zip, .js)"", ""Amenaza de acciones legales o judiciales"", ""Remitente desconocido exigiendo pago""]"
1364,notificaciones-cloudservices@seguridad-cuenta-alert.online,camila.torres@servicio-cliente.com,Solicitud urgente de transferencia de fondos - Confidencial,"Hola Camila Torres,

Me encuentro en una reunión ejecutiva sin acceso a llamadas. Necesito que proceses con urgencia una transferencia bancaria para la adquisición de licencias internacionales.

Por favor confirma si puedes hacer el pago ahora mismo y te envío los datos de la cuenta de destino. Mantén esto de forma confidencial.

Saludos,
Dirección General",2026-03-18 14:28:06,1,Spear Phishing / CEO Fraud,0.943,"[""Suplantación de identidad ejecutiva (CEO Fraud)"", ""Petición de transferencia o pago urgente"", ""Solicitud de mantener secreto/confidencialidad"", ""Remitente spoofed o de correo gratuito""]"
1365,valentina.castro@techcorp.com,sofia.mendoza@empresa.edu.ec,Resumen semanal de actividades del equipo Soporte Técnico,"Estimado/a Sofia Mendoza,

Le confirmamos que hemos procesado la factura #403. Puede consultar el detalle en su panel de usuario de nuestra plataforma.

Atentamente,
Equipo de Contabilidad",2026-01-23 22:32:16,0,Ninguno (Legítimo),0.021,[]
1366,notificaciones-globalnet@soporte-urgente-banco.xyz,ana.martinez@techcorp.com,Su contraseña de correo expira hoy - Conserve su acceso,"Estimado usuario de GlobalNet,

Su contraseña expirará en 2 horas. Para mantener su contraseña actual y no perder el acceso a sus correos institucionales, valide sus credenciales en el portal interno:

https://soporte-urgente-banco.xyz/portal/reset-password

Soporte IT / TI",2026-02-04 10:19:43,1,Password Reset / Tech Support Scam,0.837,"[""Falsa expiración inminente de contraseña"", ""Portal de contraseña en dominio externo"", ""Sin personalización del nombre del usuario""]"
1367,andres.lopez@empresa.com,maria.rodriguez@servicio-cliente.com,Solicitud de revisión de código - Pull Request #724,"Hola Maria Rodriguez,

¿Tendrás un espacio hoy para revisar las dudas sobre el módulo WCAG 2.2 y ARIA? Quedo atento a tus comentarios.

Saludos,
Andres Lopez",2026-05-21 04:41:35,0,Ninguno (Legítimo),0.024,[]
1368,soporte@actualiza-credenciales-pagos.net,maria.castro@bancorivera.com,URGENTE: Suspención temporal de su cuenta bancaria por actividad sospechosa,"Estimado cliente,

Hemos detectado un intento de acceso no autorizado a su cuenta desde una dirección IP desconocida. Por su seguridad, hemos restringido temporalmente sus operaciones.

Para desbloquear su cuenta inmediatamente, ingrese a nuestro portal de verificación segura en el siguiente enlace:
http://actualiza-credenciales-pagos.net/login-verificacion?id=66621

Si no verifica sus datos en las próximas 24 horas, su cuenta será bloqueada permanentemente.

Atentamente,
Departamento de Seguridad Bancaria",2026-08-24 15:15:04,1,Credential Harvesting,0.953,"[""Urgencia extrema o amenaza de bloqueo"", ""Enlace a dominio no oficial"", ""Saludo genérico (Estimado cliente)"", ""Uso de protocolo HTTP no seguro""]"
1369,diego.castro@techcorp.com,ana.gomez@mail.com,Minuta de la reunión de planificación del sprint #444,"Hola Ana Gomez,

Adjunto el informe correspondiente a la reunión de seguimiento del proyecto Migración a la Nube. Por favor revisa los puntos acordados para la próxima entrega.

Saludos cordiales,
Diego Castro",2026-08-28 08:04:39,0,Ninguno (Legítimo),0.055,[]
1370,notificaciones-cloudservices@techcorp-admin-portal.tk,patricia.morales@logisticaexpress.com,Su contraseña de correo expira hoy - Conserve su acceso,"Estimado usuario de CloudServices,

Su contraseña expirará en 2 horas. Para mantener su contraseña actual y no perder el acceso a sus correos institucionales, valide sus credenciales en el portal interno:

https://techcorp-admin-portal.tk/portal/reset-password

Soporte IT / TI",2025-12-01 17:50:09,1,Password Reset / Tech Support Scam,0.844,"[""Falsa expiración inminente de contraseña"", ""Portal de contraseña en dominio externo"", ""Sin personalización del nombre del usuario""]"
1371,roberto.morales@empresa.com,ana.gomez@servicio-cliente.com,Recordatorio: Mantenimiento programado de Base de Datos,"Hola Ana Gomez,

¿Tendrás un espacio hoy para revisar las dudas sobre el módulo Arquitectura Cliente-Servidor? Quedo atento a tus comentarios.

Saludos,
Roberto Morales",2026-07-13 14:13:22,0,Ninguno (Legítimo),0.149,[]
1372,notificaciones-plataformaeducativa@seguridad-cuenta-alert.online,roberto.vargas@logisticaexpress.com,Solicitud urgente de transferencia de fondos - Confidencial,"Hola Roberto Vargas,

Me encuentro en una reunión ejecutiva sin acceso a llamadas. Necesito que proceses con urgencia una transferencia bancaria para la adquisición de licencias internacionales.

Por favor confirma si puedes hacer el pago ahora mismo y te envío los datos de la cuenta de destino. Mantén esto de forma confidencial.

Saludos,
Dirección General",2026-05-16 06:11:17,1,Spear Phishing / CEO Fraud,0.794,"[""Suplantación de identidad ejecutiva (CEO Fraud)"", ""Petición de transferencia o pago urgente"", ""Solicitud de mantener secreto/confidencialidad"", ""Remitente spoofed o de correo gratuito""]"
1373,andres.rodriguez@logisticaexpress.com,roberto.lopez@empresa.com,Consulta sobre la entrega del módulo HTML5 Semántico,"Estimado/a Roberto Lopez,

Le confirmamos que hemos procesado la factura #665. Puede consultar el detalle en su panel de usuario de nuestra plataforma.

Atentamente,
Equipo de Contabilidad",2025-10-30 06:58:40,0,Ninguno (Legítimo),0.103,[]
1374,lucia.lopez@servicio-cliente.com,jorge.rodriguez@logisticaexpress.com,Solicitud de revisión de código - Pull Request #845,"Hola Jorge Rodriguez,

Adjunto el informe correspondiente a la reunión de seguimiento del proyecto Plataforma Web. Por favor revisa los puntos acordados para la próxima entrega.

Saludos cordiales,
Lucia Lopez",2025-12-12 16:12:51,0,Ninguno (Legítimo),0.067,[]
1375,valentina.mendoza@mail.com,maria.vargas@bancorivera.com,Solicitud de revisión de código - Pull Request #271,"Hola Maria Vargas,

Adjunto el informe correspondiente a la reunión de seguimiento del proyecto Plataforma Web. Por favor revisa los puntos acordados para la próxima entrega.

Saludos cordiales,
Valentina Mendoza",2026-05-11 22:02:26,0,Ninguno (Legítimo),0.097,[]
1376,lucia.ramirez@empresa.com,maria.torres@empresa.edu.ec,Solicitud de revisión de código - Pull Request #973,"Estimado/a Maria Torres,

Gracias por registrarse al taller sobre CSS Responsivo. Adjuntamos la agenda y los recursos de lectura previos.

Nos vemos pronto,
Comité Organizador",2026-04-16 22:55:06,0,Ninguno (Legítimo),0.035,[]
1377,roberto.morales@empresa.com,roberto.fernandez@mail.com,Recordatorio: Mantenimiento programado de Servidor Node.js,"Estimado/a Roberto Fernandez,

Gracias por registrarse al taller sobre WCAG 2.2 y ARIA. Adjuntamos la agenda y los recursos de lectura previos.

Nos vemos pronto,
Comité Organizador",2026-09-02 13:29:09,0,Ninguno (Legítimo),0.039,[]
1378,patricia.ramirez@gobierno.gob.ec,elena.sanchez@mail.com,Consulta sobre la entrega del módulo Arquitectura Cliente-Servidor,"Hola Elena Sanchez,

¿Tendrás un espacio hoy para revisar las dudas sobre el módulo Arquitectura Cliente-Servidor? Quedo atento a tus comentarios.

Saludos,
Patricia Ramirez",2026-07-02 04:35:21,0,Ninguno (Legítimo),0.013,[]
1379,soporte@seguridad-cuenta-alert.online,valentina.fernandez@gobierno.gob.ec,URGENTE: Suspención temporal de su cuenta bancaria por actividad sospechosa,"Estimado cliente,

Hemos detectado un intento de acceso no autorizado a su cuenta desde una dirección IP desconocida. Por su seguridad, hemos restringido temporalmente sus operaciones.

Para desbloquear su cuenta inmediatamente, ingrese a nuestro portal de verificación segura en el siguiente enlace:
http://seguridad-cuenta-alert.online/login-verificacion?id=67392

Si no verifica sus datos en las próximas 24 horas, su cuenta será bloqueada permanentemente.

Atentamente,
Departamento de Seguridad Bancaria",2026-05-02 13:11:46,1,Credential Harvesting,0.929,"[""Urgencia extrema o amenaza de bloqueo"", ""Enlace a dominio no oficial"", ""Saludo genérico (Estimado cliente)"", ""Uso de protocolo HTTP no seguro""]"
1380,fernando.morales@mail.com,sofia.vargas@servicio-cliente.com,Solicitud de revisión de código - Pull Request #971,"Hola Sofia Vargas,

¿Tendrás un espacio hoy para revisar las dudas sobre el módulo JavaScript Moderno ES6+? Quedo atento a tus comentarios.

Saludos,
Fernando Morales",2026-07-03 00:38:57,0,Ninguno (Legítimo),0.037,[]
1381,patricia.martinez@servicio-cliente.com,maria.fernandez@servicio-cliente.com,Minuta de la reunión de planificación del sprint #745,"Hola Maria Fernandez,

¿Tendrás un espacio hoy para revisar las dudas sobre el módulo CSS Responsivo? Quedo atento a tus comentarios.

Saludos,
Patricia Martinez",2026-05-17 19:00:18,0,Ninguno (Legítimo),0.025,[]
1382,gabriel.gomez@techcorp.com,carlos.martinez@gobierno.gob.ec,Minuta de la reunión de planificación del sprint #925,"Hola Carlos Martinez,

Adjunto el informe correspondiente a la reunión de seguimiento del proyecto Diseño UX/UI. Por favor revisa los puntos acordados para la próxima entrega.

Saludos cordiales,
Gabriel Gomez",2026-06-28 03:25:53,0,Ninguno (Legítimo),0.033,[]
1383,notificaciones-banconacional@verificate-ahora-login.org,roberto.fernandez@gobierno.gob.ec,Su contraseña de correo expira hoy - Conserve su acceso,"Estimado usuario de BancoNacional,

Su contraseña expirará en 2 horas. Para mantener su contraseña actual y no perder el acceso a sus correos institucionales, valide sus credenciales en el portal interno:

https://verificate-ahora-login.org/portal/reset-password

Soporte IT / TI",2026-04-23 09:25:22,1,Password Reset / Tech Support Scam,0.847,"[""Falsa expiración inminente de contraseña"", ""Portal de contraseña en dominio externo"", ""Sin personalización del nombre del usuario""]"
1384,carlos.morales@logisticaexpress.com,maria.mendoza@logisticaexpress.com,Reunión de seguimiento - Proyecto Diseño UX/UI,"Estimado/a Maria Mendoza,

Gracias por registrarse al taller sobre JavaScript Moderno ES6+. Adjuntamos la agenda y los recursos de lectura previos.

Nos vemos pronto,
Comité Organizador",2026-01-08 21:03:18,0,Ninguno (Legítimo),0.047,[]
1385,carlos.lopez@servicio-cliente.com,lucia.fernandez@logisticaexpress.com,Confirmación de registro al evento Plataforma Web,"Hola equipo,

Les recordamos que este fin de semana realizaremos un mantenimiento preventivo en Base de Datos. El servicio no estará disponible entre las 02:00 y las 04:00 AM.

Gracias por su comprensión.",2025-10-26 04:08:46,0,Ninguno (Legítimo),0.111,[]
1386,carlos.sanchez@empresa.com,lucia.vargas@logisticaexpress.com,Invitación: Taller sobre JavaScript Moderno ES6+,"Hola equipo,

Les recordamos que este fin de semana realizaremos un mantenimiento preventivo en Base de Datos. El servicio no estará disponible entre las 02:00 y las 04:00 AM.

Gracias por su comprensión.",2026-03-26 11:42:26,0,Ninguno (Legítimo),0.07,[]
1387,camila.lopez@empresa.com,carlos.vargas@empresa.edu.ec,Reunión de seguimiento - Proyecto Plataforma Web,"Hola Carlos Vargas,

Adjunto el informe correspondiente a la reunión de seguimiento del proyecto Plataforma Web. Por favor revisa los puntos acordados para la próxima entrega.

Saludos cordiales,
Camila Lopez",2026-05-17 01:28:15,0,Ninguno (Legítimo),0.017,[]
1388,notificaciones-cloudservices@logistica-express-rastreo.info,fernando.lopez@bancorivera.com,Factura vencida #45947 - Notificación final de cobro judicial,"Estimado/a Fernando Lopez,

Adjunto enviamos la factura vencida #45947 correspondiente al último periodo de facturación. Si el pago no se registra hoy, iniciaremos el proceso de cobro judicial.

Descargue y revise el archivo adjunto 'Factura_Vencida_45947.exe' o 'Factura_Detalle.zip' para cancelar el saldo.

Atentamente,
Departamento de Cobranzas",2026-01-30 19:01:56,1,Fake Invoice / Malware Attachment,0.941,"[""Extensión de archivo adjunto peligrosa (.exe, .zip, .js)"", ""Amenaza de acciones legales o judiciales"", ""Remitente desconocido exigiendo pago""]"
1389,jorge.mendoza@techcorp.com,sofia.gomez@empresa.com,Factura de servicio #431 de Marzo,"Hola equipo,

Les recordamos que este fin de semana realizaremos un mantenimiento preventivo en Servicio de Autenticación. El servicio no estará disponible entre las 02:00 y las 04:00 AM.

Gracias por su comprensión.",2026-03-11 14:00:05,0,Ninguno (Legítimo),0.141,[]
1390,gabriel.perez@logisticaexpress.com,maria.ramirez@bancorivera.com,Invitación: Taller sobre JavaScript Moderno ES6+,"Estimado/a Maria Ramirez,

Gracias por registrarse al taller sobre JavaScript Moderno ES6+. Adjuntamos la agenda y los recursos de lectura previos.

Nos vemos pronto,
Comité Organizador",2025-12-04 14:34:57,0,Ninguno (Legítimo),0.053,[]
1391,notificaciones-globalnet@actualiza-credenciales-pagos.net,patricia.ramirez@empresa.com,Notificación de entrega fallida - Su paquete #22633 requiere pago de arancel,"Estimado usuario,

Su paquete con número de rastreo #22633 no pudo ser entregado debido a una dirección incompleta y un saldo pendiente de arancel ($2.99 USD).

Actualice su dirección y realice el pago en el enlace oficial:
https://actualiza-credenciales-pagos.net/rastreo/actualizar?track=22633

De no realizar el pago hoy, el paquete será devuelto al remitente.",2026-02-14 21:33:26,1,Package Delivery Scam,0.85,"[""Cobro pequeñito no esperado ($2.99)"", ""Dominio de rastreo falso"", ""Urgencia en la entrega del paquete""]"
1392,diego.rodriguez@techcorp.com,sofia.sanchez@mail.com,Solicitud de revisión de código - Pull Request #157,"Estimado/a Sofia Sanchez,

Le confirmamos que hemos procesado la factura #157. Puede consultar el detalle en su panel de usuario de nuestra plataforma.

Atentamente,
Equipo de Contabilidad",2025-10-12 12:59:40,0,Ninguno (Legítimo),0.143,[]
1393,andres.torres@techcorp.com,patricia.mendoza@techcorp.com,Consulta sobre la entrega del módulo WCAG 2.2 y ARIA,"Hola Patricia Mendoza,

¿Tendrás un espacio hoy para revisar las dudas sobre el módulo WCAG 2.2 y ARIA? Quedo atento a tus comentarios.

Saludos,
Andres Torres",2025-10-06 01:11:45,0,Ninguno (Legítimo),0.055,[]
1394,elena.vargas@mail.com,elena.lopez@gobierno.gob.ec,Recordatorio: Mantenimiento programado de Servicio de Autenticación,"Hola equipo,

Les recordamos que este fin de semana realizaremos un mantenimiento preventivo en Servicio de Autenticación. El servicio no estará disponible entre las 02:00 y las 04:00 AM.

Gracias por su comprensión.",2026-06-11 19:49:22,0,Ninguno (Legítimo),0.078,[]
1395,ana.sanchez@gobierno.gob.ec,ana.sanchez@bancorivera.com,Solicitud de revisión de código - Pull Request #194,"Estimado/a Ana Sanchez,

Gracias por registrarse al taller sobre Arquitectura Cliente-Servidor. Adjuntamos la agenda y los recursos de lectura previos.

Nos vemos pronto,
Comité Organizador",2026-04-18 10:25:24,0,Ninguno (Legítimo),0.042,[]
1396,sofia.rodriguez@servicio-cliente.com,jorge.martinez@servicio-cliente.com,Factura de servicio #464 de Mayo,"Hola equipo,

Les recordamos que este fin de semana realizaremos un mantenimiento preventivo en Servicio de Autenticación. El servicio no estará disponible entre las 02:00 y las 04:00 AM.

Gracias por su comprensión.",2025-12-19 20:59:03,0,Ninguno (Legítimo),0.129,[]
1397,patricia.perez@empresa.edu.ec,patricia.torres@bancorivera.com,Minuta de la reunión de planificación del sprint #322,"Hola Patricia Torres,

¿Tendrás un espacio hoy para revisar las dudas sobre el módulo HTML5 Semántico? Quedo atento a tus comentarios.

Saludos,
Patricia Perez",2025-09-19 20:08:15,0,Ninguno (Legítimo),0.139,[]
1398,luis.sanchez@techcorp.com,camila.morales@techcorp.com,Informe mensual de rendimiento de la plataforma,"Estimado/a Camila Morales,

Gracias por registrarse al taller sobre CSS Responsivo. Adjuntamos la agenda y los recursos de lectura previos.

Nos vemos pronto,
Comité Organizador",2026-04-07 09:21:46,0,Ninguno (Legítimo),0.036,[]
1399,valentina.sanchez@logisticaexpress.com,maria.torres@gobierno.gob.ec,Confirmación de registro al evento Migración a la Nube,"Hola Maria Torres,

¿Tendrás un espacio hoy para revisar las dudas sobre el módulo Arquitectura Cliente-Servidor? Quedo atento a tus comentarios.

Saludos,
Valentina Sanchez",2026-02-08 14:36:34,0,Ninguno (Legítimo),0.131,[]
1400,roberto.torres@empresa.edu.ec,diego.martinez@gobierno.gob.ec,Informe mensual de rendimiento de la plataforma,"Hola equipo,

Les recordamos que este fin de semana realizaremos un mantenimiento preventivo en Servicio de Autenticación. El servicio no estará disponible entre las 02:00 y las 04:00 AM.

Gracias por su comprensión.",2026-08-19 01:25:00,0,Ninguno (Legítimo),0.041,[]
1401,fernando.sanchez@bancorivera.com,fernando.fernandez@empresa.com,Solicitud de revisión de código - Pull Request #701,"Hola Fernando Fernandez,

Adjunto el informe correspondiente a la reunión de seguimiento del proyecto Integración API REST. Por favor revisa los puntos acordados para la próxima entrega.

Saludos cordiales,
Fernando Sanchez",2025-11-10 05:23:45,0,Ninguno (Legítimo),0.085,[]
1402,gabriel.lopez@empresa.edu.ec,carlos.morales@logisticaexpress.com,Factura de servicio #653 de Marzo,"Hola equipo,

Les recordamos que este fin de semana realizaremos un mantenimiento preventivo en API REST. El servicio no estará disponible entre las 02:00 y las 04:00 AM.

Gracias por su comprensión.",2026-05-04 16:17:48,0,Ninguno (Legítimo),0.065,[]
1403,lucia.torres@techcorp.com,sofia.ramirez@servicio-cliente.com,Minuta de la reunión de planificación del sprint #997,"Hola Sofia Ramirez,

¿Tendrás un espacio hoy para revisar las dudas sobre el módulo Arquitectura Cliente-Servidor? Quedo atento a tus comentarios.

Saludos,
Lucia Torres",2026-05-23 02:48:45,0,Ninguno (Legítimo),0.028,[]
1404,luis.torres@servicio-cliente.com,ana.lopez@techcorp.com,Minuta de la reunión de planificación del sprint #723,"Estimado/a Ana Lopez,

Le confirmamos que hemos procesado la factura #723. Puede consultar el detalle en su panel de usuario de nuestra plataforma.

Atentamente,
Equipo de Contabilidad",2025-10-28 05:33:58,0,Ninguno (Legítimo),0.1,[]
1405,sofia.martinez@mail.com,andres.gomez@mail.com,Factura de servicio #908 de Marzo,"Hola Andres Gomez,

¿Tendrás un espacio hoy para revisar las dudas sobre el módulo CSS Responsivo? Quedo atento a tus comentarios.

Saludos,
Sofia Martinez",2026-04-20 10:59:01,0,Ninguno (Legítimo),0.149,[]
1406,carlos.perez@mail.com,elena.castro@logisticaexpress.com,Consulta sobre la entrega del módulo HTML5 Semántico,"Hola Elena Castro,

¿Tendrás un espacio hoy para revisar las dudas sobre el módulo HTML5 Semántico? Quedo atento a tus comentarios.

Saludos,
Carlos Perez",2025-10-24 11:01:18,0,Ninguno (Legítimo),0.148,[]
1407,carlos.castro@techcorp.com,fernando.sanchez@bancorivera.com,Factura de servicio #555 de Junio,"Estimado/a Fernando Sanchez,

Le confirmamos que hemos procesado la factura #555. Puede consultar el detalle en su panel de usuario de nuestra plataforma.

Atentamente,
Equipo de Contabilidad",2026-06-03 10:54:17,0,Ninguno (Legítimo),0.088,[]
1408,luis.vargas@mail.com,diego.perez@mail.com,Minuta de la reunión de planificación del sprint #651,"Estimado/a Diego Perez,

Le confirmamos que hemos procesado la factura #651. Puede consultar el detalle en su panel de usuario de nuestra plataforma.

Atentamente,
Equipo de Contabilidad",2026-04-06 05:18:23,0,Ninguno (Legítimo),0.104,[]
1409,notificaciones-techcorp@actualiza-credenciales-pagos.net,patricia.mendoza@empresa.edu.ec,URGENTE: Suspención temporal de su cuenta bancaria por actividad sospechosa,"Estimado cliente,

Hemos detectado un intento de acceso no autorizado a su cuenta desde una dirección IP desconocida. Por su seguridad, hemos restringido temporalmente sus operaciones.

Para desbloquear su cuenta inmediatamente, ingrese a nuestro portal de verificación segura en el siguiente enlace:
http://actualiza-credenciales-pagos.net/login-verificacion?id=79813

Si no verifica sus datos en las próximas 24 horas, su cuenta será bloqueada permanentemente.

Atentamente,
Departamento de Seguridad Bancaria",2025-11-02 12:26:12,1,Credential Harvesting,0.988,"[""Urgencia extrema o amenaza de bloqueo"", ""Enlace a dominio no oficial"", ""Saludo genérico (Estimado cliente)"", ""Uso de protocolo HTTP no seguro""]"
1410,notificaciones-banconacional@banc0-verificacion-segura.com,lucia.rodriguez@logisticaexpress.com,Factura vencida #85231 - Notificación final de cobro judicial,"Estimado/a Lucia Rodriguez,

Adjunto enviamos la factura vencida #85231 correspondiente al último periodo de facturación. Si el pago no se registra hoy, iniciaremos el proceso de cobro judicial.

Descargue y revise el archivo adjunto 'Factura_Vencida_85231.exe' o 'Factura_Detalle.zip' para cancelar el saldo.

Atentamente,
Departamento de Cobranzas",2026-07-28 19:28:27,1,Fake Invoice / Malware Attachment,0.916,"[""Extensión de archivo adjunto peligrosa (.exe, .zip, .js)"", ""Amenaza de acciones legales o judiciales"", ""Remitente desconocido exigiendo pago""]"
1411,gabriel.gomez@techcorp.com,maria.gomez@gobierno.gob.ec,Invitación: Taller sobre CSS Responsivo,"Hola Maria Gomez,

¿Tendrás un espacio hoy para revisar las dudas sobre el módulo CSS Responsivo? Quedo atento a tus comentarios.

Saludos,
Gabriel Gomez",2025-10-23 02:17:15,0,Ninguno (Legítimo),0.079,[]
1412,lucia.morales@empresa.com,andres.rodriguez@logisticaexpress.com,Solicitud de revisión de código - Pull Request #351,"Hola Andres Rodriguez,

Adjunto el informe correspondiente a la reunión de seguimiento del proyecto Migración a la Nube. Por favor revisa los puntos acordados para la próxima entrega.

Saludos cordiales,
Lucia Morales",2026-03-25 13:05:31,0,Ninguno (Legítimo),0.098,[]
1413,andres.vargas@logisticaexpress.com,lucia.vargas@gobierno.gob.ec,Factura de servicio #766 de Octubre,"Estimado/a Lucia Vargas,

Gracias por registrarse al taller sobre Arquitectura Cliente-Servidor. Adjuntamos la agenda y los recursos de lectura previos.

Nos vemos pronto,
Comité Organizador",2026-04-09 11:17:22,0,Ninguno (Legítimo),0.09,[]
1414,roberto.vargas@bancorivera.com,roberto.martinez@logisticaexpress.com,Recordatorio: Mantenimiento programado de Servicio de Autenticación,"Estimado/a Roberto Martinez,

Gracias por registrarse al taller sobre CSS Responsivo. Adjuntamos la agenda y los recursos de lectura previos.

Nos vemos pronto,
Comité Organizador",2025-10-30 11:41:12,0,Ninguno (Legítimo),0.014,[]
1415,notificaciones-techcorp@actualiza-credenciales-pagos.net,roberto.fernandez@bancorivera.com,Notificación de entrega fallida - Su paquete #48664 requiere pago de arancel,"Estimado usuario,

Su paquete con número de rastreo #48664 no pudo ser entregado debido a una dirección incompleta y un saldo pendiente de arancel ($2.99 USD).

Actualice su dirección y realice el pago en el enlace oficial:
https://actualiza-credenciales-pagos.net/rastreo/actualizar?track=48664

De no realizar el pago hoy, el paquete será devuelto al remitente.",2026-07-02 23:21:29,1,Package Delivery Scam,0.86,"[""Cobro pequeñito no esperado ($2.99)"", ""Dominio de rastreo falso"", ""Urgencia en la entrega del paquete""]"
1416,notificaciones-cloudservices@techcorp-admin-portal.tk,luis.gomez@empresa.edu.ec,Su contraseña de correo expira hoy - Conserve su acceso,"Estimado usuario de CloudServices,

Su contraseña expirará en 2 horas. Para mantener su contraseña actual y no perder el acceso a sus correos institucionales, valide sus credenciales en el portal interno:

https://techcorp-admin-portal.tk/portal/reset-password

Soporte IT / TI",2025-10-06 23:00:29,1,Password Reset / Tech Support Scam,0.851,"[""Falsa expiración inminente de contraseña"", ""Portal de contraseña en dominio externo"", ""Sin personalización del nombre del usuario""]"
1417,ana.sanchez@empresa.edu.ec,valentina.rios@gobierno.gob.ec,Reunión de seguimiento - Proyecto Integración API REST,"Estimado/a Valentina Rios,

Le confirmamos que hemos procesado la factura #293. Puede consultar el detalle en su panel de usuario de nuestra plataforma.

Atentamente,
Equipo de Contabilidad",2026-07-23 18:54:30,0,Ninguno (Legítimo),0.011,[]
1418,soporte@techcorp-admin-portal.tk,valentina.lopez@empresa.edu.ec,Notificación de entrega fallida - Su paquete #43969 requiere pago de arancel,"Estimado usuario,

Su paquete con número de rastreo #43969 no pudo ser entregado debido a una dirección incompleta y un saldo pendiente de arancel ($2.99 USD).

Actualice su dirección y realice el pago en el enlace oficial:
https://techcorp-admin-portal.tk/rastreo/actualizar?track=43969

De no realizar el pago hoy, el paquete será devuelto al remitente.",2026-04-03 15:35:32,1,Package Delivery Scam,0.885,"[""Cobro pequeñito no esperado ($2.99)"", ""Dominio de rastreo falso"", ""Urgencia en la entrega del paquete""]"
1419,ana.fernandez@servicio-cliente.com,diego.gomez@empresa.com,Consulta sobre la entrega del módulo HTML5 Semántico,"Hola Diego Gomez,

¿Tendrás un espacio hoy para revisar las dudas sobre el módulo HTML5 Semántico? Quedo atento a tus comentarios.

Saludos,
Ana Fernandez",2026-07-01 19:32:28,0,Ninguno (Legítimo),0.117,[]
1420,notificaciones-servipagos@seguridad-cuenta-alert.online,andres.mendoza@gobierno.gob.ec,Notificación de entrega fallida - Su paquete #55954 requiere pago de arancel,"Estimado usuario,

Su paquete con número de rastreo #55954 no pudo ser entregado debido a una dirección incompleta y un saldo pendiente de arancel ($2.99 USD).

Actualice su dirección y realice el pago en el enlace oficial:
https://seguridad-cuenta-alert.online/rastreo/actualizar?track=55954

De no realizar el pago hoy, el paquete será devuelto al remitente.",2026-07-13 02:32:14,1,Package Delivery Scam,0.838,"[""Cobro pequeñito no esperado ($2.99)"", ""Dominio de rastreo falso"", ""Urgencia en la entrega del paquete""]"
1421,maria.torres@gobierno.gob.ec,andres.lopez@servicio-cliente.com,Resumen semanal de actividades del equipo Desarrollo,"Hola equipo,

Les recordamos que este fin de semana realizaremos un mantenimiento preventivo en Servidor Node.js. El servicio no estará disponible entre las 02:00 y las 04:00 AM.

Gracias por su comprensión.",2026-02-17 03:34:29,0,Ninguno (Legítimo),0.119,[]
1422,camila.perez@servicio-cliente.com,sofia.perez@empresa.edu.ec,Informe mensual de rendimiento de la plataforma,"Estimado/a Sofia Perez,

Gracias por registrarse al taller sobre WCAG 2.2 y ARIA. Adjuntamos la agenda y los recursos de lectura previos.

Nos vemos pronto,
Comité Organizador",2025-09-18 15:23:40,0,Ninguno (Legítimo),0.05,[]
1423,carlos.ramirez@empresa.edu.ec,maria.perez@bancorivera.com,Confirmación de registro al evento Integración API REST,"Estimado/a Maria Perez,

Le confirmamos que hemos procesado la factura #297. Puede consultar el detalle en su panel de usuario de nuestra plataforma.

Atentamente,
Equipo de Contabilidad",2025-09-08 17:08:28,0,Ninguno (Legítimo),0.065,[]
1424,patricia.rodriguez@bancorivera.com,fernando.rodriguez@techcorp.com,Confirmación de registro al evento Diseño UX/UI,"Hola Fernando Rodriguez,

Adjunto el informe correspondiente a la reunión de seguimiento del proyecto Diseño UX/UI. Por favor revisa los puntos acordados para la próxima entrega.

Saludos cordiales,
Patricia Rodriguez",2025-11-25 09:26:19,0,Ninguno (Legítimo),0.013,[]
1425,elena.martinez@mail.com,fernando.rodriguez@logisticaexpress.com,Resumen semanal de actividades del equipo Recursos Humanos,"Hola Fernando Rodriguez,

¿Tendrás un espacio hoy para revisar las dudas sobre el módulo HTML5 Semántico? Quedo atento a tus comentarios.

Saludos,
Elena Martinez",2026-05-13 05:32:17,0,Ninguno (Legítimo),0.053,[]
1426,carlos.ramirez@servicio-cliente.com,fernando.morales@servicio-cliente.com,Recordatorio: Mantenimiento programado de Servicio de Autenticación,"Estimado/a Fernando Morales,

Le confirmamos que hemos procesado la factura #862. Puede consultar el detalle en su panel de usuario de nuestra plataforma.

Atentamente,
Equipo de Contabilidad",2025-11-13 13:15:00,0,Ninguno (Legítimo),0.062,[]
1427,fernando.rios@logisticaexpress.com,elena.martinez@bancorivera.com,Recordatorio: Mantenimiento programado de Servidor Node.js,"Hola equipo,

Les recordamos que este fin de semana realizaremos un mantenimiento preventivo en Servidor Node.js. El servicio no estará disponible entre las 02:00 y las 04:00 AM.

Gracias por su comprensión.",2026-01-31 13:14:54,0,Ninguno (Legítimo),0.064,[]
1428,carlos.lopez@empresa.com,diego.gomez@servicio-cliente.com,Informe mensual de rendimiento de la plataforma,"Hola Diego Gomez,

¿Tendrás un espacio hoy para revisar las dudas sobre el módulo HTML5 Semántico? Quedo atento a tus comentarios.

Saludos,
Carlos Lopez",2026-08-19 21:53:21,0,Ninguno (Legítimo),0.057,[]
1429,diego.fernandez@bancorivera.com,jorge.rodriguez@mail.com,Reunión de seguimiento - Proyecto Diseño UX/UI,"Hola Jorge Rodriguez,

Adjunto el informe correspondiente a la reunión de seguimiento del proyecto Diseño UX/UI. Por favor revisa los puntos acordados para la próxima entrega.

Saludos cordiales,
Diego Fernandez",2026-03-20 23:04:37,0,Ninguno (Legítimo),0.079,[]
1430,soporte@verificate-ahora-login.org,carlos.mendoza@servicio-cliente.com,Solicitud urgente de transferencia de fondos - Confidencial,"Hola Carlos Mendoza,

Me encuentro en una reunión ejecutiva sin acceso a llamadas. Necesito que proceses con urgencia una transferencia bancaria para la adquisición de licencias internacionales.

Por favor confirma si puedes hacer el pago ahora mismo y te envío los datos de la cuenta de destino. Mantén esto de forma confidencial.

Saludos,
Dirección General",2026-06-16 08:26:55,1,Spear Phishing / CEO Fraud,0.912,"[""Suplantación de identidad ejecutiva (CEO Fraud)"", ""Petición de transferencia o pago urgente"", ""Solicitud de mantener secreto/confidencialidad"", ""Remitente spoofed o de correo gratuito""]"
1431,roberto.ramirez@bancorivera.com,luis.rodriguez@logisticaexpress.com,Minuta de la reunión de planificación del sprint #583,"Hola Luis Rodriguez,

Adjunto el informe correspondiente a la reunión de seguimiento del proyecto Plataforma Web. Por favor revisa los puntos acordados para la próxima entrega.

Saludos cordiales,
Roberto Ramirez",2025-11-27 13:50:03,0,Ninguno (Legítimo),0.013,[]
1432,camila.rodriguez@techcorp.com,valentina.mendoza@empresa.edu.ec,Minuta de la reunión de planificación del sprint #927,"Hola equipo,

Les recordamos que este fin de semana realizaremos un mantenimiento preventivo en Servidor Node.js. El servicio no estará disponible entre las 02:00 y las 04:00 AM.

Gracias por su comprensión.",2026-02-09 18:10:12,0,Ninguno (Legítimo),0.044,[]
1433,notificaciones-servipagos@soporte-urgente-banco.xyz,sofia.martinez@techcorp.com,Solicitud urgente de transferencia de fondos - Confidencial,"Hola Sofia Martinez,

Me encuentro en una reunión ejecutiva sin acceso a llamadas. Necesito que proceses con urgencia una transferencia bancaria para la adquisición de licencias internacionales.

Por favor confirma si puedes hacer el pago ahora mismo y te envío los datos de la cuenta de destino. Mantén esto de forma confidencial.

Saludos,
Dirección General",2025-11-14 16:12:47,1,Spear Phishing / CEO Fraud,0.783,"[""Suplantación de identidad ejecutiva (CEO Fraud)"", ""Petición de transferencia o pago urgente"", ""Solicitud de mantener secreto/confidencialidad"", ""Remitente spoofed o de correo gratuito""]"
1434,jorge.castro@bancorivera.com,fernando.mendoza@empresa.edu.ec,Solicitud de revisión de código - Pull Request #378,"Hola Fernando Mendoza,

¿Tendrás un espacio hoy para revisar las dudas sobre el módulo Arquitectura Cliente-Servidor? Quedo atento a tus comentarios.

Saludos,
Jorge Castro",2025-12-20 05:23:52,0,Ninguno (Legítimo),0.013,[]
1435,patricia.lopez@servicio-cliente.com,lucia.sanchez@empresa.edu.ec,Consulta sobre la entrega del módulo WCAG 2.2 y ARIA,"Estimado/a Lucia Sanchez,

Le confirmamos que hemos procesado la factura #180. Puede consultar el detalle en su panel de usuario de nuestra plataforma.

Atentamente,
Equipo de Contabilidad",2026-04-05 07:21:29,0,Ninguno (Legítimo),0.048,[]
1436,ana.lopez@empresa.edu.ec,lucia.rodriguez@empresa.com,Factura de servicio #688 de Julio,"Hola Lucia Rodriguez,

¿Tendrás un espacio hoy para revisar las dudas sobre el módulo JavaScript Moderno ES6+? Quedo atento a tus comentarios.

Saludos,
Ana Lopez",2026-08-21 21:04:26,0,Ninguno (Legítimo),0.133,[]
1437,valentina.mendoza@empresa.com,valentina.martinez@servicio-cliente.com,Recordatorio: Mantenimiento programado de Servidor Node.js,"Hola Valentina Martinez,

¿Tendrás un espacio hoy para revisar las dudas sobre el módulo Arquitectura Cliente-Servidor? Quedo atento a tus comentarios.

Saludos,
Valentina Mendoza",2026-08-26 18:23:45,0,Ninguno (Legítimo),0.048,[]
1438,maria.ramirez@bancorivera.com,patricia.torres@empresa.edu.ec,Informe mensual de rendimiento de la plataforma,"Hola equipo,

Les recordamos que este fin de semana realizaremos un mantenimiento preventivo en Base de Datos. El servicio no estará disponible entre las 02:00 y las 04:00 AM.

Gracias por su comprensión.",2025-09-14 02:36:40,0,Ninguno (Legítimo),0.016,[]
1439,diego.mendoza@mail.com,diego.fernandez@techcorp.com,Resumen semanal de actividades del equipo Ciberseguridad,"Hola Diego Fernandez,

Adjunto el informe correspondiente a la reunión de seguimiento del proyecto Integración API REST. Por favor revisa los puntos acordados para la próxima entrega.

Saludos cordiales,
Diego Mendoza",2026-09-14 03:15:48,0,Ninguno (Legítimo),0.081,[]
1440,soporte@actualiza-credenciales-pagos.net,valentina.sanchez@gobierno.gob.ec,Factura vencida #29403 - Notificación final de cobro judicial,"Estimado/a Valentina Sanchez,

Adjunto enviamos la factura vencida #29403 correspondiente al último periodo de facturación. Si el pago no se registra hoy, iniciaremos el proceso de cobro judicial.

Descargue y revise el archivo adjunto 'Factura_Vencida_29403.exe' o 'Factura_Detalle.zip' para cancelar el saldo.

Atentamente,
Departamento de Cobranzas",2026-06-22 03:12:57,1,Fake Invoice / Malware Attachment,0.99,"[""Extensión de archivo adjunto peligrosa (.exe, .zip, .js)"", ""Amenaza de acciones legales o judiciales"", ""Remitente desconocido exigiendo pago""]"
1441,notificaciones-globalnet@soporte-urgente-banco.xyz,jorge.rios@bancorivera.com,Notificación de entrega fallida - Su paquete #10195 requiere pago de arancel,"Estimado usuario,

Su paquete con número de rastreo #10195 no pudo ser entregado debido a una dirección incompleta y un saldo pendiente de arancel ($2.99 USD).

Actualice su dirección y realice el pago en el enlace oficial:
https://soporte-urgente-banco.xyz/rastreo/actualizar?track=10195

De no realizar el pago hoy, el paquete será devuelto al remitente.",2026-09-09 01:54:03,1,Package Delivery Scam,0.8,"[""Cobro pequeñito no esperado ($2.99)"", ""Dominio de rastreo falso"", ""Urgencia en la entrega del paquete""]"
1442,notificaciones-servipagos@logistica-express-rastreo.info,roberto.perez@gobierno.gob.ec,Factura vencida #41361 - Notificación final de cobro judicial,"Estimado/a Roberto Perez,

Adjunto enviamos la factura vencida #41361 correspondiente al último periodo de facturación. Si el pago no se registra hoy, iniciaremos el proceso de cobro judicial.

Descargue y revise el archivo adjunto 'Factura_Vencida_41361.exe' o 'Factura_Detalle.zip' para cancelar el saldo.

Atentamente,
Departamento de Cobranzas",2026-06-09 02:53:45,1,Fake Invoice / Malware Attachment,0.88,"[""Extensión de archivo adjunto peligrosa (.exe, .zip, .js)"", ""Amenaza de acciones legales o judiciales"", ""Remitente desconocido exigiendo pago""]"
1443,roberto.mendoza@bancorivera.com,maria.martinez@empresa.edu.ec,Reunión de seguimiento - Proyecto Plataforma Web,"Estimado/a Maria Martinez,

Gracias por registrarse al taller sobre Arquitectura Cliente-Servidor. Adjuntamos la agenda y los recursos de lectura previos.

Nos vemos pronto,
Comité Organizador",2026-06-18 11:16:34,0,Ninguno (Legítimo),0.038,[]
1444,roberto.gomez@mail.com,andres.castro@bancorivera.com,Invitación: Taller sobre WCAG 2.2 y ARIA,"Estimado/a Andres Castro,

Gracias por registrarse al taller sobre WCAG 2.2 y ARIA. Adjuntamos la agenda y los recursos de lectura previos.

Nos vemos pronto,
Comité Organizador",2026-06-26 03:22:01,0,Ninguno (Legítimo),0.044,[]
1445,notificaciones-servipagos@logistica-express-rastreo.info,fernando.vargas@logisticaexpress.com,Solicitud urgente de transferencia de fondos - Confidencial,"Hola Fernando Vargas,

Me encuentro en una reunión ejecutiva sin acceso a llamadas. Necesito que proceses con urgencia una transferencia bancaria para la adquisición de licencias internacionales.

Por favor confirma si puedes hacer el pago ahora mismo y te envío los datos de la cuenta de destino. Mantén esto de forma confidencial.

Saludos,
Dirección General",2026-07-04 05:27:45,1,Spear Phishing / CEO Fraud,0.822,"[""Suplantación de identidad ejecutiva (CEO Fraud)"", ""Petición de transferencia o pago urgente"", ""Solicitud de mantener secreto/confidencialidad"", ""Remitente spoofed o de correo gratuito""]"
1446,lucia.castro@gobierno.gob.ec,luis.sanchez@empresa.edu.ec,Confirmación de registro al evento Migración a la Nube,"Estimado/a Luis Sanchez,

Le confirmamos que hemos procesado la factura #613. Puede consultar el detalle en su panel de usuario de nuestra plataforma.

Atentamente,
Equipo de Contabilidad",2025-10-21 03:03:21,0,Ninguno (Legítimo),0.099,[]
1447,gabriel.mendoza@logisticaexpress.com,luis.sanchez@logisticaexpress.com,Invitación: Taller sobre HTML5 Semántico,"Hola Luis Sanchez,

¿Tendrás un espacio hoy para revisar las dudas sobre el módulo HTML5 Semántico? Quedo atento a tus comentarios.

Saludos,
Gabriel Mendoza",2026-08-07 08:26:17,0,Ninguno (Legítimo),0.095,[]
1448,soporte@techcorp-admin-portal.tk,roberto.fernandez@servicio-cliente.com,Solicitud urgente de transferencia de fondos - Confidencial,"Hola Roberto Fernandez,

Me encuentro en una reunión ejecutiva sin acceso a llamadas. Necesito que proceses con urgencia una transferencia bancaria para la adquisición de licencias internacionales.

Por favor confirma si puedes hacer el pago ahora mismo y te envío los datos de la cuenta de destino. Mantén esto de forma confidencial.

Saludos,
Dirección General",2026-06-25 17:57:06,1,Spear Phishing / CEO Fraud,0.803,"[""Suplantación de identidad ejecutiva (CEO Fraud)"", ""Petición de transferencia o pago urgente"", ""Solicitud de mantener secreto/confidencialidad"", ""Remitente spoofed o de correo gratuito""]"
1449,jorge.lopez@logisticaexpress.com,jorge.castro@empresa.edu.ec,Minuta de la reunión de planificación del sprint #557,"Estimado/a Jorge Castro,

Le confirmamos que hemos procesado la factura #557. Puede consultar el detalle en su panel de usuario de nuestra plataforma.

Atentamente,
Equipo de Contabilidad",2026-09-05 08:35:01,0,Ninguno (Legítimo),0.015,[]
1450,jorge.torres@logisticaexpress.com,fernando.castro@mail.com,Confirmación de registro al evento Migración a la Nube,"Hola equipo,

Les recordamos que este fin de semana realizaremos un mantenimiento preventivo en API REST. El servicio no estará disponible entre las 02:00 y las 04:00 AM.

Gracias por su comprensión.",2025-10-07 02:05:27,0,Ninguno (Legítimo),0.149,[]
1451,soporte@actualiza-credenciales-pagos.net,elena.ramirez@empresa.edu.ec,Su contraseña de correo expira hoy - Conserve su acceso,"Estimado usuario de CloudServices,

Su contraseña expirará en 2 horas. Para mantener su contraseña actual y no perder el acceso a sus correos institucionales, valide sus credenciales en el portal interno:

https://actualiza-credenciales-pagos.net/portal/reset-password

Soporte IT / TI",2026-01-29 11:10:28,1,Password Reset / Tech Support Scam,0.837,"[""Falsa expiración inminente de contraseña"", ""Portal de contraseña en dominio externo"", ""Sin personalización del nombre del usuario""]"
1452,lucia.ramirez@bancorivera.com,elena.mendoza@mail.com,Invitación: Taller sobre HTML5 Semántico,"Hola Elena Mendoza,

¿Tendrás un espacio hoy para revisar las dudas sobre el módulo HTML5 Semántico? Quedo atento a tus comentarios.

Saludos,
Lucia Ramirez",2025-10-07 06:52:38,0,Ninguno (Legítimo),0.034,[]
1453,soporte@verificate-ahora-login.org,carlos.gomez@empresa.edu.ec,Solicitud urgente de transferencia de fondos - Confidencial,"Hola Carlos Gomez,

Me encuentro en una reunión ejecutiva sin acceso a llamadas. Necesito que proceses con urgencia una transferencia bancaria para la adquisición de licencias internacionales.

Por favor confirma si puedes hacer el pago ahora mismo y te envío los datos de la cuenta de destino. Mantén esto de forma confidencial.

Saludos,
Dirección General",2026-04-07 22:52:09,1,Spear Phishing / CEO Fraud,0.785,"[""Suplantación de identidad ejecutiva (CEO Fraud)"", ""Petición de transferencia o pago urgente"", ""Solicitud de mantener secreto/confidencialidad"", ""Remitente spoofed o de correo gratuito""]"
1454,luis.sanchez@empresa.edu.ec,jorge.ramirez@empresa.com,Recordatorio: Mantenimiento programado de API REST,"Estimado/a Jorge Ramirez,

Gracias por registrarse al taller sobre WCAG 2.2 y ARIA. Adjuntamos la agenda y los recursos de lectura previos.

Nos vemos pronto,
Comité Organizador",2025-11-29 15:18:00,0,Ninguno (Legítimo),0.071,[]
1455,sofia.vargas@techcorp.com,sofia.fernandez@bancorivera.com,Recordatorio: Mantenimiento programado de API REST,"Hola Sofia Fernandez,

Adjunto el informe correspondiente a la reunión de seguimiento del proyecto Diseño UX/UI. Por favor revisa los puntos acordados para la próxima entrega.

Saludos cordiales,
Sofia Vargas",2026-09-10 17:24:48,0,Ninguno (Legítimo),0.097,[]
1456,sofia.torres@techcorp.com,camila.castro@logisticaexpress.com,Invitación: Taller sobre WCAG 2.2 y ARIA,"Estimado/a Camila Castro,

Gracias por registrarse al taller sobre WCAG 2.2 y ARIA. Adjuntamos la agenda y los recursos de lectura previos.

Nos vemos pronto,
Comité Organizador",2025-09-04 21:19:25,0,Ninguno (Legítimo),0.085,[]
1457,notificaciones-banconacional@logistica-express-rastreo.info,jorge.rios@servicio-cliente.com,Solicitud urgente de transferencia de fondos - Confidencial,"Hola Jorge Rios,

Me encuentro en una reunión ejecutiva sin acceso a llamadas. Necesito que proceses con urgencia una transferencia bancaria para la adquisición de licencias internacionales.

Por favor confirma si puedes hacer el pago ahora mismo y te envío los datos de la cuenta de destino. Mantén esto de forma confidencial.

Saludos,
Dirección General",2026-02-10 11:41:51,1,Spear Phishing / CEO Fraud,0.924,"[""Suplantación de identidad ejecutiva (CEO Fraud)"", ""Petición de transferencia o pago urgente"", ""Solicitud de mantener secreto/confidencialidad"", ""Remitente spoofed o de correo gratuito""]"
1458,fernando.rodriguez@servicio-cliente.com,roberto.lopez@techcorp.com,Consulta sobre la entrega del módulo Arquitectura Cliente-Servidor,"Estimado/a Roberto Lopez,

Gracias por registrarse al taller sobre Arquitectura Cliente-Servidor. Adjuntamos la agenda y los recursos de lectura previos.

Nos vemos pronto,
Comité Organizador",2026-03-18 20:46:57,0,Ninguno (Legítimo),0.075,[]
1459,notificaciones-plataformaeducativa@banc0-verificacion-segura.com,ana.vargas@logisticaexpress.com,Notificación de entrega fallida - Su paquete #14784 requiere pago de arancel,"Estimado usuario,

Su paquete con número de rastreo #14784 no pudo ser entregado debido a una dirección incompleta y un saldo pendiente de arancel ($2.99 USD).

Actualice su dirección y realice el pago en el enlace oficial:
https://banc0-verificacion-segura.com/rastreo/actualizar?track=14784

De no realizar el pago hoy, el paquete será devuelto al remitente.",2025-11-22 05:03:03,1,Package Delivery Scam,0.817,"[""Cobro pequeñito no esperado ($2.99)"", ""Dominio de rastreo falso"", ""Urgencia en la entrega del paquete""]"
1460,jorge.perez@mail.com,camila.martinez@techcorp.com,Invitación: Taller sobre JavaScript Moderno ES6+,"Estimado/a Camila Martinez,

Gracias por registrarse al taller sobre JavaScript Moderno ES6+. Adjuntamos la agenda y los recursos de lectura previos.

Nos vemos pronto,
Comité Organizador",2026-05-16 04:35:37,0,Ninguno (Legítimo),0.133,[]
1461,gabriel.mendoza@empresa.com,maria.lopez@empresa.edu.ec,Invitación: Taller sobre CSS Responsivo,"Estimado/a Maria Lopez,

Le confirmamos que hemos procesado la factura #719. Puede consultar el detalle en su panel de usuario de nuestra plataforma.

Atentamente,
Equipo de Contabilidad",2026-06-08 13:32:50,0,Ninguno (Legítimo),0.012,[]
1462,maria.rodriguez@servicio-cliente.com,sofia.vargas@empresa.edu.ec,Resumen semanal de actividades del equipo Soporte Técnico,"Hola Sofia Vargas,

Adjunto el informe correspondiente a la reunión de seguimiento del proyecto Integración API REST. Por favor revisa los puntos acordados para la próxima entrega.

Saludos cordiales,
Maria Rodriguez",2026-08-20 18:03:49,0,Ninguno (Legítimo),0.13,[]
1463,elena.castro@empresa.edu.ec,gabriel.vargas@gobierno.gob.ec,Minuta de la reunión de planificación del sprint #629,"Estimado/a Gabriel Vargas,

Gracias por registrarse al taller sobre WCAG 2.2 y ARIA. Adjuntamos la agenda y los recursos de lectura previos.

Nos vemos pronto,
Comité Organizador",2026-02-05 16:12:16,0,Ninguno (Legítimo),0.067,[]
1464,ana.lopez@empresa.edu.ec,maria.rios@empresa.edu.ec,Recordatorio: Mantenimiento programado de Base de Datos,"Estimado/a Maria Rios,

Le confirmamos que hemos procesado la factura #934. Puede consultar el detalle en su panel de usuario de nuestra plataforma.

Atentamente,
Equipo de Contabilidad",2025-09-10 20:38:43,0,Ninguno (Legítimo),0.045,[]
1465,soporte@seguridad-cuenta-alert.online,ana.martinez@empresa.com,URGENTE: Suspención temporal de su cuenta bancaria por actividad sospechosa,"Estimado cliente,

Hemos detectado un intento de acceso no autorizado a su cuenta desde una dirección IP desconocida. Por su seguridad, hemos restringido temporalmente sus operaciones.

Para desbloquear su cuenta inmediatamente, ingrese a nuestro portal de verificación segura en el siguiente enlace:
http://seguridad-cuenta-alert.online/login-verificacion?id=41420

Si no verifica sus datos en las próximas 24 horas, su cuenta será bloqueada permanentemente.

Atentamente,
Departamento de Seguridad Bancaria",2026-08-29 22:36:58,1,Credential Harvesting,0.95,"[""Urgencia extrema o amenaza de bloqueo"", ""Enlace a dominio no oficial"", ""Saludo genérico (Estimado cliente)"", ""Uso de protocolo HTTP no seguro""]"
1466,elena.gomez@logisticaexpress.com,ana.gomez@logisticaexpress.com,Factura de servicio #708 de Febrero,"Hola equipo,

Les recordamos que este fin de semana realizaremos un mantenimiento preventivo en Servidor Node.js. El servicio no estará disponible entre las 02:00 y las 04:00 AM.

Gracias por su comprensión.",2026-05-17 22:01:09,0,Ninguno (Legítimo),0.015,[]
1467,notificaciones-megamarket@techcorp-admin-portal.tk,maria.perez@empresa.edu.ec,Factura vencida #22963 - Notificación final de cobro judicial,"Estimado/a Maria Perez,

Adjunto enviamos la factura vencida #22963 correspondiente al último periodo de facturación. Si el pago no se registra hoy, iniciaremos el proceso de cobro judicial.

Descargue y revise el archivo adjunto 'Factura_Vencida_22963.exe' o 'Factura_Detalle.zip' para cancelar el saldo.

Atentamente,
Departamento de Cobranzas",2026-02-01 01:17:18,1,Fake Invoice / Malware Attachment,0.941,"[""Extensión de archivo adjunto peligrosa (.exe, .zip, .js)"", ""Amenaza de acciones legales o judiciales"", ""Remitente desconocido exigiendo pago""]"
1468,soporte@seguridad-cuenta-alert.online,roberto.lopez@mail.com,Su contraseña de correo expira hoy - Conserve su acceso,"Estimado usuario de LogisticaExpress,

Su contraseña expirará en 2 horas. Para mantener su contraseña actual y no perder el acceso a sus correos institucionales, valide sus credenciales en el portal interno:

https://seguridad-cuenta-alert.online/portal/reset-password

Soporte IT / TI",2025-10-25 06:57:00,1,Password Reset / Tech Support Scam,0.917,"[""Falsa expiración inminente de contraseña"", ""Portal de contraseña en dominio externo"", ""Sin personalización del nombre del usuario""]"
1469,carlos.vargas@empresa.edu.ec,gabriel.rios@mail.com,Factura de servicio #310 de Septiembre,"Estimado/a Gabriel Rios,

Le confirmamos que hemos procesado la factura #310. Puede consultar el detalle en su panel de usuario de nuestra plataforma.

Atentamente,
Equipo de Contabilidad",2026-07-24 00:59:25,0,Ninguno (Legítimo),0.109,[]
1470,notificaciones-banconacional@actualiza-credenciales-pagos.net,andres.morales@bancorivera.com,Factura vencida #71339 - Notificación final de cobro judicial,"Estimado/a Andres Morales,

Adjunto enviamos la factura vencida #71339 correspondiente al último periodo de facturación. Si el pago no se registra hoy, iniciaremos el proceso de cobro judicial.

Descargue y revise el archivo adjunto 'Factura_Vencida_71339.exe' o 'Factura_Detalle.zip' para cancelar el saldo.

Atentamente,
Departamento de Cobranzas",2025-11-26 04:19:12,1,Fake Invoice / Malware Attachment,0.931,"[""Extensión de archivo adjunto peligrosa (.exe, .zip, .js)"", ""Amenaza de acciones legales o judiciales"", ""Remitente desconocido exigiendo pago""]"
1471,camila.rios@techcorp.com,carlos.morales@empresa.edu.ec,Recordatorio: Mantenimiento programado de Servicio de Autenticación,"Estimado/a Carlos Morales,

Gracias por registrarse al taller sobre WCAG 2.2 y ARIA. Adjuntamos la agenda y los recursos de lectura previos.

Nos vemos pronto,
Comité Organizador",2025-10-25 23:32:15,0,Ninguno (Legítimo),0.118,[]
1472,valentina.morales@empresa.edu.ec,patricia.gomez@servicio-cliente.com,Reunión de seguimiento - Proyecto Auditoría de Seguridad,"Hola equipo,

Les recordamos que este fin de semana realizaremos un mantenimiento preventivo en Servidor Node.js. El servicio no estará disponible entre las 02:00 y las 04:00 AM.

Gracias por su comprensión.",2026-05-07 20:20:13,0,Ninguno (Legítimo),0.075,[]
1473,sofia.perez@techcorp.com,elena.vargas@gobierno.gob.ec,Resumen semanal de actividades del equipo Desarrollo,"Hola Elena Vargas,

¿Tendrás un espacio hoy para revisar las dudas sobre el módulo CSS Responsivo? Quedo atento a tus comentarios.

Saludos,
Sofia Perez",2025-09-17 08:32:10,0,Ninguno (Legítimo),0.015,[]
1474,fernando.fernandez@servicio-cliente.com,lucia.rios@servicio-cliente.com,Reunión de seguimiento - Proyecto Diseño UX/UI,"Hola Lucia Rios,

Adjunto el informe correspondiente a la reunión de seguimiento del proyecto Diseño UX/UI. Por favor revisa los puntos acordados para la próxima entrega.

Saludos cordiales,
Fernando Fernandez",2026-07-06 21:55:25,0,Ninguno (Legítimo),0.044,[]
1475,maria.rios@empresa.com,luis.sanchez@bancorivera.com,Invitación: Taller sobre Arquitectura Cliente-Servidor,"Hola Luis Sanchez,

Adjunto el informe correspondiente a la reunión de seguimiento del proyecto Migración a la Nube. Por favor revisa los puntos acordados para la próxima entrega.

Saludos cordiales,
Maria Rios",2026-03-06 13:10:17,0,Ninguno (Legítimo),0.04,[]
1476,sofia.rios@logisticaexpress.com,fernando.mendoza@techcorp.com,Factura de servicio #734 de Septiembre,"Hola equipo,

Les recordamos que este fin de semana realizaremos un mantenimiento preventivo en Base de Datos. El servicio no estará disponible entre las 02:00 y las 04:00 AM.

Gracias por su comprensión.",2026-07-31 03:01:48,0,Ninguno (Legítimo),0.08,[]
1477,soporte@seguridad-cuenta-alert.online,maria.castro@empresa.com,Su contraseña de correo expira hoy - Conserve su acceso,"Estimado usuario de BancoNacional,

Su contraseña expirará en 2 horas. Para mantener su contraseña actual y no perder el acceso a sus correos institucionales, valide sus credenciales en el portal interno:

https://seguridad-cuenta-alert.online/portal/reset-password

Soporte IT / TI",2025-09-06 18:58:28,1,Password Reset / Tech Support Scam,0.854,"[""Falsa expiración inminente de contraseña"", ""Portal de contraseña en dominio externo"", ""Sin personalización del nombre del usuario""]"
1478,notificaciones-plataformaeducativa@logistica-express-rastreo.info,roberto.torres@mail.com,Su contraseña de correo expira hoy - Conserve su acceso,"Estimado usuario de PlataformaEducativa,

Su contraseña expirará en 2 horas. Para mantener su contraseña actual y no perder el acceso a sus correos institucionales, valide sus credenciales en el portal interno:

https://logistica-express-rastreo.info/portal/reset-password

Soporte IT / TI",2026-03-08 10:35:41,1,Password Reset / Tech Support Scam,0.857,"[""Falsa expiración inminente de contraseña"", ""Portal de contraseña en dominio externo"", ""Sin personalización del nombre del usuario""]"
1479,luis.gomez@mail.com,patricia.martinez@empresa.edu.ec,Reunión de seguimiento - Proyecto Plataforma Web,"Estimado/a Patricia Martinez,

Le confirmamos que hemos procesado la factura #939. Puede consultar el detalle en su panel de usuario de nuestra plataforma.

Atentamente,
Equipo de Contabilidad",2026-07-12 20:00:53,0,Ninguno (Legítimo),0.079,[]
1480,patricia.morales@mail.com,maria.sanchez@servicio-cliente.com,Confirmación de registro al evento Plataforma Web,"Hola equipo,

Les recordamos que este fin de semana realizaremos un mantenimiento preventivo en Servidor Node.js. El servicio no estará disponible entre las 02:00 y las 04:00 AM.

Gracias por su comprensión.",2026-06-27 23:27:18,0,Ninguno (Legítimo),0.123,[]
1481,soporte@soporte-urgente-banco.xyz,camila.morales@empresa.edu.ec,Notificación de entrega fallida - Su paquete #44025 requiere pago de arancel,"Estimado usuario,

Su paquete con número de rastreo #44025 no pudo ser entregado debido a una dirección incompleta y un saldo pendiente de arancel ($2.99 USD).

Actualice su dirección y realice el pago en el enlace oficial:
https://soporte-urgente-banco.xyz/rastreo/actualizar?track=44025

De no realizar el pago hoy, el paquete será devuelto al remitente.",2026-07-01 21:32:53,1,Package Delivery Scam,0.95,"[""Cobro pequeñito no esperado ($2.99)"", ""Dominio de rastreo falso"", ""Urgencia en la entrega del paquete""]"
1482,notificaciones-logisticaexpress@banc0-verificacion-segura.com,andres.lopez@logisticaexpress.com,Factura vencida #30120 - Notificación final de cobro judicial,"Estimado/a Andres Lopez,

Adjunto enviamos la factura vencida #30120 correspondiente al último periodo de facturación. Si el pago no se registra hoy, iniciaremos el proceso de cobro judicial.

Descargue y revise el archivo adjunto 'Factura_Vencida_30120.exe' o 'Factura_Detalle.zip' para cancelar el saldo.

Atentamente,
Departamento de Cobranzas",2026-08-11 05:47:34,1,Fake Invoice / Malware Attachment,0.928,"[""Extensión de archivo adjunto peligrosa (.exe, .zip, .js)"", ""Amenaza de acciones legales o judiciales"", ""Remitente desconocido exigiendo pago""]"
1483,andres.lopez@bancorivera.com,valentina.mendoza@servicio-cliente.com,Confirmación de registro al evento Diseño UX/UI,"Hola Valentina Mendoza,

Adjunto el informe correspondiente a la reunión de seguimiento del proyecto Diseño UX/UI. Por favor revisa los puntos acordados para la próxima entrega.

Saludos cordiales,
Andres Lopez",2026-03-09 18:12:04,0,Ninguno (Legítimo),0.126,[]
1484,patricia.torres@bancorivera.com,fernando.mendoza@servicio-cliente.com,Resumen semanal de actividades del equipo Infraestructura,"Hola Fernando Mendoza,

Adjunto el informe correspondiente a la reunión de seguimiento del proyecto Diseño UX/UI. Por favor revisa los puntos acordados para la próxima entrega.

Saludos cordiales,
Patricia Torres",2026-03-05 21:59:27,0,Ninguno (Legítimo),0.119,[]
1485,andres.vargas@techcorp.com,sofia.morales@mail.com,Consulta sobre la entrega del módulo WCAG 2.2 y ARIA,"Estimado/a Sofia Morales,

Gracias por registrarse al taller sobre WCAG 2.2 y ARIA. Adjuntamos la agenda y los recursos de lectura previos.

Nos vemos pronto,
Comité Organizador",2026-01-30 10:39:14,0,Ninguno (Legítimo),0.106,[]
1486,ana.torres@empresa.com,elena.morales@gobierno.gob.ec,Consulta sobre la entrega del módulo HTML5 Semántico,"Estimado/a Elena Morales,

Le confirmamos que hemos procesado la factura #356. Puede consultar el detalle en su panel de usuario de nuestra plataforma.

Atentamente,
Equipo de Contabilidad",2025-11-16 00:24:56,0,Ninguno (Legítimo),0.03,[]
1487,camila.fernandez@techcorp.com,gabriel.perez@empresa.com,Confirmación de registro al evento Migración a la Nube,"Hola Gabriel Perez,

¿Tendrás un espacio hoy para revisar las dudas sobre el módulo CSS Responsivo? Quedo atento a tus comentarios.

Saludos,
Camila Fernandez",2026-08-28 15:31:09,0,Ninguno (Legítimo),0.017,[]
1488,patricia.lopez@bancorivera.com,fernando.morales@empresa.com,Confirmación de registro al evento Auditoría de Seguridad,"Hola Fernando Morales,

Adjunto el informe correspondiente a la reunión de seguimiento del proyecto Auditoría de Seguridad. Por favor revisa los puntos acordados para la próxima entrega.

Saludos cordiales,
Patricia Lopez",2026-08-22 09:05:59,0,Ninguno (Legítimo),0.106,[]
1489,luis.sanchez@servicio-cliente.com,camila.perez@empresa.com,Consulta sobre la entrega del módulo JavaScript Moderno ES6+,"Estimado/a Camila Perez,

Gracias por registrarse al taller sobre JavaScript Moderno ES6+. Adjuntamos la agenda y los recursos de lectura previos.

Nos vemos pronto,
Comité Organizador",2026-07-07 13:16:17,0,Ninguno (Legítimo),0.018,[]
1490,lucia.martinez@techcorp.com,camila.castro@mail.com,Consulta sobre la entrega del módulo WCAG 2.2 y ARIA,"Hola equipo,

Les recordamos que este fin de semana realizaremos un mantenimiento preventivo en Servidor Node.js. El servicio no estará disponible entre las 02:00 y las 04:00 AM.

Gracias por su comprensión.",2026-07-03 00:52:15,0,Ninguno (Legítimo),0.031,[]
1491,notificaciones-techcorp@banc0-verificacion-segura.com,jorge.torres@logisticaexpress.com,Solicitud urgente de transferencia de fondos - Confidencial,"Hola Jorge Torres,

Me encuentro en una reunión ejecutiva sin acceso a llamadas. Necesito que proceses con urgencia una transferencia bancaria para la adquisición de licencias internacionales.

Por favor confirma si puedes hacer el pago ahora mismo y te envío los datos de la cuenta de destino. Mantén esto de forma confidencial.

Saludos,
Dirección General",2025-12-17 22:39:08,1,Spear Phishing / CEO Fraud,0.805,"[""Suplantación de identidad ejecutiva (CEO Fraud)"", ""Petición de transferencia o pago urgente"", ""Solicitud de mantener secreto/confidencialidad"", ""Remitente spoofed o de correo gratuito""]"
1492,soporte@verificate-ahora-login.org,lucia.vargas@servicio-cliente.com,Factura vencida #25819 - Notificación final de cobro judicial,"Estimado/a Lucia Vargas,

Adjunto enviamos la factura vencida #25819 correspondiente al último periodo de facturación. Si el pago no se registra hoy, iniciaremos el proceso de cobro judicial.

Descargue y revise el archivo adjunto 'Factura_Vencida_25819.exe' o 'Factura_Detalle.zip' para cancelar el saldo.

Atentamente,
Departamento de Cobranzas",2025-10-10 00:55:20,1,Fake Invoice / Malware Attachment,0.898,"[""Extensión de archivo adjunto peligrosa (.exe, .zip, .js)"", ""Amenaza de acciones legales o judiciales"", ""Remitente desconocido exigiendo pago""]"
1493,fernando.rios@empresa.com,lucia.rodriguez@gobierno.gob.ec,Solicitud de revisión de código - Pull Request #666,"Estimado/a Lucia Rodriguez,

Gracias por registrarse al taller sobre HTML5 Semántico. Adjuntamos la agenda y los recursos de lectura previos.

Nos vemos pronto,
Comité Organizador",2025-11-21 06:27:23,0,Ninguno (Legítimo),0.144,[]
1494,soporte@verificate-ahora-login.org,elena.gomez@techcorp.com,Factura vencida #82036 - Notificación final de cobro judicial,"Estimado/a Elena Gomez,

Adjunto enviamos la factura vencida #82036 correspondiente al último periodo de facturación. Si el pago no se registra hoy, iniciaremos el proceso de cobro judicial.

Descargue y revise el archivo adjunto 'Factura_Vencida_82036.exe' o 'Factura_Detalle.zip' para cancelar el saldo.

Atentamente,
Departamento de Cobranzas",2026-06-27 14:31:24,1,Fake Invoice / Malware Attachment,0.988,"[""Extensión de archivo adjunto peligrosa (.exe, .zip, .js)"", ""Amenaza de acciones legales o judiciales"", ""Remitente desconocido exigiendo pago""]"
1495,notificaciones-banconacional@logistica-express-rastreo.info,fernando.torres@empresa.edu.ec,URGENTE: Suspención temporal de su cuenta bancaria por actividad sospechosa,"Estimado cliente,

Hemos detectado un intento de acceso no autorizado a su cuenta desde una dirección IP desconocida. Por su seguridad, hemos restringido temporalmente sus operaciones.

Para desbloquear su cuenta inmediatamente, ingrese a nuestro portal de verificación segura en el siguiente enlace:
http://logistica-express-rastreo.info/login-verificacion?id=81613

Si no verifica sus datos en las próximas 24 horas, su cuenta será bloqueada permanentemente.

Atentamente,
Departamento de Seguridad Bancaria",2026-08-14 22:28:23,1,Credential Harvesting,0.913,"[""Urgencia extrema o amenaza de bloqueo"", ""Enlace a dominio no oficial"", ""Saludo genérico (Estimado cliente)"", ""Uso de protocolo HTTP no seguro""]"
1496,andres.mendoza@bancorivera.com,luis.fernandez@logisticaexpress.com,Confirmación de registro al evento Plataforma Web,"Estimado/a Luis Fernandez,

Le confirmamos que hemos procesado la factura #801. Puede consultar el detalle en su panel de usuario de nuestra plataforma.

Atentamente,
Equipo de Contabilidad",2025-09-10 15:51:56,0,Ninguno (Legítimo),0.036,[]
1497,maria.rios@servicio-cliente.com,fernando.fernandez@logisticaexpress.com,Recordatorio: Mantenimiento programado de Servicio de Autenticación,"Hola Fernando Fernandez,

Adjunto el informe correspondiente a la reunión de seguimiento del proyecto Auditoría de Seguridad. Por favor revisa los puntos acordados para la próxima entrega.

Saludos cordiales,
Maria Rios",2025-12-03 17:14:26,0,Ninguno (Legítimo),0.086,[]
1498,elena.sanchez@mail.com,gabriel.martinez@bancorivera.com,Factura de servicio #815 de Agosto,"Estimado/a Gabriel Martinez,

Le confirmamos que hemos procesado la factura #815. Puede consultar el detalle en su panel de usuario de nuestra plataforma.

Atentamente,
Equipo de Contabilidad",2025-09-17 22:28:47,0,Ninguno (Legítimo),0.149,[]
1499,roberto.perez@mail.com,elena.ramirez@empresa.edu.ec,Reunión de seguimiento - Proyecto Integración API REST,"Estimado/a Elena Ramirez,

Gracias por registrarse al taller sobre Arquitectura Cliente-Servidor. Adjuntamos la agenda y los recursos de lectura previos.

Nos vemos pronto,
Comité Organizador",2026-06-04 11:10:04,0,Ninguno (Legítimo),0.073,[]
1500,lucia.perez@servicio-cliente.com,elena.morales@gobierno.gob.ec,Invitación: Taller sobre JavaScript Moderno ES6+,"Hola Elena Morales,

Adjunto el informe correspondiente a la reunión de seguimiento del proyecto Integración API REST. Por favor revisa los puntos acordados para la próxima entrega.

Saludos cordiales,
Lucia Perez",2025-11-28 00:30:56,0,Ninguno (Legítimo),0.081,[]
