id,remitente,asunto,es_phishing,tipo_phishing,clasificacion_triage,es_phishing_detectado,vector_ataque_estimado,score_riesgo_compuesto,score_ml_prob,score_semantico,score_lexico,hallazgos_tecnicos,puntuacion_riesgo
1,maria.vargas@empresa.edu.ec,Solicitud de revisión de código - Pull Request #532,0,Ninguno (Legítimo),BAJO - Correo Legítimo,0,Ninguno (Legítimo),0.053,0.007,0.143,0.0,Ninguno,0.094
2,fernando.mendoza@bancorivera.com,Recordatorio: Mantenimiento programado de API REST,0,Ninguno (Legítimo),BAJO - Correo Legítimo,0,Ninguno (Legítimo),0.066,0.006,0.183,0.0,Ninguno,0.024
3,andres.morales@empresa.edu.ec,Consulta sobre la entrega del módulo JavaScript Moderno ES6+,0,Ninguno (Legítimo),BAJO - Correo Legítimo,0,Ninguno (Legítimo),0.127,0.005,0.357,0.0,Ninguno,0.016
4,soporte@soporte-urgente-banco.xyz,Factura vencida #69429 - Notificación final de cobro judicial,1,Fake Invoice / Malware Attachment,CRÍTICO - Phishing Confirmado (Cuarentena),1,Fake Invoice / Malware Attachment,0.818,0.985,0.54,0.94,"Dominio sospechoso con TLD de alto riesgo (.xyz, .tk, .top, etc.); Archivo adjunto ejecutable o empaquetado de riesgo (.exe, .zip, .js, etc.); Amenaza legal o cobro de facturas: cobro judicial, factura vencida; Saludo genérico impersonal",0.919
5,patricia.lopez@servicio-cliente.com,Consulta sobre la entrega del módulo CSS Responsivo,0,Ninguno (Legítimo),BAJO - Correo Legítimo,0,Ninguno (Legítimo),0.127,0.005,0.357,0.0,Ninguno,0.123
6,roberto.vargas@servicio-cliente.com,Recordatorio: Mantenimiento programado de API REST,0,Ninguno (Legítimo),BAJO - Correo Legítimo,0,Ninguno (Legítimo),0.053,0.006,0.146,0.0,Ninguno,0.066
7,notificaciones-techcorp@actualiza-credenciales-pagos.net,URGENTE: Suspención temporal de su cuenta bancaria por actividad sospechosa,1,Credential Harvesting,CRÍTICO - Phishing Confirmado (Cuarentena),1,Credential Harvesting,0.912,0.987,0.762,1.0,"Protocolo HTTP no seguro (inseguro para credenciales/pagos); Dominio sospechoso con TLD de alto riesgo (.xyz, .tk, .top, etc.); Urgencia/Amenaza de bloqueo: actividad sospechosa, bloqueada, inmediatamente; Solicitud de credenciales/acceso: portal de verificacion, credenciales; Saludo genérico impersonal",0.909
8,notificaciones-servipagos@seguridad-cuenta-alert.online,Su contraseña de correo expira hoy - Conserve su acceso,1,Password Reset / Tech Support Scam,CRÍTICO - Phishing Confirmado (Cuarentena),1,Password Reset / Tech Support Scam,0.669,0.987,0.57,0.3,"Solicitud de credenciales/acceso: contrasena, credenciales; Saludo genérico impersonal",0.901
9,notificaciones-logisticaexpress@logistica-express-rastreo.info,Solicitud urgente de transferencia de fondos - Confidencial,1,Spear Phishing / CEO Fraud,CRÍTICO - Phishing Confirmado (Cuarentena),1,Spear Phishing / CEO Fraud,0.744,0.987,0.676,0.45,"Dominio sospechoso con TLD de alto riesgo (.xyz, .tk, .top, etc.); Urgencia/Amenaza de bloqueo: urgente; Patrón de Spear Phishing / CEO Fraud: confidencial",0.91
10,jorge.sanchez@techcorp.com,Minuta de la reunión de planificación del sprint #897,0,Ninguno (Legítimo),BAJO - Correo Legítimo,0,Ninguno (Legítimo),0.113,0.007,0.315,0.0,Ninguno,0.14
11,luis.castro@servicio-cliente.com,Factura de servicio #878 de Septiembre,0,Ninguno (Legítimo),BAJO - Correo Legítimo,0,Ninguno (Legítimo),0.121,0.008,0.266,0.1,Saludo genérico impersonal,0.047
12,roberto.vargas@mail.com,Informe mensual de rendimiento de la plataforma,0,Ninguno (Legítimo),BAJO - Correo Legítimo,0,Ninguno (Legítimo),0.087,0.006,0.241,0.0,Ninguno,0.013
13,patricia.rodriguez@bancorivera.com,Confirmación de registro al evento Integración API REST,0,Ninguno (Legítimo),BAJO - Correo Legítimo,0,Ninguno (Legítimo),0.082,0.006,0.226,0.0,Ninguno,0.029
14,valentina.perez@empresa.edu.ec,Factura de servicio #774 de Agosto,0,Ninguno (Legítimo),BAJO - Correo Legítimo,0,Ninguno (Legítimo),0.146,0.006,0.411,0.0,Ninguno,0.104
15,maria.perez@logisticaexpress.com,Resumen semanal de actividades del equipo Infraestructura,0,Ninguno (Legítimo),BAJO - Correo Legítimo,0,Ninguno (Legítimo),0.068,0.006,0.115,0.1,Saludo genérico impersonal,0.045
16,luis.mendoza@logisticaexpress.com,Recordatorio: Mantenimiento programado de Base de Datos,0,Ninguno (Legítimo),BAJO - Correo Legítimo,0,Ninguno (Legítimo),0.142,0.006,0.327,0.1,Saludo genérico impersonal,0.063
17,jorge.perez@gobierno.gob.ec,Resumen semanal de actividades del equipo Ciberseguridad,0,Ninguno (Legítimo),BAJO - Correo Legítimo,0,Ninguno (Legítimo),0.111,0.006,0.311,0.0,Ninguno,0.092
18,elena.rodriguez@empresa.edu.ec,Resumen semanal de actividades del equipo Recursos Humanos,0,Ninguno (Legítimo),BAJO - Correo Legítimo,0,Ninguno (Legítimo),0.111,0.006,0.311,0.0,Ninguno,0.097
19,gabriel.perez@gobierno.gob.ec,Consulta sobre la entrega del módulo Arquitectura Cliente-Servidor,0,Ninguno (Legítimo),BAJO - Correo Legítimo,0,Ninguno (Legítimo),0.125,0.006,0.279,0.1,Saludo genérico impersonal,0.097
20,jorge.sanchez@empresa.edu.ec,Resumen semanal de actividades del equipo Recursos Humanos,0,Ninguno (Legítimo),BAJO - Correo Legítimo,0,Ninguno (Legítimo),0.066,0.006,0.182,0.0,Ninguno,0.096
21,maria.lopez@gobierno.gob.ec,Factura de servicio #209 de Octubre,0,Ninguno (Legítimo),BAJO - Correo Legítimo,0,Ninguno (Legítimo),0.121,0.008,0.266,0.1,Saludo genérico impersonal,0.11
22,soporte@techcorp-admin-portal.tk,URGENTE: Suspención temporal de su cuenta bancaria por actividad sospechosa,1,Credential Harvesting,CRÍTICO - Phishing Confirmado (Cuarentena),1,Credential Harvesting,0.885,0.987,0.758,0.9,"Protocolo HTTP no seguro (inseguro para credenciales/pagos); Dominio sospechoso con TLD de alto riesgo (.xyz, .tk, .top, etc.); Urgencia/Amenaza de bloqueo: actividad sospechosa, bloqueada, inmediatamente; Solicitud de credenciales/acceso: portal de verificacion; Saludo genérico impersonal",0.897
23,notificaciones-servipagos@banc0-verificacion-segura.com,Su contraseña de correo expira hoy - Conserve su acceso,1,Password Reset / Tech Support Scam,CRÍTICO - Phishing Confirmado (Cuarentena),1,Password Reset / Tech Support Scam,0.666,0.987,0.56,0.3,"Solicitud de credenciales/acceso: contrasena, credenciales; Saludo genérico impersonal",0.924
24,notificaciones-banconacional@soporte-urgente-banco.xyz,URGENTE: Suspención temporal de su cuenta bancaria por actividad sospechosa,1,Credential Harvesting,CRÍTICO - Phishing Confirmado (Cuarentena),1,Password Reset / Tech Support Scam,0.88,0.987,0.742,0.9,"Protocolo HTTP no seguro (inseguro para credenciales/pagos); Dominio sospechoso con TLD de alto riesgo (.xyz, .tk, .top, etc.); Urgencia/Amenaza de bloqueo: actividad sospechosa, bloqueada, inmediatamente; Solicitud de credenciales/acceso: portal de verificacion; Saludo genérico impersonal",0.879
25,notificaciones-techcorp@seguridad-cuenta-alert.online,Solicitud urgente de transferencia de fondos - Confidencial,1,Spear Phishing / CEO Fraud,CRÍTICO - Phishing Confirmado (Cuarentena),1,Spear Phishing / CEO Fraud,0.681,0.987,0.676,0.2,Urgencia/Amenaza de bloqueo: urgente; Patrón de Spear Phishing / CEO Fraud: confidencial,0.784
26,maria.fernandez@bancorivera.com,Informe mensual de rendimiento de la plataforma,0,Ninguno (Legítimo),BAJO - Correo Legítimo,0,Ninguno (Legítimo),0.121,0.006,0.266,0.1,Saludo genérico impersonal,0.013
27,notificaciones-plataformaeducativa@techcorp-admin-portal.tk,Notificación de entrega fallida - Su paquete #76768 requiere pago de arancel,1,Package Delivery Scam,ALTO - Probable Phishing (Bloqueo Preventivo),1,Package Delivery Scam,0.635,0.986,0.366,0.45,"Dominio sospechoso con TLD de alto riesgo (.xyz, .tk, .top, etc.); Fraude de paquetería o aduanas: numero de rastreo; Saludo genérico impersonal",0.935
28,ana.rodriguez@empresa.com,Confirmación de registro al evento Auditoría de Seguridad,0,Ninguno (Legítimo),BAJO - Correo Legítimo,0,Ninguno (Legítimo),0.147,0.006,0.343,0.1,Saludo genérico impersonal,0.046
29,luis.vargas@mail.com,Solicitud de revisión de código - Pull Request #421,0,Ninguno (Legítimo),BAJO - Correo Legítimo,0,Ninguno (Legítimo),0.069,0.006,0.119,0.1,Saludo genérico impersonal,0.108
30,sofia.fernandez@bancorivera.com,Invitación: Taller sobre Arquitectura Cliente-Servidor,0,Ninguno (Legítimo),BAJO - Correo Legítimo,0,Ninguno (Legítimo),0.064,0.007,0.104,0.1,Saludo genérico impersonal,0.105
31,luis.rios@logisticaexpress.com,Invitación: Taller sobre CSS Responsivo,0,Ninguno (Legítimo),BAJO - Correo Legítimo,0,Ninguno (Legítimo),0.064,0.007,0.104,0.1,Saludo genérico impersonal,0.096
32,camila.fernandez@logisticaexpress.com,Recordatorio: Mantenimiento programado de Servicio de Autenticación,0,Ninguno (Legítimo),BAJO - Correo Legítimo,0,Ninguno (Legítimo),0.052,0.005,0.143,0.0,Ninguno,0.075
33,gabriel.mendoza@servicio-cliente.com,Solicitud de revisión de código - Pull Request #934,0,Ninguno (Legítimo),BAJO - Correo Legítimo,0,Ninguno (Legítimo),0.069,0.006,0.119,0.1,Saludo genérico impersonal,0.073
34,fernando.torres@empresa.edu.ec,Invitación: Taller sobre JavaScript Moderno ES6+,0,Ninguno (Legítimo),BAJO - Correo Legítimo,0,Ninguno (Legítimo),0.118,0.004,0.262,0.1,Saludo genérico impersonal,0.031
35,gabriel.morales@servicio-cliente.com,Consulta sobre la entrega del módulo Arquitectura Cliente-Servidor,0,Ninguno (Legítimo),BAJO - Correo Legítimo,0,Ninguno (Legítimo),0.128,0.005,0.36,0.0,Ninguno,0.13
36,roberto.rios@empresa.com,Minuta de la reunión de planificación del sprint #865,0,Ninguno (Legítimo),BAJO - Correo Legítimo,0,Ninguno (Legítimo),0.087,0.006,0.241,0.0,Ninguno,0.071
37,notificaciones-banconacional@verificate-ahora-login.org,Solicitud urgente de transferencia de fondos - Confidencial,1,Spear Phishing / CEO Fraud,CRÍTICO - Phishing Confirmado (Cuarentena),1,Spear Phishing / CEO Fraud,0.681,0.987,0.676,0.2,Urgencia/Amenaza de bloqueo: urgente; Patrón de Spear Phishing / CEO Fraud: confidencial,0.881
38,elena.gomez@gobierno.gob.ec,Consulta sobre la entrega del módulo Arquitectura Cliente-Servidor,0,Ninguno (Legítimo),BAJO - Correo Legítimo,0,Ninguno (Legítimo),0.083,0.004,0.233,0.0,Ninguno,0.115
39,lucia.perez@empresa.edu.ec,Reunión de seguimiento - Proyecto Plataforma Web,0,Ninguno (Legítimo),BAJO - Correo Legítimo,0,Ninguno (Legítimo),0.119,0.005,0.263,0.1,Saludo genérico impersonal,0.043
40,lucia.lopez@empresa.edu.ec,Recordatorio: Mantenimiento programado de Servidor Node.js,0,Ninguno (Legítimo),BAJO - Correo Legítimo,0,Ninguno (Legítimo),0.068,0.006,0.115,0.1,Saludo genérico impersonal,0.066
41,maria.mendoza@bancorivera.com,Confirmación de registro al evento Diseño UX/UI,0,Ninguno (Legítimo),BAJO - Correo Legítimo,0,Ninguno (Legítimo),0.094,0.005,0.263,0.0,Ninguno,0.012
42,jorge.fernandez@techcorp.com,Minuta de la reunión de planificación del sprint #766,0,Ninguno (Legítimo),BAJO - Correo Legítimo,0,Ninguno (Legítimo),0.046,0.006,0.124,0.0,Ninguno,0.048
43,roberto.sanchez@bancorivera.com,Informe mensual de rendimiento de la plataforma,0,Ninguno (Legítimo),BAJO - Correo Legítimo,0,Ninguno (Legítimo),0.062,0.006,0.171,0.0,Ninguno,0.058
44,luis.perez@empresa.com,Informe mensual de rendimiento de la plataforma,0,Ninguno (Legítimo),BAJO - Correo Legítimo,0,Ninguno (Legítimo),0.114,0.006,0.319,0.0,Ninguno,0.051
45,valentina.castro@mail.com,Confirmación de registro al evento Diseño UX/UI,0,Ninguno (Legítimo),BAJO - Correo Legítimo,0,Ninguno (Legítimo),0.14,0.007,0.391,0.0,Ninguno,0.111
46,notificaciones-logisticaexpress@soporte-urgente-banco.xyz,Factura vencida #87278 - Notificación final de cobro judicial,1,Fake Invoice / Malware Attachment,CRÍTICO - Phishing Confirmado (Cuarentena),1,Fake Invoice / Malware Attachment,0.818,0.986,0.54,0.94,"Dominio sospechoso con TLD de alto riesgo (.xyz, .tk, .top, etc.); Archivo adjunto ejecutable o empaquetado de riesgo (.exe, .zip, .js, etc.); Amenaza legal o cobro de facturas: cobro judicial, factura vencida; Saludo genérico impersonal",0.972
47,notificaciones-logisticaexpress@banc0-verificacion-segura.com,Notificación de entrega fallida - Su paquete #17146 requiere pago de arancel,1,Package Delivery Scam,ALTO - Probable Phishing (Bloqueo Preventivo),1,Package Delivery Scam,0.599,0.986,0.441,0.2,Fraude de paquetería o aduanas: numero de rastreo; Saludo genérico impersonal,0.82
48,camila.torres@servicio-cliente.com,Confirmación de registro al evento Plataforma Web,0,Ninguno (Legítimo),BAJO - Correo Legítimo,0,Ninguno (Legítimo),0.096,0.006,0.195,0.1,Saludo genérico impersonal,0.079
49,luis.perez@empresa.edu.ec,Minuta de la reunión de planificación del sprint #882,0,Ninguno (Legítimo),BAJO - Correo Legítimo,0,Ninguno (Legítimo),0.072,0.006,0.126,0.1,Saludo genérico impersonal,0.137
50,notificaciones-globalnet@techcorp-admin-portal.tk,Su contraseña de correo expira hoy - Conserve su acceso,1,Password Reset / Tech Support Scam,CRÍTICO - Phishing Confirmado (Cuarentena),1,Password Reset / Tech Support Scam,0.702,0.986,0.486,0.55,"Dominio sospechoso con TLD de alto riesgo (.xyz, .tk, .top, etc.); Solicitud de credenciales/acceso: contrasena, credenciales; Saludo genérico impersonal",0.86
51,soporte@logistica-express-rastreo.info,Factura vencida #87832 - Notificación final de cobro judicial,1,Fake Invoice / Malware Attachment,CRÍTICO - Phishing Confirmado (Cuarentena),1,Fake Invoice / Malware Attachment,0.818,0.986,0.54,0.94,"Dominio sospechoso con TLD de alto riesgo (.xyz, .tk, .top, etc.); Archivo adjunto ejecutable o empaquetado de riesgo (.exe, .zip, .js, etc.); Amenaza legal o cobro de facturas: cobro judicial, factura vencida; Saludo genérico impersonal",0.905
52,fernando.mendoza@logisticaexpress.com,Consulta sobre la entrega del módulo CSS Responsivo,0,Ninguno (Legítimo),BAJO - Correo Legítimo,0,Ninguno (Legítimo),0.127,0.005,0.357,0.0,Ninguno,0.018
53,andres.castro@gobierno.gob.ec,Consulta sobre la entrega del módulo WCAG 2.2 y ARIA,0,Ninguno (Legítimo),BAJO - Correo Legítimo,0,Ninguno (Legítimo),0.094,0.006,0.262,0.0,Ninguno,0.016
54,patricia.vargas@bancorivera.com,Invitación: Taller sobre CSS Responsivo,0,Ninguno (Legítimo),BAJO - Correo Legítimo,0,Ninguno (Legítimo),0.064,0.007,0.104,0.1,Saludo genérico impersonal,0.138
55,notificaciones-cloudservices@logistica-express-rastreo.info,Notificación de entrega fallida - Su paquete #53687 requiere pago de arancel,1,Package Delivery Scam,ALTO - Probable Phishing (Bloqueo Preventivo),1,Package Delivery Scam,0.636,0.986,0.368,0.45,"Dominio sospechoso con TLD de alto riesgo (.xyz, .tk, .top, etc.); Fraude de paquetería o aduanas: numero de rastreo; Saludo genérico impersonal",0.937
56,ana.torres@empresa.edu.ec,Confirmación de registro al evento Auditoría de Seguridad,0,Ninguno (Legítimo),BAJO - Correo Legítimo,0,Ninguno (Legítimo),0.08,0.006,0.223,0.0,Ninguno,0.075
57,notificaciones-techcorp@actualiza-credenciales-pagos.net,URGENTE: Suspención temporal de su cuenta bancaria por actividad sospechosa,1,Credential Harvesting,CRÍTICO - Phishing Confirmado (Cuarentena),1,Credential Harvesting,0.912,0.987,0.762,1.0,"Protocolo HTTP no seguro (inseguro para credenciales/pagos); Dominio sospechoso con TLD de alto riesgo (.xyz, .tk, .top, etc.); Urgencia/Amenaza de bloqueo: actividad sospechosa, bloqueada, inmediatamente; Solicitud de credenciales/acceso: portal de verificacion, credenciales; Saludo genérico impersonal",0.911
58,sofia.morales@bancorivera.com,Minuta de la reunión de planificación del sprint #517,0,Ninguno (Legítimo),BAJO - Correo Legítimo,0,Ninguno (Legítimo),0.121,0.006,0.266,0.1,Saludo genérico impersonal,0.08
59,camila.perez@servicio-cliente.com,Minuta de la reunión de planificación del sprint #248,0,Ninguno (Legítimo),BAJO - Correo Legítimo,0,Ninguno (Legítimo),0.072,0.006,0.126,0.1,Saludo genérico impersonal,0.058
60,camila.rios@techcorp.com,Informe mensual de rendimiento de la plataforma,0,Ninguno (Legítimo),BAJO - Correo Legítimo,0,Ninguno (Legítimo),0.071,0.005,0.126,0.1,Saludo genérico impersonal,0.074
61,ana.sanchez@servicio-cliente.com,Consulta sobre la entrega del módulo Arquitectura Cliente-Servidor,0,Ninguno (Legítimo),BAJO - Correo Legítimo,0,Ninguno (Legítimo),0.094,0.007,0.262,0.0,Ninguno,0.056
62,soporte@seguridad-cuenta-alert.online,Factura vencida #95823 - Notificación final de cobro judicial,1,Fake Invoice / Malware Attachment,CRÍTICO - Phishing Confirmado (Cuarentena),1,Fake Invoice / Malware Attachment,0.756,0.986,0.54,0.69,"Archivo adjunto ejecutable o empaquetado de riesgo (.exe, .zip, .js, etc.); Amenaza legal o cobro de facturas: cobro judicial, factura vencida; Saludo genérico impersonal",0.966
63,notificaciones-megamarket@logistica-express-rastreo.info,Su contraseña de correo expira hoy - Conserve su acceso,1,Password Reset / Tech Support Scam,CRÍTICO - Phishing Confirmado (Cuarentena),1,Password Reset / Tech Support Scam,0.705,0.987,0.493,0.55,"Dominio sospechoso con TLD de alto riesgo (.xyz, .tk, .top, etc.); Solicitud de credenciales/acceso: contrasena, credenciales; Saludo genérico impersonal",0.825
64,soporte@banc0-verificacion-segura.com,Factura vencida #93066 - Notificación final de cobro judicial,1,Fake Invoice / Malware Attachment,CRÍTICO - Phishing Confirmado (Cuarentena),1,Fake Invoice / Malware Attachment,0.756,0.986,0.54,0.69,"Archivo adjunto ejecutable o empaquetado de riesgo (.exe, .zip, .js, etc.); Amenaza legal o cobro de facturas: cobro judicial, factura vencida; Saludo genérico impersonal",0.956
65,lucia.fernandez@techcorp.com,Resumen semanal de actividades del equipo Infraestructura,0,Ninguno (Legítimo),BAJO - Correo Legítimo,0,Ninguno (Legítimo),0.111,0.006,0.311,0.0,Ninguno,0.095
66,patricia.torres@gobierno.gob.ec,Informe mensual de rendimiento de la plataforma,0,Ninguno (Legítimo),BAJO - Correo Legítimo,0,Ninguno (Legítimo),0.113,0.006,0.315,0.0,Ninguno,0.072
67,andres.rios@gobierno.gob.ec,Resumen semanal de actividades del equipo Soporte Técnico,0,Ninguno (Legítimo),BAJO - Correo Legítimo,0,Ninguno (Legítimo),0.116,0.006,0.324,0.0,Ninguno,0.09
68,ana.ramirez@servicio-cliente.com,Invitación: Taller sobre WCAG 2.2 y ARIA,0,Ninguno (Legítimo),BAJO - Correo Legítimo,0,Ninguno (Legítimo),0.119,0.005,0.262,0.1,Saludo genérico impersonal,0.097
69,ana.martinez@servicio-cliente.com,Reunión de seguimiento - Proyecto Auditoría de Seguridad,0,Ninguno (Legítimo),BAJO - Correo Legítimo,0,Ninguno (Legítimo),0.069,0.005,0.119,0.1,Saludo genérico impersonal,0.035
70,notificaciones-logisticaexpress@seguridad-cuenta-alert.online,Notificación de entrega fallida - Su paquete #73156 requiere pago de arancel,1,Package Delivery Scam,ALTO - Probable Phishing (Bloqueo Preventivo),1,Package Delivery Scam,0.6,0.986,0.446,0.2,Fraude de paquetería o aduanas: numero de rastreo; Saludo genérico impersonal,0.854
71,soporte@soporte-urgente-banco.xyz,Su contraseña de correo expira hoy - Conserve su acceso,1,Password Reset / Tech Support Scam,CRÍTICO - Phishing Confirmado (Cuarentena),1,Password Reset / Tech Support Scam,0.749,0.987,0.561,0.63,"Dominio sospechoso con TLD de alto riesgo (.xyz, .tk, .top, etc.); Urgencia/Amenaza de bloqueo: urgente; Solicitud de credenciales/acceso: contrasena, credenciales; Saludo genérico impersonal",0.9
72,maria.vargas@logisticaexpress.com,Informe mensual de rendimiento de la plataforma,0,Ninguno (Legítimo),BAJO - Correo Legítimo,0,Ninguno (Legítimo),0.113,0.006,0.315,0.0,Ninguno,0.099
73,ana.gomez@gobierno.gob.ec,Informe mensual de rendimiento de la plataforma,0,Ninguno (Legítimo),BAJO - Correo Legítimo,0,Ninguno (Legítimo),0.087,0.006,0.241,0.0,Ninguno,0.104
74,camila.ramirez@empresa.com,Invitación: Taller sobre CSS Responsivo,0,Ninguno (Legítimo),BAJO - Correo Legítimo,0,Ninguno (Legítimo),0.066,0.005,0.183,0.0,Ninguno,0.024
75,fernando.perez@empresa.edu.ec,Informe mensual de rendimiento de la plataforma,0,Ninguno (Legítimo),BAJO - Correo Legítimo,0,Ninguno (Legítimo),0.121,0.006,0.266,0.1,Saludo genérico impersonal,0.148
76,patricia.sanchez@techcorp.com,Solicitud de revisión de código - Pull Request #102,0,Ninguno (Legítimo),BAJO - Correo Legítimo,0,Ninguno (Legítimo),0.12,0.007,0.263,0.1,Saludo genérico impersonal,0.025
77,gabriel.gomez@techcorp.com,Invitación: Taller sobre Arquitectura Cliente-Servidor,0,Ninguno (Legítimo),BAJO - Correo Legítimo,0,Ninguno (Legítimo),0.064,0.007,0.104,0.1,Saludo genérico impersonal,0.119
78,sofia.torres@bancorivera.com,Reunión de seguimiento - Proyecto Diseño UX/UI,0,Ninguno (Legítimo),BAJO - Correo Legítimo,0,Ninguno (Legítimo),0.067,0.004,0.115,0.1,Saludo genérico impersonal,0.02
79,soporte@techcorp-admin-portal.tk,Su contraseña de correo expira hoy - Conserve su acceso,1,Password Reset / Tech Support Scam,CRÍTICO - Phishing Confirmado (Cuarentena),1,Password Reset / Tech Support Scam,0.702,0.987,0.486,0.55,"Dominio sospechoso con TLD de alto riesgo (.xyz, .tk, .top, etc.); Solicitud de credenciales/acceso: contrasena, credenciales; Saludo genérico impersonal",0.91
80,soporte@techcorp-admin-portal.tk,Su contraseña de correo expira hoy - Conserve su acceso,1,Password Reset / Tech Support Scam,CRÍTICO - Phishing Confirmado (Cuarentena),1,Password Reset / Tech Support Scam,0.702,0.986,0.486,0.55,"Dominio sospechoso con TLD de alto riesgo (.xyz, .tk, .top, etc.); Solicitud de credenciales/acceso: contrasena, credenciales; Saludo genérico impersonal",0.854
81,gabriel.fernandez@mail.com,Invitación: Taller sobre Arquitectura Cliente-Servidor,0,Ninguno (Legítimo),BAJO - Correo Legítimo,0,Ninguno (Legítimo),0.115,0.004,0.324,0.0,Ninguno,0.07
82,maria.fernandez@mail.com,Consulta sobre la entrega del módulo JavaScript Moderno ES6+,0,Ninguno (Legítimo),BAJO - Correo Legítimo,0,Ninguno (Legítimo),0.094,0.006,0.262,0.0,Ninguno,0.081
83,notificaciones-globalnet@seguridad-cuenta-alert.online,URGENTE: Suspención temporal de su cuenta bancaria por actividad sospechosa,1,Credential Harvesting,CRÍTICO - Phishing Confirmado (Cuarentena),1,Credential Harvesting,0.82,0.986,0.752,0.65,"Protocolo HTTP no seguro (inseguro para credenciales/pagos); Urgencia/Amenaza de bloqueo: actividad sospechosa, bloqueada, inmediatamente; Solicitud de credenciales/acceso: portal de verificacion; Saludo genérico impersonal",0.968
84,carlos.lopez@gobierno.gob.ec,Invitación: Taller sobre HTML5 Semántico,0,Ninguno (Legítimo),BAJO - Correo Legítimo,0,Ninguno (Legítimo),0.064,0.006,0.104,0.1,Saludo genérico impersonal,0.02
85,andres.sanchez@techcorp.com,Confirmación de registro al evento Auditoría de Seguridad,0,Ninguno (Legítimo),BAJO - Correo Legítimo,0,Ninguno (Legítimo),0.147,0.006,0.343,0.1,Saludo genérico impersonal,0.116
86,soporte@verificate-ahora-login.org,Factura vencida #67939 - Notificación final de cobro judicial,1,Fake Invoice / Malware Attachment,CRÍTICO - Phishing Confirmado (Cuarentena),1,Fake Invoice / Malware Attachment,0.756,0.986,0.54,0.69,"Archivo adjunto ejecutable o empaquetado de riesgo (.exe, .zip, .js, etc.); Amenaza legal o cobro de facturas: cobro judicial, factura vencida; Saludo genérico impersonal",0.963
87,soporte@techcorp-admin-portal.tk,Su contraseña de correo expira hoy - Conserve su acceso,1,Password Reset / Tech Support Scam,CRÍTICO - Phishing Confirmado (Cuarentena),1,Password Reset / Tech Support Scam,0.702,0.986,0.486,0.55,"Dominio sospechoso con TLD de alto riesgo (.xyz, .tk, .top, etc.); Solicitud de credenciales/acceso: contrasena, credenciales; Saludo genérico impersonal",0.968
88,soporte@soporte-urgente-banco.xyz,Notificación de entrega fallida - Su paquete #53007 requiere pago de arancel,1,Package Delivery Scam,CRÍTICO - Phishing Confirmado (Cuarentena),1,Package Delivery Scam,0.71,0.986,0.523,0.53,"Dominio sospechoso con TLD de alto riesgo (.xyz, .tk, .top, etc.); Urgencia/Amenaza de bloqueo: urgente; Fraude de paquetería o aduanas: numero de rastreo; Saludo genérico impersonal",0.92
89,soporte@logistica-express-rastreo.info,URGENTE: Suspención temporal de su cuenta bancaria por actividad sospechosa,1,Credential Harvesting,CRÍTICO - Phishing Confirmado (Cuarentena),1,Credential Harvesting,0.883,0.987,0.752,0.9,"Protocolo HTTP no seguro (inseguro para credenciales/pagos); Dominio sospechoso con TLD de alto riesgo (.xyz, .tk, .top, etc.); Urgencia/Amenaza de bloqueo: actividad sospechosa, bloqueada, inmediatamente; Solicitud de credenciales/acceso: portal de verificacion; Saludo genérico impersonal",0.979
90,sofia.rodriguez@empresa.com,Reunión de seguimiento - Proyecto Migración a la Nube,0,Ninguno (Legítimo),BAJO - Correo Legítimo,0,Ninguno (Legítimo),0.07,0.005,0.122,0.1,Saludo genérico impersonal,0.128
91,soporte@actualiza-credenciales-pagos.net,Notificación de entrega fallida - Su paquete #53655 requiere pago de arancel,1,Package Delivery Scam,CRÍTICO - Phishing Confirmado (Cuarentena),1,Package Delivery Scam,0.66,0.986,0.366,0.55,"Dominio sospechoso con TLD de alto riesgo (.xyz, .tk, .top, etc.); Solicitud de credenciales/acceso: credenciales; Fraude de paquetería o aduanas: numero de rastreo; Saludo genérico impersonal",0.901
92,patricia.rodriguez@techcorp.com,Invitación: Taller sobre WCAG 2.2 y ARIA,0,Ninguno (Legítimo),BAJO - Correo Legítimo,0,Ninguno (Legítimo),0.064,0.007,0.104,0.1,Saludo genérico impersonal,0.075
93,jorge.torres@empresa.edu.ec,Informe mensual de rendimiento de la plataforma,0,Ninguno (Legítimo),BAJO - Correo Legítimo,0,Ninguno (Legítimo),0.111,0.006,0.311,0.0,Ninguno,0.053
94,roberto.torres@bancorivera.com,Informe mensual de rendimiento de la plataforma,0,Ninguno (Legítimo),BAJO - Correo Legítimo,0,Ninguno (Legítimo),0.046,0.006,0.124,0.0,Ninguno,0.031
95,notificaciones-megamarket@actualiza-credenciales-pagos.net,URGENTE: Suspención temporal de su cuenta bancaria por actividad sospechosa,1,Credential Harvesting,CRÍTICO - Phishing Confirmado (Cuarentena),1,Credential Harvesting,0.912,0.987,0.762,1.0,"Protocolo HTTP no seguro (inseguro para credenciales/pagos); Dominio sospechoso con TLD de alto riesgo (.xyz, .tk, .top, etc.); Urgencia/Amenaza de bloqueo: actividad sospechosa, bloqueada, inmediatamente; Solicitud de credenciales/acceso: portal de verificacion, credenciales; Saludo genérico impersonal",0.935
96,ana.mendoza@mail.com,Factura de servicio #437 de Mayo,0,Ninguno (Legítimo),BAJO - Correo Legítimo,0,Ninguno (Legítimo),0.074,0.007,0.204,0.0,Ninguno,0.132
97,jorge.ramirez@empresa.edu.ec,Invitación: Taller sobre JavaScript Moderno ES6+,0,Ninguno (Legítimo),BAJO - Correo Legítimo,0,Ninguno (Legítimo),0.064,0.007,0.104,0.1,Saludo genérico impersonal,0.081
98,soporte@actualiza-credenciales-pagos.net,Solicitud urgente de transferencia de fondos - Confidencial,1,Spear Phishing / CEO Fraud,CRÍTICO - Phishing Confirmado (Cuarentena),1,Spear Phishing / CEO Fraud,0.744,0.987,0.676,0.45,"Dominio sospechoso con TLD de alto riesgo (.xyz, .tk, .top, etc.); Urgencia/Amenaza de bloqueo: urgente; Patrón de Spear Phishing / CEO Fraud: confidencial",0.924
99,soporte@actualiza-credenciales-pagos.net,Su contraseña de correo expira hoy - Conserve su acceso,1,Password Reset / Tech Support Scam,CRÍTICO - Phishing Confirmado (Cuarentena),1,Password Reset / Tech Support Scam,0.702,0.986,0.487,0.55,"Dominio sospechoso con TLD de alto riesgo (.xyz, .tk, .top, etc.); Solicitud de credenciales/acceso: contrasena, credenciales; Saludo genérico impersonal",0.847
100,lucia.vargas@logisticaexpress.com,Informe mensual de rendimiento de la plataforma,0,Ninguno (Legítimo),BAJO - Correo Legítimo,0,Ninguno (Legítimo),0.087,0.006,0.241,0.0,Ninguno,0.145
101,roberto.morales@empresa.com,Recordatorio: Mantenimiento programado de Base de Datos,0,Ninguno (Legítimo),BAJO - Correo Legítimo,0,Ninguno (Legítimo),0.09,0.006,0.18,0.1,Saludo genérico impersonal,0.132
102,elena.martinez@servicio-cliente.com,Minuta de la reunión de planificación del sprint #250,0,Ninguno (Legítimo),BAJO - Correo Legítimo,0,Ninguno (Legítimo),0.113,0.007,0.315,0.0,Ninguno,0.068
103,patricia.gomez@mail.com,Factura de servicio #959 de Mayo,0,Ninguno (Legítimo),BAJO - Correo Legítimo,0,Ninguno (Legítimo),0.109,0.007,0.233,0.1,Saludo genérico impersonal,0.107
104,notificaciones-globalnet@banc0-verificacion-segura.com,URGENTE: Suspención temporal de su cuenta bancaria por actividad sospechosa,1,Credential Harvesting,CRÍTICO - Phishing Confirmado (Cuarentena),1,Credential Harvesting,0.825,0.986,0.766,0.65,"Protocolo HTTP no seguro (inseguro para credenciales/pagos); Urgencia/Amenaza de bloqueo: actividad sospechosa, bloqueada, inmediatamente; Solicitud de credenciales/acceso: portal de verificacion; Saludo genérico impersonal",0.927
105,patricia.martinez@empresa.edu.ec,Reunión de seguimiento - Proyecto Diseño UX/UI,0,Ninguno (Legítimo),BAJO - Correo Legítimo,0,Ninguno (Legítimo),0.067,0.004,0.115,0.1,Saludo genérico impersonal,0.094
106,soporte@logistica-express-rastreo.info,Notificación de entrega fallida - Su paquete #10205 requiere pago de arancel,1,Package Delivery Scam,ALTO - Probable Phishing (Bloqueo Preventivo),1,Package Delivery Scam,0.636,0.986,0.368,0.45,"Dominio sospechoso con TLD de alto riesgo (.xyz, .tk, .top, etc.); Fraude de paquetería o aduanas: numero de rastreo; Saludo genérico impersonal",0.867
107,roberto.rios@servicio-cliente.com,Reunión de seguimiento - Proyecto Diseño UX/UI,0,Ninguno (Legítimo),BAJO - Correo Legítimo,0,Ninguno (Legítimo),0.111,0.006,0.311,0.0,Ninguno,0.058
108,lucia.morales@mail.com,Recordatorio: Mantenimiento programado de Base de Datos,0,Ninguno (Legítimo),BAJO - Correo Legítimo,0,Ninguno (Legítimo),0.09,0.006,0.18,0.1,Saludo genérico impersonal,0.015
109,notificaciones-banconacional@logistica-express-rastreo.info,Su contraseña de correo expira hoy - Conserve su acceso,1,Password Reset / Tech Support Scam,CRÍTICO - Phishing Confirmado (Cuarentena),1,Password Reset / Tech Support Scam,0.705,0.987,0.493,0.55,"Dominio sospechoso con TLD de alto riesgo (.xyz, .tk, .top, etc.); Solicitud de credenciales/acceso: contrasena, credenciales; Saludo genérico impersonal",0.849
110,lucia.fernandez@empresa.com,Informe mensual de rendimiento de la plataforma,0,Ninguno (Legítimo),BAJO - Correo Legítimo,0,Ninguno (Legítimo),0.046,0.006,0.124,0.0,Ninguno,0.047
111,soporte@soporte-urgente-banco.xyz,Su contraseña de correo expira hoy - Conserve su acceso,1,Password Reset / Tech Support Scam,CRÍTICO - Phishing Confirmado (Cuarentena),1,Password Reset / Tech Support Scam,0.749,0.987,0.561,0.63,"Dominio sospechoso con TLD de alto riesgo (.xyz, .tk, .top, etc.); Urgencia/Amenaza de bloqueo: urgente; Solicitud de credenciales/acceso: contrasena, credenciales; Saludo genérico impersonal",0.919
112,notificaciones-cloudservices@logistica-express-rastreo.info,Notificación de entrega fallida - Su paquete #15551 requiere pago de arancel,1,Package Delivery Scam,ALTO - Probable Phishing (Bloqueo Preventivo),1,Package Delivery Scam,0.636,0.986,0.368,0.45,"Dominio sospechoso con TLD de alto riesgo (.xyz, .tk, .top, etc.); Fraude de paquetería o aduanas: numero de rastreo; Saludo genérico impersonal",0.87
113,carlos.lopez@servicio-cliente.com,Reunión de seguimiento - Proyecto Plataforma Web,0,Ninguno (Legítimo),BAJO - Correo Legítimo,0,Ninguno (Legítimo),0.053,0.005,0.146,0.0,Ninguno,0.015
114,soporte@actualiza-credenciales-pagos.net,Su contraseña de correo expira hoy - Conserve su acceso,1,Password Reset / Tech Support Scam,CRÍTICO - Phishing Confirmado (Cuarentena),1,Password Reset / Tech Support Scam,0.703,0.987,0.487,0.55,"Dominio sospechoso con TLD de alto riesgo (.xyz, .tk, .top, etc.); Solicitud de credenciales/acceso: contrasena, credenciales; Saludo genérico impersonal",0.917
115,notificaciones-logisticaexpress@banc0-verificacion-segura.com,Su contraseña de correo expira hoy - Conserve su acceso,1,Password Reset / Tech Support Scam,CRÍTICO - Phishing Confirmado (Cuarentena),1,Password Reset / Tech Support Scam,0.666,0.987,0.56,0.3,"Solicitud de credenciales/acceso: contrasena, credenciales; Saludo genérico impersonal",0.852
116,luis.torres@techcorp.com,Informe mensual de rendimiento de la plataforma,0,Ninguno (Legítimo),BAJO - Correo Legítimo,0,Ninguno (Legítimo),0.062,0.005,0.172,0.0,Ninguno,0.135
117,patricia.rodriguez@logisticaexpress.com,Recordatorio: Mantenimiento programado de API REST,0,Ninguno (Legítimo),BAJO - Correo Legítimo,0,Ninguno (Legítimo),0.066,0.006,0.183,0.0,Ninguno,0.075
118,roberto.castro@servicio-cliente.com,Minuta de la reunión de planificación del sprint #520,0,Ninguno (Legítimo),BAJO - Correo Legítimo,0,Ninguno (Legítimo),0.113,0.007,0.315,0.0,Ninguno,0.073
119,valentina.morales@bancorivera.com,Factura de servicio #630 de Junio,0,Ninguno (Legítimo),BAJO - Correo Legítimo,0,Ninguno (Legítimo),0.121,0.007,0.266,0.1,Saludo genérico impersonal,0.058
120,jorge.vargas@gobierno.gob.ec,Solicitud de revisión de código - Pull Request #646,0,Ninguno (Legítimo),BAJO - Correo Legítimo,0,Ninguno (Legítimo),0.12,0.007,0.263,0.1,Saludo genérico impersonal,0.034
121,luis.gomez@gobierno.gob.ec,Resumen semanal de actividades del equipo Soporte Técnico,0,Ninguno (Legítimo),BAJO - Correo Legítimo,0,Ninguno (Legítimo),0.103,0.007,0.287,0.0,Ninguno,0.051
122,luis.castro@bancorivera.com,Recordatorio: Mantenimiento programado de Servicio de Autenticación,0,Ninguno (Legítimo),BAJO - Correo Legítimo,0,Ninguno (Legítimo),0.052,0.005,0.143,0.0,Ninguno,0.03
123,maria.sanchez@logisticaexpress.com,Informe mensual de rendimiento de la plataforma,0,Ninguno (Legítimo),BAJO - Correo Legítimo,0,Ninguno (Legítimo),0.111,0.006,0.311,0.0,Ninguno,0.051
124,gabriel.ramirez@mail.com,Resumen semanal de actividades del equipo Soporte Técnico,0,Ninguno (Legítimo),BAJO - Correo Legítimo,0,Ninguno (Legítimo),0.129,0.006,0.291,0.1,Saludo genérico impersonal,0.013
125,ana.gomez@gobierno.gob.ec,Informe mensual de rendimiento de la plataforma,0,Ninguno (Legítimo),BAJO - Correo Legítimo,0,Ninguno (Legítimo),0.121,0.006,0.266,0.1,Saludo genérico impersonal,0.134
126,diego.sanchez@gobierno.gob.ec,Factura de servicio #495 de Noviembre,0,Ninguno (Legítimo),BAJO - Correo Legítimo,0,Ninguno (Legítimo),0.075,0.008,0.204,0.0,Ninguno,0.027
127,jorge.perez@empresa.com,Minuta de la reunión de planificación del sprint #141,0,Ninguno (Legítimo),BAJO - Correo Legítimo,0,Ninguno (Legítimo),0.046,0.006,0.124,0.0,Ninguno,0.074
128,elena.fernandez@gobierno.gob.ec,Solicitud de revisión de código - Pull Request #444,0,Ninguno (Legítimo),BAJO - Correo Legítimo,0,Ninguno (Legítimo),0.069,0.006,0.119,0.1,Saludo genérico impersonal,0.124
129,carlos.ramirez@servicio-cliente.com,Invitación: Taller sobre WCAG 2.2 y ARIA,0,Ninguno (Legítimo),BAJO - Correo Legítimo,0,Ninguno (Legítimo),0.064,0.006,0.104,0.1,Saludo genérico impersonal,0.034
130,ana.ramirez@empresa.edu.ec,Resumen semanal de actividades del equipo Infraestructura,0,Ninguno (Legítimo),BAJO - Correo Legítimo,0,Ninguno (Legítimo),0.119,0.006,0.263,0.1,Saludo genérico impersonal,0.067
131,gabriel.vargas@servicio-cliente.com,Minuta de la reunión de planificación del sprint #485,0,Ninguno (Legítimo),BAJO - Correo Legítimo,0,Ninguno (Legítimo),0.046,0.006,0.124,0.0,Ninguno,0.06
132,diego.perez@gobierno.gob.ec,Minuta de la reunión de planificación del sprint #405,0,Ninguno (Legítimo),BAJO - Correo Legítimo,0,Ninguno (Legítimo),0.072,0.006,0.126,0.1,Saludo genérico impersonal,0.054
133,roberto.rios@mail.com,Recordatorio: Mantenimiento programado de Servidor Node.js,0,Ninguno (Legítimo),BAJO - Correo Legítimo,0,Ninguno (Legítimo),0.067,0.007,0.183,0.0,Ninguno,0.115
134,soporte@techcorp-admin-portal.tk,Su contraseña de correo expira hoy - Conserve su acceso,1,Password Reset / Tech Support Scam,CRÍTICO - Phishing Confirmado (Cuarentena),1,Password Reset / Tech Support Scam,0.702,0.986,0.486,0.55,"Dominio sospechoso con TLD de alto riesgo (.xyz, .tk, .top, etc.); Solicitud de credenciales/acceso: contrasena, credenciales; Saludo genérico impersonal",0.92
135,gabriel.castro@servicio-cliente.com,Factura de servicio #797 de Noviembre,0,Ninguno (Legítimo),BAJO - Correo Legítimo,0,Ninguno (Legítimo),0.109,0.007,0.233,0.1,Saludo genérico impersonal,0.077
136,notificaciones-globalnet@techcorp-admin-portal.tk,URGENTE: Suspención temporal de su cuenta bancaria por actividad sospechosa,1,Credential Harvesting,CRÍTICO - Phishing Confirmado (Cuarentena),1,Credential Harvesting,0.885,0.987,0.758,0.9,"Protocolo HTTP no seguro (inseguro para credenciales/pagos); Dominio sospechoso con TLD de alto riesgo (.xyz, .tk, .top, etc.); Urgencia/Amenaza de bloqueo: actividad sospechosa, bloqueada, inmediatamente; Solicitud de credenciales/acceso: portal de verificacion; Saludo genérico impersonal",0.951
137,camila.lopez@gobierno.gob.ec,Reunión de seguimiento - Proyecto Auditoría de Seguridad,0,Ninguno (Legítimo),BAJO - Correo Legítimo,0,Ninguno (Legítimo),0.069,0.005,0.119,0.1,Saludo genérico impersonal,0.148
138,maria.sanchez@techcorp.com,Informe mensual de rendimiento de la plataforma,0,Ninguno (Legítimo),BAJO - Correo Legítimo,0,Ninguno (Legítimo),0.046,0.006,0.124,0.0,Ninguno,0.104
139,notificaciones-plataformaeducativa@soporte-urgente-banco.xyz,Su contraseña de correo expira hoy - Conserve su acceso,1,Password Reset / Tech Support Scam,CRÍTICO - Phishing Confirmado (Cuarentena),1,Password Reset / Tech Support Scam,0.749,0.987,0.561,0.63,"Dominio sospechoso con TLD de alto riesgo (.xyz, .tk, .top, etc.); Urgencia/Amenaza de bloqueo: urgente; Solicitud de credenciales/acceso: contrasena, credenciales; Saludo genérico impersonal",0.848
140,soporte@logistica-express-rastreo.info,Solicitud urgente de transferencia de fondos - Confidencial,1,Spear Phishing / CEO Fraud,CRÍTICO - Phishing Confirmado (Cuarentena),1,Spear Phishing / CEO Fraud,0.744,0.987,0.676,0.45,"Dominio sospechoso con TLD de alto riesgo (.xyz, .tk, .top, etc.); Urgencia/Amenaza de bloqueo: urgente; Patrón de Spear Phishing / CEO Fraud: confidencial",0.903
141,notificaciones-plataformaeducativa@soporte-urgente-banco.xyz,Factura vencida #30934 - Notificación final de cobro judicial,1,Fake Invoice / Malware Attachment,CRÍTICO - Phishing Confirmado (Cuarentena),1,Fake Invoice / Malware Attachment,0.818,0.986,0.54,0.94,"Dominio sospechoso con TLD de alto riesgo (.xyz, .tk, .top, etc.); Archivo adjunto ejecutable o empaquetado de riesgo (.exe, .zip, .js, etc.); Amenaza legal o cobro de facturas: cobro judicial, factura vencida; Saludo genérico impersonal",0.982
142,patricia.lopez@servicio-cliente.com,Recordatorio: Mantenimiento programado de Servicio de Autenticación,0,Ninguno (Legítimo),BAJO - Correo Legítimo,0,Ninguno (Legítimo),0.052,0.005,0.143,0.0,Ninguno,0.122
143,lucia.rodriguez@empresa.edu.ec,Reunión de seguimiento - Proyecto Integración API REST,0,Ninguno (Legítimo),BAJO - Correo Legítimo,0,Ninguno (Legítimo),0.119,0.005,0.263,0.1,Saludo genérico impersonal,0.033
144,luis.morales@servicio-cliente.com,Reunión de seguimiento - Proyecto Migración a la Nube,0,Ninguno (Legítimo),BAJO - Correo Legítimo,0,Ninguno (Legítimo),0.115,0.006,0.323,0.0,Ninguno,0.088
145,diego.ramirez@empresa.edu.ec,Reunión de seguimiento - Proyecto Auditoría de Seguridad,0,Ninguno (Legítimo),BAJO - Correo Legítimo,0,Ninguno (Legítimo),0.111,0.007,0.308,0.0,Ninguno,0.05
146,soporte@seguridad-cuenta-alert.online,Factura vencida #59479 - Notificación final de cobro judicial,1,Fake Invoice / Malware Attachment,CRÍTICO - Phishing Confirmado (Cuarentena),1,Fake Invoice / Malware Attachment,0.756,0.986,0.54,0.69,"Archivo adjunto ejecutable o empaquetado de riesgo (.exe, .zip, .js, etc.); Amenaza legal o cobro de facturas: cobro judicial, factura vencida; Saludo genérico impersonal",0.986
147,roberto.morales@techcorp.com,Resumen semanal de actividades del equipo Soporte Técnico,0,Ninguno (Legítimo),BAJO - Correo Legítimo,0,Ninguno (Legítimo),0.103,0.006,0.287,0.0,Ninguno,0.069
148,fernando.perez@empresa.edu.ec,Reunión de seguimiento - Proyecto Diseño UX/UI,0,Ninguno (Legítimo),BAJO - Correo Legítimo,0,Ninguno (Legítimo),0.112,0.007,0.311,0.0,Ninguno,0.024
149,notificaciones-globalnet@logistica-express-rastreo.info,Factura vencida #40715 - Notificación final de cobro judicial,1,Fake Invoice / Malware Attachment,CRÍTICO - Phishing Confirmado (Cuarentena),1,Fake Invoice / Malware Attachment,0.818,0.986,0.54,0.94,"Dominio sospechoso con TLD de alto riesgo (.xyz, .tk, .top, etc.); Archivo adjunto ejecutable o empaquetado de riesgo (.exe, .zip, .js, etc.); Amenaza legal o cobro de facturas: cobro judicial, factura vencida; Saludo genérico impersonal",0.965
150,soporte@soporte-urgente-banco.xyz,Solicitud urgente de transferencia de fondos - Confidencial,1,Spear Phishing / CEO Fraud,CRÍTICO - Phishing Confirmado (Cuarentena),1,Spear Phishing / CEO Fraud,0.744,0.987,0.676,0.45,"Dominio sospechoso con TLD de alto riesgo (.xyz, .tk, .top, etc.); Urgencia/Amenaza de bloqueo: urgente; Patrón de Spear Phishing / CEO Fraud: confidencial",0.827
151,ana.sanchez@empresa.com,Minuta de la reunión de planificación del sprint #426,0,Ninguno (Legítimo),BAJO - Correo Legítimo,0,Ninguno (Legítimo),0.121,0.007,0.266,0.1,Saludo genérico impersonal,0.116
152,ana.morales@empresa.com,Consulta sobre la entrega del módulo CSS Responsivo,0,Ninguno (Legítimo),BAJO - Correo Legítimo,0,Ninguno (Legítimo),0.15,0.005,0.35,0.1,Saludo genérico impersonal,0.056
153,notificaciones-banconacional@soporte-urgente-banco.xyz,URGENTE: Suspención temporal de su cuenta bancaria por actividad sospechosa,1,Credential Harvesting,CRÍTICO - Phishing Confirmado (Cuarentena),1,Password Reset / Tech Support Scam,0.88,0.987,0.742,0.9,"Protocolo HTTP no seguro (inseguro para credenciales/pagos); Dominio sospechoso con TLD de alto riesgo (.xyz, .tk, .top, etc.); Urgencia/Amenaza de bloqueo: actividad sospechosa, bloqueada, inmediatamente; Solicitud de credenciales/acceso: portal de verificacion; Saludo genérico impersonal",0.876
154,gabriel.martinez@bancorivera.com,Resumen semanal de actividades del equipo Recursos Humanos,0,Ninguno (Legítimo),BAJO - Correo Legítimo,0,Ninguno (Legítimo),0.119,0.006,0.263,0.1,Saludo genérico impersonal,0.066
155,soporte@soporte-urgente-banco.xyz,Notificación de entrega fallida - Su paquete #57139 requiere pago de arancel,1,Package Delivery Scam,CRÍTICO - Phishing Confirmado (Cuarentena),1,Package Delivery Scam,0.71,0.986,0.523,0.53,"Dominio sospechoso con TLD de alto riesgo (.xyz, .tk, .top, etc.); Urgencia/Amenaza de bloqueo: urgente; Fraude de paquetería o aduanas: numero de rastreo; Saludo genérico impersonal",0.928
156,ana.ramirez@logisticaexpress.com,Recordatorio: Mantenimiento programado de Servicio de Autenticación,0,Ninguno (Legítimo),BAJO - Correo Legítimo,0,Ninguno (Legítimo),0.119,0.005,0.263,0.1,Saludo genérico impersonal,0.056
157,camila.torres@techcorp.com,Confirmación de registro al evento Migración a la Nube,0,Ninguno (Legítimo),BAJO - Correo Legítimo,0,Ninguno (Legítimo),0.144,0.007,0.403,0.0,Ninguno,0.083
158,patricia.rodriguez@techcorp.com,Reunión de seguimiento - Proyecto Integración API REST,0,Ninguno (Legítimo),BAJO - Correo Legítimo,0,Ninguno (Legítimo),0.053,0.005,0.146,0.0,Ninguno,0.138
159,fernando.morales@gobierno.gob.ec,Reunión de seguimiento - Proyecto Diseño UX/UI,0,Ninguno (Legítimo),BAJO - Correo Legítimo,0,Ninguno (Legítimo),0.119,0.005,0.263,0.1,Saludo genérico impersonal,0.044
160,luis.sanchez@empresa.com,Informe mensual de rendimiento de la plataforma,0,Ninguno (Legítimo),BAJO - Correo Legítimo,0,Ninguno (Legítimo),0.114,0.006,0.319,0.0,Ninguno,0.023
161,elena.rodriguez@servicio-cliente.com,Consulta sobre la entrega del módulo WCAG 2.2 y ARIA,0,Ninguno (Legítimo),BAJO - Correo Legítimo,0,Ninguno (Legítimo),0.15,0.005,0.35,0.1,Saludo genérico impersonal,0.04
162,fernando.morales@bancorivera.com,Recordatorio: Mantenimiento programado de Base de Datos,0,Ninguno (Legítimo),BAJO - Correo Legítimo,0,Ninguno (Legítimo),0.09,0.006,0.18,0.1,Saludo genérico impersonal,0.14
163,notificaciones-servipagos@seguridad-cuenta-alert.online,Factura vencida #28343 - Notificación final de cobro judicial,1,Fake Invoice / Malware Attachment,CRÍTICO - Phishing Confirmado (Cuarentena),1,Fake Invoice / Malware Attachment,0.756,0.986,0.54,0.69,"Archivo adjunto ejecutable o empaquetado de riesgo (.exe, .zip, .js, etc.); Amenaza legal o cobro de facturas: cobro judicial, factura vencida; Saludo genérico impersonal",0.987
164,notificaciones-logisticaexpress@banc0-verificacion-segura.com,Notificación de entrega fallida - Su paquete #93115 requiere pago de arancel,1,Package Delivery Scam,ALTO - Probable Phishing (Bloqueo Preventivo),1,Package Delivery Scam,0.599,0.986,0.441,0.2,Fraude de paquetería o aduanas: numero de rastreo; Saludo genérico impersonal,0.872
165,notificaciones-logisticaexpress@seguridad-cuenta-alert.online,URGENTE: Suspención temporal de su cuenta bancaria por actividad sospechosa,1,Credential Harvesting,CRÍTICO - Phishing Confirmado (Cuarentena),1,Credential Harvesting,0.82,0.986,0.752,0.65,"Protocolo HTTP no seguro (inseguro para credenciales/pagos); Urgencia/Amenaza de bloqueo: actividad sospechosa, bloqueada, inmediatamente; Solicitud de credenciales/acceso: portal de verificacion; Saludo genérico impersonal",0.95
166,soporte@soporte-urgente-banco.xyz,Notificación de entrega fallida - Su paquete #23965 requiere pago de arancel,1,Package Delivery Scam,CRÍTICO - Phishing Confirmado (Cuarentena),1,Package Delivery Scam,0.71,0.986,0.523,0.53,"Dominio sospechoso con TLD de alto riesgo (.xyz, .tk, .top, etc.); Urgencia/Amenaza de bloqueo: urgente; Fraude de paquetería o aduanas: numero de rastreo; Saludo genérico impersonal",0.849
167,valentina.torres@empresa.com,Factura de servicio #126 de Octubre,0,Ninguno (Legítimo),BAJO - Correo Legítimo,0,Ninguno (Legítimo),0.091,0.007,0.252,0.0,Ninguno,0.131
168,soporte@verificate-ahora-login.org,Su contraseña de correo expira hoy - Conserve su acceso,1,Password Reset / Tech Support Scam,ALTO - Probable Phishing (Bloqueo Preventivo),1,Password Reset / Tech Support Scam,0.642,0.987,0.493,0.3,"Solicitud de credenciales/acceso: contrasena, credenciales; Saludo genérico impersonal",0.86
169,soporte@soporte-urgente-banco.xyz,Factura vencida #73469 - Notificación final de cobro judicial,1,Fake Invoice / Malware Attachment,CRÍTICO - Phishing Confirmado (Cuarentena),1,Fake Invoice / Malware Attachment,0.818,0.986,0.54,0.94,"Dominio sospechoso con TLD de alto riesgo (.xyz, .tk, .top, etc.); Archivo adjunto ejecutable o empaquetado de riesgo (.exe, .zip, .js, etc.); Amenaza legal o cobro de facturas: cobro judicial, factura vencida; Saludo genérico impersonal",0.984
170,jorge.martinez@bancorivera.com,Consulta sobre la entrega del módulo Arquitectura Cliente-Servidor,0,Ninguno (Legítimo),BAJO - Correo Legítimo,0,Ninguno (Legítimo),0.125,0.006,0.279,0.1,Saludo genérico impersonal,0.124
171,camila.sanchez@techcorp.com,Consulta sobre la entrega del módulo Arquitectura Cliente-Servidor,0,Ninguno (Legítimo),BAJO - Correo Legítimo,0,Ninguno (Legítimo),0.108,0.004,0.304,0.0,Ninguno,0.124
172,carlos.castro@servicio-cliente.com,Resumen semanal de actividades del equipo Soporte Técnico,0,Ninguno (Legítimo),BAJO - Correo Legítimo,0,Ninguno (Legítimo),0.091,0.006,0.252,0.0,Ninguno,0.044
173,camila.ramirez@empresa.com,Minuta de la reunión de planificación del sprint #618,0,Ninguno (Legítimo),BAJO - Correo Legítimo,0,Ninguno (Legítimo),0.046,0.006,0.124,0.0,Ninguno,0.093
174,roberto.mendoza@mail.com,Consulta sobre la entrega del módulo HTML5 Semántico,0,Ninguno (Legítimo),BAJO - Correo Legítimo,0,Ninguno (Legítimo),0.094,0.006,0.262,0.0,Ninguno,0.088
175,jorge.sanchez@bancorivera.com,Informe mensual de rendimiento de la plataforma,0,Ninguno (Legítimo),BAJO - Correo Legítimo,0,Ninguno (Legítimo),0.121,0.006,0.266,0.1,Saludo genérico impersonal,0.059
176,maria.torres@servicio-cliente.com,Confirmación de registro al evento Auditoría de Seguridad,0,Ninguno (Legítimo),BAJO - Correo Legítimo,0,Ninguno (Legítimo),0.139,0.007,0.388,0.0,Ninguno,0.105
177,soporte@verificate-ahora-login.org,Notificación de entrega fallida - Su paquete #65885 requiere pago de arancel,1,Package Delivery Scam,ALTO - Probable Phishing (Bloqueo Preventivo),1,Package Delivery Scam,0.573,0.986,0.368,0.2,Fraude de paquetería o aduanas: numero de rastreo; Saludo genérico impersonal,0.865
178,soporte@actualiza-credenciales-pagos.net,Su contraseña de correo expira hoy - Conserve su acceso,1,Password Reset / Tech Support Scam,CRÍTICO - Phishing Confirmado (Cuarentena),1,Password Reset / Tech Support Scam,0.702,0.986,0.487,0.55,"Dominio sospechoso con TLD de alto riesgo (.xyz, .tk, .top, etc.); Solicitud de credenciales/acceso: contrasena, credenciales; Saludo genérico impersonal",0.926
179,soporte@soporte-urgente-banco.xyz,Notificación de entrega fallida - Su paquete #35830 requiere pago de arancel,1,Package Delivery Scam,CRÍTICO - Phishing Confirmado (Cuarentena),1,Package Delivery Scam,0.71,0.986,0.523,0.53,"Dominio sospechoso con TLD de alto riesgo (.xyz, .tk, .top, etc.); Urgencia/Amenaza de bloqueo: urgente; Fraude de paquetería o aduanas: numero de rastreo; Saludo genérico impersonal",0.907
180,maria.sanchez@mail.com,Informe mensual de rendimiento de la plataforma,0,Ninguno (Legítimo),BAJO - Correo Legítimo,0,Ninguno (Legítimo),0.114,0.006,0.319,0.0,Ninguno,0.043
181,soporte@logistica-express-rastreo.info,Su contraseña de correo expira hoy - Conserve su acceso,1,Password Reset / Tech Support Scam,CRÍTICO - Phishing Confirmado (Cuarentena),1,Password Reset / Tech Support Scam,0.705,0.987,0.493,0.55,"Dominio sospechoso con TLD de alto riesgo (.xyz, .tk, .top, etc.); Solicitud de credenciales/acceso: contrasena, credenciales; Saludo genérico impersonal",0.901
182,jorge.lopez@mail.com,Informe mensual de rendimiento de la plataforma,0,Ninguno (Legítimo),BAJO - Correo Legítimo,0,Ninguno (Legítimo),0.121,0.006,0.266,0.1,Saludo genérico impersonal,0.124
183,valentina.castro@servicio-cliente.com,Informe mensual de rendimiento de la plataforma,0,Ninguno (Legítimo),BAJO - Correo Legítimo,0,Ninguno (Legítimo),0.113,0.006,0.315,0.0,Ninguno,0.048
184,maria.martinez@mail.com,Minuta de la reunión de planificación del sprint #942,0,Ninguno (Legítimo),BAJO - Correo Legítimo,0,Ninguno (Legítimo),0.121,0.007,0.266,0.1,Saludo genérico impersonal,0.052
185,andres.rios@empresa.edu.ec,Resumen semanal de actividades del equipo Infraestructura,0,Ninguno (Legítimo),BAJO - Correo Legítimo,0,Ninguno (Legítimo),0.119,0.006,0.263,0.1,Saludo genérico impersonal,0.12
186,elena.sanchez@gobierno.gob.ec,Invitación: Taller sobre WCAG 2.2 y ARIA,0,Ninguno (Legítimo),BAJO - Correo Legítimo,0,Ninguno (Legítimo),0.111,0.005,0.311,0.0,Ninguno,0.149
187,patricia.mendoza@empresa.com,Informe mensual de rendimiento de la plataforma,0,Ninguno (Legítimo),BAJO - Correo Legítimo,0,Ninguno (Legítimo),0.113,0.006,0.315,0.0,Ninguno,0.099
188,andres.torres@mail.com,Solicitud de revisión de código - Pull Request #102,0,Ninguno (Legítimo),BAJO - Correo Legítimo,0,Ninguno (Legítimo),0.069,0.006,0.119,0.1,Saludo genérico impersonal,0.04
189,gabriel.morales@techcorp.com,Solicitud de revisión de código - Pull Request #972,0,Ninguno (Legítimo),BAJO - Correo Legítimo,0,Ninguno (Legítimo),0.069,0.006,0.119,0.1,Saludo genérico impersonal,0.012
190,diego.castro@techcorp.com,Invitación: Taller sobre HTML5 Semántico,0,Ninguno (Legítimo),BAJO - Correo Legítimo,0,Ninguno (Legítimo),0.065,0.004,0.182,0.0,Ninguno,0.103
191,valentina.vargas@empresa.edu.ec,Factura de servicio #101 de Octubre,0,Ninguno (Legítimo),BAJO - Correo Legítimo,0,Ninguno (Legítimo),0.121,0.007,0.266,0.1,Saludo genérico impersonal,0.083
192,jorge.torres@empresa.edu.ec,Resumen semanal de actividades del equipo Ciberseguridad,0,Ninguno (Legítimo),BAJO - Correo Legítimo,0,Ninguno (Legítimo),0.066,0.006,0.183,0.0,Ninguno,0.029
193,elena.torres@mail.com,Resumen semanal de actividades del equipo Infraestructura,0,Ninguno (Legítimo),BAJO - Correo Legítimo,0,Ninguno (Legítimo),0.114,0.005,0.319,0.0,Ninguno,0.03
194,soporte@actualiza-credenciales-pagos.net,Solicitud urgente de transferencia de fondos - Confidencial,1,Spear Phishing / CEO Fraud,CRÍTICO - Phishing Confirmado (Cuarentena),1,Spear Phishing / CEO Fraud,0.744,0.987,0.676,0.45,"Dominio sospechoso con TLD de alto riesgo (.xyz, .tk, .top, etc.); Urgencia/Amenaza de bloqueo: urgente; Patrón de Spear Phishing / CEO Fraud: confidencial",0.882
195,roberto.martinez@bancorivera.com,Resumen semanal de actividades del equipo Soporte Técnico,0,Ninguno (Legítimo),BAJO - Correo Legítimo,0,Ninguno (Legítimo),0.103,0.006,0.287,0.0,Ninguno,0.02
196,valentina.sanchez@techcorp.com,Informe mensual de rendimiento de la plataforma,0,Ninguno (Legítimo),BAJO - Correo Legítimo,0,Ninguno (Legítimo),0.121,0.006,0.266,0.1,Saludo genérico impersonal,0.016
197,notificaciones-servipagos@techcorp-admin-portal.tk,Factura vencida #62727 - Notificación final de cobro judicial,1,Fake Invoice / Malware Attachment,CRÍTICO - Phishing Confirmado (Cuarentena),1,Fake Invoice / Malware Attachment,0.818,0.986,0.54,0.94,"Dominio sospechoso con TLD de alto riesgo (.xyz, .tk, .top, etc.); Archivo adjunto ejecutable o empaquetado de riesgo (.exe, .zip, .js, etc.); Amenaza legal o cobro de facturas: cobro judicial, factura vencida; Saludo genérico impersonal",0.939
198,notificaciones-plataformaeducativa@verificate-ahora-login.org,Solicitud urgente de transferencia de fondos - Confidencial,1,Spear Phishing / CEO Fraud,CRÍTICO - Phishing Confirmado (Cuarentena),1,Spear Phishing / CEO Fraud,0.681,0.987,0.676,0.2,Urgencia/Amenaza de bloqueo: urgente; Patrón de Spear Phishing / CEO Fraud: confidencial,0.91
199,patricia.gomez@logisticaexpress.com,Factura de servicio #544 de Noviembre,0,Ninguno (Legítimo),BAJO - Correo Legítimo,0,Ninguno (Legítimo),0.121,0.007,0.266,0.1,Saludo genérico impersonal,0.027
200,fernando.lopez@mail.com,Recordatorio: Mantenimiento programado de Servidor Node.js,0,Ninguno (Legítimo),BAJO - Correo Legítimo,0,Ninguno (Legítimo),0.067,0.007,0.183,0.0,Ninguno,0.083
201,notificaciones-megamarket@soporte-urgente-banco.xyz,Su contraseña de correo expira hoy - Conserve su acceso,1,Password Reset / Tech Support Scam,CRÍTICO - Phishing Confirmado (Cuarentena),1,Password Reset / Tech Support Scam,0.749,0.987,0.561,0.63,"Dominio sospechoso con TLD de alto riesgo (.xyz, .tk, .top, etc.); Urgencia/Amenaza de bloqueo: urgente; Solicitud de credenciales/acceso: contrasena, credenciales; Saludo genérico impersonal",0.845
202,soporte@seguridad-cuenta-alert.online,URGENTE: Suspención temporal de su cuenta bancaria por actividad sospechosa,1,Credential Harvesting,CRÍTICO - Phishing Confirmado (Cuarentena),1,Credential Harvesting,0.82,0.986,0.752,0.65,"Protocolo HTTP no seguro (inseguro para credenciales/pagos); Urgencia/Amenaza de bloqueo: actividad sospechosa, bloqueada, inmediatamente; Solicitud de credenciales/acceso: portal de verificacion; Saludo genérico impersonal",0.901
203,patricia.fernandez@mail.com,Invitación: Taller sobre WCAG 2.2 y ARIA,0,Ninguno (Legítimo),BAJO - Correo Legítimo,0,Ninguno (Legítimo),0.113,0.004,0.317,0.0,Ninguno,0.035
204,sofia.sanchez@empresa.edu.ec,Minuta de la reunión de planificación del sprint #567,0,Ninguno (Legítimo),BAJO - Correo Legítimo,0,Ninguno (Legítimo),0.087,0.006,0.241,0.0,Ninguno,0.114
205,soporte@seguridad-cuenta-alert.online,Su contraseña de correo expira hoy - Conserve su acceso,1,Password Reset / Tech Support Scam,CRÍTICO - Phishing Confirmado (Cuarentena),1,Password Reset / Tech Support Scam,0.669,0.987,0.57,0.3,"Solicitud de credenciales/acceso: contrasena, credenciales; Saludo genérico impersonal",0.882
206,soporte@seguridad-cuenta-alert.online,Factura vencida #50306 - Notificación final de cobro judicial,1,Fake Invoice / Malware Attachment,CRÍTICO - Phishing Confirmado (Cuarentena),1,Fake Invoice / Malware Attachment,0.756,0.986,0.54,0.69,"Archivo adjunto ejecutable o empaquetado de riesgo (.exe, .zip, .js, etc.); Amenaza legal o cobro de facturas: cobro judicial, factura vencida; Saludo genérico impersonal",0.988
207,patricia.rios@empresa.com,Confirmación de registro al evento Plataforma Web,0,Ninguno (Legítimo),BAJO - Correo Legítimo,0,Ninguno (Legítimo),0.096,0.006,0.195,0.1,Saludo genérico impersonal,0.02
208,gabriel.mendoza@empresa.com,Confirmación de registro al evento Diseño UX/UI,0,Ninguno (Legítimo),BAJO - Correo Legítimo,0,Ninguno (Legítimo),0.147,0.006,0.343,0.1,Saludo genérico impersonal,0.119
209,gabriel.fernandez@empresa.edu.ec,Minuta de la reunión de planificación del sprint #466,0,Ninguno (Legítimo),BAJO - Correo Legítimo,0,Ninguno (Legítimo),0.114,0.006,0.319,0.0,Ninguno,0.023
210,jorge.rodriguez@logisticaexpress.com,Confirmación de registro al evento Integración API REST,0,Ninguno (Legítimo),BAJO - Correo Legítimo,0,Ninguno (Legítimo),0.14,0.007,0.391,0.0,Ninguno,0.143
211,maria.mendoza@techcorp.com,Factura de servicio #112 de Julio,0,Ninguno (Legítimo),BAJO - Correo Legítimo,0,Ninguno (Legítimo),0.115,0.007,0.321,0.0,Ninguno,0.106
212,carlos.rodriguez@logisticaexpress.com,Informe mensual de rendimiento de la plataforma,0,Ninguno (Legítimo),BAJO - Correo Legítimo,0,Ninguno (Legítimo),0.072,0.006,0.126,0.1,Saludo genérico impersonal,0.017
213,valentina.lopez@mail.com,Resumen semanal de actividades del equipo Infraestructura,0,Ninguno (Legítimo),BAJO - Correo Legítimo,0,Ninguno (Legítimo),0.053,0.006,0.146,0.0,Ninguno,0.097
214,soporte@banc0-verificacion-segura.com,URGENTE: Suspención temporal de su cuenta bancaria por actividad sospechosa,1,Credential Harvesting,CRÍTICO - Phishing Confirmado (Cuarentena),1,Credential Harvesting,0.825,0.986,0.766,0.65,"Protocolo HTTP no seguro (inseguro para credenciales/pagos); Urgencia/Amenaza de bloqueo: actividad sospechosa, bloqueada, inmediatamente; Solicitud de credenciales/acceso: portal de verificacion; Saludo genérico impersonal",0.878
215,camila.morales@servicio-cliente.com,Confirmación de registro al evento Integración API REST,0,Ninguno (Legítimo),BAJO - Correo Legítimo,0,Ninguno (Legítimo),0.139,0.006,0.391,0.0,Ninguno,0.055
216,soporte@actualiza-credenciales-pagos.net,Su contraseña de correo expira hoy - Conserve su acceso,1,Password Reset / Tech Support Scam,CRÍTICO - Phishing Confirmado (Cuarentena),1,Password Reset / Tech Support Scam,0.702,0.986,0.487,0.55,"Dominio sospechoso con TLD de alto riesgo (.xyz, .tk, .top, etc.); Solicitud de credenciales/acceso: contrasena, credenciales; Saludo genérico impersonal",0.856
217,lucia.rios@techcorp.com,Recordatorio: Mantenimiento programado de API REST,0,Ninguno (Legítimo),BAJO - Correo Legítimo,0,Ninguno (Legítimo),0.066,0.006,0.183,0.0,Ninguno,0.143
218,elena.torres@bancorivera.com,Factura de servicio #157 de Septiembre,0,Ninguno (Legítimo),BAJO - Correo Legítimo,0,Ninguno (Legítimo),0.109,0.006,0.233,0.1,Saludo genérico impersonal,0.01
219,gabriel.gomez@bancorivera.com,Recordatorio: Mantenimiento programado de API REST,0,Ninguno (Legítimo),BAJO - Correo Legítimo,0,Ninguno (Legítimo),0.068,0.006,0.115,0.1,Saludo genérico impersonal,0.092
220,camila.vargas@mail.com,Recordatorio: Mantenimiento programado de API REST,0,Ninguno (Legítimo),BAJO - Correo Legítimo,0,Ninguno (Legítimo),0.053,0.006,0.146,0.0,Ninguno,0.124
221,roberto.rios@bancorivera.com,Recordatorio: Mantenimiento programado de Base de Datos,0,Ninguno (Legítimo),BAJO - Correo Legítimo,0,Ninguno (Legítimo),0.09,0.006,0.18,0.1,Saludo genérico impersonal,0.03
222,gabriel.torres@bancorivera.com,Invitación: Taller sobre HTML5 Semántico,0,Ninguno (Legítimo),BAJO - Correo Legítimo,0,Ninguno (Legítimo),0.115,0.005,0.324,0.0,Ninguno,0.017
223,lucia.morales@empresa.com,Factura de servicio #948 de Agosto,0,Ninguno (Legítimo),BAJO - Correo Legítimo,0,Ninguno (Legítimo),0.147,0.007,0.411,0.0,Ninguno,0.122
224,notificaciones-techcorp@actualiza-credenciales-pagos.net,Notificación de entrega fallida - Su paquete #59212 requiere pago de arancel,1,Package Delivery Scam,CRÍTICO - Phishing Confirmado (Cuarentena),1,Package Delivery Scam,0.66,0.986,0.366,0.55,"Dominio sospechoso con TLD de alto riesgo (.xyz, .tk, .top, etc.); Solicitud de credenciales/acceso: credenciales; Fraude de paquetería o aduanas: numero de rastreo; Saludo genérico impersonal",0.888
225,valentina.vargas@techcorp.com,Solicitud de revisión de código - Pull Request #544,0,Ninguno (Legítimo),BAJO - Correo Legítimo,0,Ninguno (Legítimo),0.119,0.006,0.263,0.1,Saludo genérico impersonal,0.067
226,sofia.perez@empresa.edu.ec,Reunión de seguimiento - Proyecto Integración API REST,0,Ninguno (Legítimo),BAJO - Correo Legítimo,0,Ninguno (Legítimo),0.065,0.004,0.182,0.0,Ninguno,0.011
227,notificaciones-logisticaexpress@actualiza-credenciales-pagos.net,URGENTE: Suspención temporal de su cuenta bancaria por actividad sospechosa,1,Credential Harvesting,CRÍTICO - Phishing Confirmado (Cuarentena),1,Credential Harvesting,0.912,0.987,0.762,1.0,"Protocolo HTTP no seguro (inseguro para credenciales/pagos); Dominio sospechoso con TLD de alto riesgo (.xyz, .tk, .top, etc.); Urgencia/Amenaza de bloqueo: actividad sospechosa, bloqueada, inmediatamente; Solicitud de credenciales/acceso: portal de verificacion, credenciales; Saludo genérico impersonal",0.916
228,soporte@techcorp-admin-portal.tk,URGENTE: Suspención temporal de su cuenta bancaria por actividad sospechosa,1,Credential Harvesting,CRÍTICO - Phishing Confirmado (Cuarentena),1,Credential Harvesting,0.885,0.987,0.758,0.9,"Protocolo HTTP no seguro (inseguro para credenciales/pagos); Dominio sospechoso con TLD de alto riesgo (.xyz, .tk, .top, etc.); Urgencia/Amenaza de bloqueo: actividad sospechosa, bloqueada, inmediatamente; Solicitud de credenciales/acceso: portal de verificacion; Saludo genérico impersonal",0.974
229,fernando.perez@gobierno.gob.ec,Solicitud de revisión de código - Pull Request #163,0,Ninguno (Legítimo),BAJO - Correo Legítimo,0,Ninguno (Legítimo),0.069,0.007,0.119,0.1,Saludo genérico impersonal,0.146
230,camila.ramirez@logisticaexpress.com,Informe mensual de rendimiento de la plataforma,0,Ninguno (Legítimo),BAJO - Correo Legítimo,0,Ninguno (Legítimo),0.046,0.006,0.124,0.0,Ninguno,0.122
231,elena.lopez@logisticaexpress.com,Resumen semanal de actividades del equipo Soporte Técnico,0,Ninguno (Legítimo),BAJO - Correo Legítimo,0,Ninguno (Legítimo),0.151,0.007,0.352,0.1,Saludo genérico impersonal,0.127
232,notificaciones-megamarket@soporte-urgente-banco.xyz,Su contraseña de correo expira hoy - Conserve su acceso,1,Password Reset / Tech Support Scam,CRÍTICO - Phishing Confirmado (Cuarentena),1,Password Reset / Tech Support Scam,0.749,0.987,0.561,0.63,"Dominio sospechoso con TLD de alto riesgo (.xyz, .tk, .top, etc.); Urgencia/Amenaza de bloqueo: urgente; Solicitud de credenciales/acceso: contrasena, credenciales; Saludo genérico impersonal",0.822
233,jorge.lopez@empresa.edu.ec,Factura de servicio #676 de Mayo,0,Ninguno (Legítimo),BAJO - Correo Legítimo,0,Ninguno (Legítimo),0.109,0.007,0.233,0.1,Saludo genérico impersonal,0.102
234,jorge.ramirez@empresa.com,Reunión de seguimiento - Proyecto Auditoría de Seguridad,0,Ninguno (Legítimo),BAJO - Correo Legítimo,0,Ninguno (Legítimo),0.065,0.004,0.182,0.0,Ninguno,0.013
235,maria.rios@logisticaexpress.com,Recordatorio: Mantenimiento programado de API REST,0,Ninguno (Legítimo),BAJO - Correo Legítimo,0,Ninguno (Legítimo),0.111,0.006,0.311,0.0,Ninguno,0.036
236,soporte@seguridad-cuenta-alert.online,Su contraseña de correo expira hoy - Conserve su acceso,1,Password Reset / Tech Support Scam,CRÍTICO - Phishing Confirmado (Cuarentena),1,Password Reset / Tech Support Scam,0.669,0.987,0.57,0.3,"Solicitud de credenciales/acceso: contrasena, credenciales; Saludo genérico impersonal",0.896
237,soporte@seguridad-cuenta-alert.online,Solicitud urgente de transferencia de fondos - Confidencial,1,Spear Phishing / CEO Fraud,CRÍTICO - Phishing Confirmado (Cuarentena),1,Spear Phishing / CEO Fraud,0.681,0.987,0.676,0.2,Urgencia/Amenaza de bloqueo: urgente; Patrón de Spear Phishing / CEO Fraud: confidencial,0.789
238,roberto.vargas@empresa.edu.ec,Reunión de seguimiento - Proyecto Auditoría de Seguridad,0,Ninguno (Legítimo),BAJO - Correo Legítimo,0,Ninguno (Legítimo),0.052,0.005,0.143,0.0,Ninguno,0.087
239,ana.lopez@logisticaexpress.com,Resumen semanal de actividades del equipo Soporte Técnico,0,Ninguno (Legítimo),BAJO - Correo Legítimo,0,Ninguno (Legítimo),0.14,0.006,0.392,0.0,Ninguno,0.131
240,carlos.perez@gobierno.gob.ec,Solicitud de revisión de código - Pull Request #924,0,Ninguno (Legítimo),BAJO - Correo Legítimo,0,Ninguno (Legítimo),0.069,0.006,0.119,0.1,Saludo genérico impersonal,0.045
241,carlos.morales@mail.com,Minuta de la reunión de planificación del sprint #762,0,Ninguno (Legítimo),BAJO - Correo Legítimo,0,Ninguno (Legítimo),0.113,0.007,0.315,0.0,Ninguno,0.077
242,fernando.vargas@gobierno.gob.ec,Resumen semanal de actividades del equipo Recursos Humanos,0,Ninguno (Legítimo),BAJO - Correo Legítimo,0,Ninguno (Legítimo),0.066,0.005,0.183,0.0,Ninguno,0.105
243,roberto.fernandez@bancorivera.com,Solicitud de revisión de código - Pull Request #825,0,Ninguno (Legítimo),BAJO - Correo Legítimo,0,Ninguno (Legítimo),0.053,0.007,0.143,0.0,Ninguno,0.099
244,elena.martinez@empresa.edu.ec,Informe mensual de rendimiento de la plataforma,0,Ninguno (Legítimo),BAJO - Correo Legítimo,0,Ninguno (Legítimo),0.111,0.006,0.311,0.0,Ninguno,0.041
245,soporte@soporte-urgente-banco.xyz,Su contraseña de correo expira hoy - Conserve su acceso,1,Password Reset / Tech Support Scam,CRÍTICO - Phishing Confirmado (Cuarentena),1,Password Reset / Tech Support Scam,0.749,0.987,0.561,0.63,"Dominio sospechoso con TLD de alto riesgo (.xyz, .tk, .top, etc.); Urgencia/Amenaza de bloqueo: urgente; Solicitud de credenciales/acceso: contrasena, credenciales; Saludo genérico impersonal",0.95
246,roberto.morales@gobierno.gob.ec,Consulta sobre la entrega del módulo CSS Responsivo,0,Ninguno (Legítimo),BAJO - Correo Legítimo,0,Ninguno (Legítimo),0.094,0.006,0.262,0.0,Ninguno,0.135
247,camila.sanchez@techcorp.com,Confirmación de registro al evento Plataforma Web,0,Ninguno (Legítimo),BAJO - Correo Legítimo,0,Ninguno (Legítimo),0.147,0.005,0.343,0.1,Saludo genérico impersonal,0.091
248,soporte@logistica-express-rastreo.info,Factura vencida #72573 - Notificación final de cobro judicial,1,Fake Invoice / Malware Attachment,CRÍTICO - Phishing Confirmado (Cuarentena),1,Fake Invoice / Malware Attachment,0.818,0.986,0.54,0.94,"Dominio sospechoso con TLD de alto riesgo (.xyz, .tk, .top, etc.); Archivo adjunto ejecutable o empaquetado de riesgo (.exe, .zip, .js, etc.); Amenaza legal o cobro de facturas: cobro judicial, factura vencida; Saludo genérico impersonal",0.939
249,patricia.perez@mail.com,Invitación: Taller sobre Arquitectura Cliente-Servidor,0,Ninguno (Legítimo),BAJO - Correo Legítimo,0,Ninguno (Legítimo),0.113,0.004,0.317,0.0,Ninguno,0.052
250,soporte@logistica-express-rastreo.info,Notificación de entrega fallida - Su paquete #57087 requiere pago de arancel,1,Package Delivery Scam,ALTO - Probable Phishing (Bloqueo Preventivo),1,Package Delivery Scam,0.636,0.986,0.368,0.45,"Dominio sospechoso con TLD de alto riesgo (.xyz, .tk, .top, etc.); Fraude de paquetería o aduanas: numero de rastreo; Saludo genérico impersonal",0.945
251,diego.castro@bancorivera.com,Solicitud de revisión de código - Pull Request #616,0,Ninguno (Legítimo),BAJO - Correo Legítimo,0,Ninguno (Legítimo),0.066,0.006,0.182,0.0,Ninguno,0.118
252,ana.castro@empresa.edu.ec,Consulta sobre la entrega del módulo HTML5 Semántico,0,Ninguno (Legítimo),BAJO - Correo Legítimo,0,Ninguno (Legítimo),0.15,0.005,0.35,0.1,Saludo genérico impersonal,0.039
253,fernando.ramirez@techcorp.com,Consulta sobre la entrega del módulo WCAG 2.2 y ARIA,0,Ninguno (Legítimo),BAJO - Correo Legítimo,0,Ninguno (Legítimo),0.127,0.005,0.357,0.0,Ninguno,0.08
254,sofia.lopez@bancorivera.com,Minuta de la reunión de planificación del sprint #608,0,Ninguno (Legítimo),BAJO - Correo Legítimo,0,Ninguno (Legítimo),0.114,0.007,0.319,0.0,Ninguno,0.104
255,maria.martinez@logisticaexpress.com,Informe mensual de rendimiento de la plataforma,0,Ninguno (Legítimo),BAJO - Correo Legítimo,0,Ninguno (Legítimo),0.111,0.006,0.311,0.0,Ninguno,0.129
256,maria.rios@bancorivera.com,Reunión de seguimiento - Proyecto Migración a la Nube,0,Ninguno (Legítimo),BAJO - Correo Legítimo,0,Ninguno (Legítimo),0.045,0.005,0.123,0.0,Ninguno,0.048
257,roberto.torres@gobierno.gob.ec,Consulta sobre la entrega del módulo Arquitectura Cliente-Servidor,0,Ninguno (Legítimo),BAJO - Correo Legítimo,0,Ninguno (Legítimo),0.127,0.005,0.357,0.0,Ninguno,0.147
258,elena.ramirez@empresa.com,Confirmación de registro al evento Plataforma Web,0,Ninguno (Legítimo),BAJO - Correo Legítimo,0,Ninguno (Legítimo),0.096,0.006,0.195,0.1,Saludo genérico impersonal,0.072
259,soporte@verificate-ahora-login.org,Notificación de entrega fallida - Su paquete #78564 requiere pago de arancel,1,Package Delivery Scam,ALTO - Probable Phishing (Bloqueo Preventivo),1,Package Delivery Scam,0.573,0.986,0.368,0.2,Fraude de paquetería o aduanas: numero de rastreo; Saludo genérico impersonal,0.916
260,carlos.vargas@techcorp.com,Minuta de la reunión de planificación del sprint #969,0,Ninguno (Legítimo),BAJO - Correo Legítimo,0,Ninguno (Legítimo),0.087,0.006,0.241,0.0,Ninguno,0.044
261,roberto.rios@logisticaexpress.com,Factura de servicio #570 de Agosto,0,Ninguno (Legítimo),BAJO - Correo Legítimo,0,Ninguno (Legítimo),0.109,0.007,0.233,0.1,Saludo genérico impersonal,0.054
262,ana.morales@bancorivera.com,Factura de servicio #910 de Septiembre,0,Ninguno (Legítimo),BAJO - Correo Legítimo,0,Ninguno (Legítimo),0.121,0.007,0.266,0.1,Saludo genérico impersonal,0.102
263,andres.sanchez@servicio-cliente.com,Confirmación de registro al evento Diseño UX/UI,0,Ninguno (Legítimo),BAJO - Correo Legítimo,0,Ninguno (Legítimo),0.094,0.005,0.263,0.0,Ninguno,0.06
264,ana.lopez@servicio-cliente.com,Recordatorio: Mantenimiento programado de API REST,0,Ninguno (Legítimo),BAJO - Correo Legítimo,0,Ninguno (Legítimo),0.119,0.006,0.263,0.1,Saludo genérico impersonal,0.027
265,maria.mendoza@empresa.com,Reunión de seguimiento - Proyecto Integración API REST,0,Ninguno (Legítimo),BAJO - Correo Legítimo,0,Ninguno (Legítimo),0.053,0.005,0.146,0.0,Ninguno,0.144
266,notificaciones-techcorp@logistica-express-rastreo.info,Su contraseña de correo expira hoy - Conserve su acceso,1,Password Reset / Tech Support Scam,CRÍTICO - Phishing Confirmado (Cuarentena),1,Password Reset / Tech Support Scam,0.705,0.987,0.493,0.55,"Dominio sospechoso con TLD de alto riesgo (.xyz, .tk, .top, etc.); Solicitud de credenciales/acceso: contrasena, credenciales; Saludo genérico impersonal",0.846
267,valentina.ramirez@logisticaexpress.com,Invitación: Taller sobre JavaScript Moderno ES6+,0,Ninguno (Legítimo),BAJO - Correo Legítimo,0,Ninguno (Legítimo),0.064,0.007,0.104,0.1,Saludo genérico impersonal,0.094
268,diego.perez@gobierno.gob.ec,Confirmación de registro al evento Migración a la Nube,0,Ninguno (Legítimo),BAJO - Correo Legítimo,0,Ninguno (Legítimo),0.073,0.006,0.203,0.0,Ninguno,0.077
269,carlos.morales@empresa.edu.ec,Reunión de seguimiento - Proyecto Migración a la Nube,0,Ninguno (Legítimo),BAJO - Correo Legítimo,0,Ninguno (Legítimo),0.12,0.005,0.266,0.1,Saludo genérico impersonal,0.148
270,lucia.rios@servicio-cliente.com,Factura de servicio #730 de Septiembre,0,Ninguno (Legítimo),BAJO - Correo Legítimo,0,Ninguno (Legítimo),0.091,0.007,0.251,0.0,Ninguno,0.107
271,soporte@banc0-verificacion-segura.com,Su contraseña de correo expira hoy - Conserve su acceso,1,Password Reset / Tech Support Scam,CRÍTICO - Phishing Confirmado (Cuarentena),1,Password Reset / Tech Support Scam,0.666,0.987,0.56,0.3,"Solicitud de credenciales/acceso: contrasena, credenciales; Saludo genérico impersonal",0.95
272,diego.martinez@servicio-cliente.com,Recordatorio: Mantenimiento programado de Base de Datos,0,Ninguno (Legítimo),BAJO - Correo Legítimo,0,Ninguno (Legítimo),0.09,0.006,0.18,0.1,Saludo genérico impersonal,0.016
273,soporte@soporte-urgente-banco.xyz,URGENTE: Suspención temporal de su cuenta bancaria por actividad sospechosa,1,Credential Harvesting,CRÍTICO - Phishing Confirmado (Cuarentena),1,Password Reset / Tech Support Scam,0.88,0.987,0.742,0.9,"Protocolo HTTP no seguro (inseguro para credenciales/pagos); Dominio sospechoso con TLD de alto riesgo (.xyz, .tk, .top, etc.); Urgencia/Amenaza de bloqueo: actividad sospechosa, bloqueada, inmediatamente; Solicitud de credenciales/acceso: portal de verificacion; Saludo genérico impersonal",0.98
274,luis.mendoza@mail.com,Minuta de la reunión de planificación del sprint #325,0,Ninguno (Legítimo),BAJO - Correo Legítimo,0,Ninguno (Legítimo),0.072,0.006,0.126,0.1,Saludo genérico impersonal,0.086
275,gabriel.sanchez@gobierno.gob.ec,Resumen semanal de actividades del equipo Recursos Humanos,0,Ninguno (Legítimo),BAJO - Correo Legítimo,0,Ninguno (Legítimo),0.111,0.006,0.311,0.0,Ninguno,0.026
276,roberto.mendoza@empresa.edu.ec,Consulta sobre la entrega del módulo JavaScript Moderno ES6+,0,Ninguno (Legítimo),BAJO - Correo Legítimo,0,Ninguno (Legítimo),0.094,0.006,0.262,0.0,Ninguno,0.122
277,maria.lopez@bancorivera.com,Factura de servicio #315 de Septiembre,0,Ninguno (Legítimo),BAJO - Correo Legítimo,0,Ninguno (Legítimo),0.109,0.007,0.233,0.1,Saludo genérico impersonal,0.101
278,ana.rodriguez@empresa.edu.ec,Reunión de seguimiento - Proyecto Auditoría de Seguridad,0,Ninguno (Legítimo),BAJO - Correo Legítimo,0,Ninguno (Legítimo),0.065,0.004,0.182,0.0,Ninguno,0.067
279,maria.morales@bancorivera.com,Solicitud de revisión de código - Pull Request #164,0,Ninguno (Legítimo),BAJO - Correo Legítimo,0,Ninguno (Legítimo),0.109,0.006,0.306,0.0,Ninguno,0.051
280,roberto.fernandez@bancorivera.com,Informe mensual de rendimiento de la plataforma,0,Ninguno (Legítimo),BAJO - Correo Legítimo,0,Ninguno (Legítimo),0.087,0.006,0.241,0.0,Ninguno,0.144
281,notificaciones-plataformaeducativa@banc0-verificacion-segura.com,URGENTE: Suspención temporal de su cuenta bancaria por actividad sospechosa,1,Credential Harvesting,CRÍTICO - Phishing Confirmado (Cuarentena),1,Credential Harvesting,0.825,0.986,0.766,0.65,"Protocolo HTTP no seguro (inseguro para credenciales/pagos); Urgencia/Amenaza de bloqueo: actividad sospechosa, bloqueada, inmediatamente; Solicitud de credenciales/acceso: portal de verificacion; Saludo genérico impersonal",0.983
282,soporte@actualiza-credenciales-pagos.net,Solicitud urgente de transferencia de fondos - Confidencial,1,Spear Phishing / CEO Fraud,CRÍTICO - Phishing Confirmado (Cuarentena),1,Spear Phishing / CEO Fraud,0.744,0.987,0.676,0.45,"Dominio sospechoso con TLD de alto riesgo (.xyz, .tk, .top, etc.); Urgencia/Amenaza de bloqueo: urgente; Patrón de Spear Phishing / CEO Fraud: confidencial",0.811
283,sofia.vargas@empresa.edu.ec,Invitación: Taller sobre WCAG 2.2 y ARIA,0,Ninguno (Legítimo),BAJO - Correo Legítimo,0,Ninguno (Legítimo),0.119,0.005,0.262,0.1,Saludo genérico impersonal,0.104
284,notificaciones-logisticaexpress@logistica-express-rastreo.info,Factura vencida #53036 - Notificación final de cobro judicial,1,Fake Invoice / Malware Attachment,CRÍTICO - Phishing Confirmado (Cuarentena),1,Fake Invoice / Malware Attachment,0.818,0.986,0.54,0.94,"Dominio sospechoso con TLD de alto riesgo (.xyz, .tk, .top, etc.); Archivo adjunto ejecutable o empaquetado de riesgo (.exe, .zip, .js, etc.); Amenaza legal o cobro de facturas: cobro judicial, factura vencida; Saludo genérico impersonal",0.897
285,patricia.mendoza@logisticaexpress.com,Consulta sobre la entrega del módulo CSS Responsivo,0,Ninguno (Legítimo),BAJO - Correo Legítimo,0,Ninguno (Legítimo),0.125,0.006,0.279,0.1,Saludo genérico impersonal,0.06
286,soporte@seguridad-cuenta-alert.online,Notificación de entrega fallida - Su paquete #28350 requiere pago de arancel,1,Package Delivery Scam,ALTO - Probable Phishing (Bloqueo Preventivo),1,Package Delivery Scam,0.6,0.986,0.446,0.2,Fraude de paquetería o aduanas: numero de rastreo; Saludo genérico impersonal,0.942
287,notificaciones-logisticaexpress@actualiza-credenciales-pagos.net,Su contraseña de correo expira hoy - Conserve su acceso,1,Password Reset / Tech Support Scam,CRÍTICO - Phishing Confirmado (Cuarentena),1,Password Reset / Tech Support Scam,0.702,0.986,0.487,0.55,"Dominio sospechoso con TLD de alto riesgo (.xyz, .tk, .top, etc.); Solicitud de credenciales/acceso: contrasena, credenciales; Saludo genérico impersonal",0.97
288,jorge.torres@empresa.edu.ec,Consulta sobre la entrega del módulo HTML5 Semántico,0,Ninguno (Legítimo),BAJO - Correo Legítimo,0,Ninguno (Legítimo),0.15,0.005,0.35,0.1,Saludo genérico impersonal,0.116
289,soporte@banc0-verificacion-segura.com,Notificación de entrega fallida - Su paquete #38681 requiere pago de arancel,1,Package Delivery Scam,ALTO - Probable Phishing (Bloqueo Preventivo),1,Package Delivery Scam,0.599,0.986,0.441,0.2,Fraude de paquetería o aduanas: numero de rastreo; Saludo genérico impersonal,0.842
290,soporte@banc0-verificacion-segura.com,Factura vencida #15230 - Notificación final de cobro judicial,1,Fake Invoice / Malware Attachment,CRÍTICO - Phishing Confirmado (Cuarentena),1,Fake Invoice / Malware Attachment,0.756,0.986,0.54,0.69,"Archivo adjunto ejecutable o empaquetado de riesgo (.exe, .zip, .js, etc.); Amenaza legal o cobro de facturas: cobro judicial, factura vencida; Saludo genérico impersonal",0.987
291,lucia.ramirez@empresa.edu.ec,Minuta de la reunión de planificación del sprint #357,0,Ninguno (Legítimo),BAJO - Correo Legítimo,0,Ninguno (Legítimo),0.072,0.006,0.126,0.1,Saludo genérico impersonal,0.121
292,patricia.rodriguez@gobierno.gob.ec,Resumen semanal de actividades del equipo Recursos Humanos,0,Ninguno (Legítimo),BAJO - Correo Legítimo,0,Ninguno (Legítimo),0.114,0.006,0.319,0.0,Ninguno,0.103
293,camila.perez@techcorp.com,Consulta sobre la entrega del módulo HTML5 Semántico,0,Ninguno (Legítimo),BAJO - Correo Legítimo,0,Ninguno (Legítimo),0.15,0.005,0.35,0.1,Saludo genérico impersonal,0.029
294,elena.morales@empresa.com,Solicitud de revisión de código - Pull Request #677,0,Ninguno (Legítimo),BAJO - Correo Legítimo,0,Ninguno (Legítimo),0.052,0.006,0.143,0.0,Ninguno,0.149
295,elena.ramirez@gobierno.gob.ec,Recordatorio: Mantenimiento programado de Servidor Node.js,0,Ninguno (Legítimo),BAJO - Correo Legítimo,0,Ninguno (Legítimo),0.068,0.006,0.115,0.1,Saludo genérico impersonal,0.029
296,notificaciones-megamarket@banc0-verificacion-segura.com,Su contraseña de correo expira hoy - Conserve su acceso,1,Password Reset / Tech Support Scam,CRÍTICO - Phishing Confirmado (Cuarentena),1,Password Reset / Tech Support Scam,0.666,0.987,0.56,0.3,"Solicitud de credenciales/acceso: contrasena, credenciales; Saludo genérico impersonal",0.91
297,jorge.ramirez@bancorivera.com,Consulta sobre la entrega del módulo JavaScript Moderno ES6+,0,Ninguno (Legítimo),BAJO - Correo Legítimo,0,Ninguno (Legítimo),0.149,0.004,0.35,0.1,Saludo genérico impersonal,0.141
298,fernando.torres@logisticaexpress.com,Factura de servicio #390 de Abril,0,Ninguno (Legítimo),BAJO - Correo Legítimo,0,Ninguno (Legítimo),0.146,0.006,0.411,0.0,Ninguno,0.109
299,roberto.vargas@logisticaexpress.com,Confirmación de registro al evento Auditoría de Seguridad,0,Ninguno (Legítimo),BAJO - Correo Legítimo,0,Ninguno (Legítimo),0.08,0.006,0.223,0.0,Ninguno,0.046
300,roberto.mendoza@logisticaexpress.com,Consulta sobre la entrega del módulo Arquitectura Cliente-Servidor,0,Ninguno (Legítimo),BAJO - Correo Legítimo,0,Ninguno (Legítimo),0.094,0.006,0.262,0.0,Ninguno,0.078
301,maria.castro@logisticaexpress.com,Informe mensual de rendimiento de la plataforma,0,Ninguno (Legítimo),BAJO - Correo Legítimo,0,Ninguno (Legítimo),0.087,0.006,0.241,0.0,Ninguno,0.122
302,luis.rios@techcorp.com,Informe mensual de rendimiento de la plataforma,0,Ninguno (Legítimo),BAJO - Correo Legítimo,0,Ninguno (Legítimo),0.062,0.005,0.172,0.0,Ninguno,0.021
303,soporte@techcorp-admin-portal.tk,Solicitud urgente de transferencia de fondos - Confidencial,1,Spear Phishing / CEO Fraud,CRÍTICO - Phishing Confirmado (Cuarentena),1,Spear Phishing / CEO Fraud,0.744,0.987,0.676,0.45,"Dominio sospechoso con TLD de alto riesgo (.xyz, .tk, .top, etc.); Urgencia/Amenaza de bloqueo: urgente; Patrón de Spear Phishing / CEO Fraud: confidencial",0.925
304,elena.vargas@bancorivera.com,Confirmación de registro al evento Plataforma Web,0,Ninguno (Legítimo),BAJO - Correo Legítimo,0,Ninguno (Legítimo),0.094,0.005,0.263,0.0,Ninguno,0.104
305,luis.morales@gobierno.gob.ec,Minuta de la reunión de planificación del sprint #696,0,Ninguno (Legítimo),BAJO - Correo Legítimo,0,Ninguno (Legítimo),0.121,0.007,0.266,0.1,Saludo genérico impersonal,0.074
306,luis.morales@gobierno.gob.ec,Confirmación de registro al evento Integración API REST,0,Ninguno (Legítimo),BAJO - Correo Legítimo,0,Ninguno (Legítimo),0.082,0.006,0.226,0.0,Ninguno,0.078
307,soporte@banc0-verificacion-segura.com,Factura vencida #43792 - Notificación final de cobro judicial,1,Fake Invoice / Malware Attachment,CRÍTICO - Phishing Confirmado (Cuarentena),1,Fake Invoice / Malware Attachment,0.756,0.986,0.54,0.69,"Archivo adjunto ejecutable o empaquetado de riesgo (.exe, .zip, .js, etc.); Amenaza legal o cobro de facturas: cobro judicial, factura vencida; Saludo genérico impersonal",0.967
308,soporte@verificate-ahora-login.org,Su contraseña de correo expira hoy - Conserve su acceso,1,Password Reset / Tech Support Scam,ALTO - Probable Phishing (Bloqueo Preventivo),1,Password Reset / Tech Support Scam,0.642,0.987,0.493,0.3,"Solicitud de credenciales/acceso: contrasena, credenciales; Saludo genérico impersonal",0.834
309,lucia.perez@gobierno.gob.ec,Recordatorio: Mantenimiento programado de Base de Datos,0,Ninguno (Legítimo),BAJO - Correo Legítimo,0,Ninguno (Legítimo),0.142,0.006,0.327,0.1,Saludo genérico impersonal,0.132
310,notificaciones-megamarket@banc0-verificacion-segura.com,URGENTE: Suspención temporal de su cuenta bancaria por actividad sospechosa,1,Credential Harvesting,CRÍTICO - Phishing Confirmado (Cuarentena),1,Credential Harvesting,0.825,0.986,0.766,0.65,"Protocolo HTTP no seguro (inseguro para credenciales/pagos); Urgencia/Amenaza de bloqueo: actividad sospechosa, bloqueada, inmediatamente; Solicitud de credenciales/acceso: portal de verificacion; Saludo genérico impersonal",0.957
311,camila.ramirez@gobierno.gob.ec,Informe mensual de rendimiento de la plataforma,0,Ninguno (Legítimo),BAJO - Correo Legítimo,0,Ninguno (Legítimo),0.121,0.006,0.266,0.1,Saludo genérico impersonal,0.018
312,roberto.rios@techcorp.com,Informe mensual de rendimiento de la plataforma,0,Ninguno (Legítimo),BAJO - Correo Legítimo,0,Ninguno (Legítimo),0.121,0.006,0.266,0.1,Saludo genérico impersonal,0.063
313,soporte@soporte-urgente-banco.xyz,Solicitud urgente de transferencia de fondos - Confidencial,1,Spear Phishing / CEO Fraud,CRÍTICO - Phishing Confirmado (Cuarentena),1,Spear Phishing / CEO Fraud,0.744,0.987,0.676,0.45,"Dominio sospechoso con TLD de alto riesgo (.xyz, .tk, .top, etc.); Urgencia/Amenaza de bloqueo: urgente; Patrón de Spear Phishing / CEO Fraud: confidencial",0.865
314,notificaciones-techcorp@logistica-express-rastreo.info,Notificación de entrega fallida - Su paquete #33578 requiere pago de arancel,1,Package Delivery Scam,ALTO - Probable Phishing (Bloqueo Preventivo),1,Package Delivery Scam,0.636,0.986,0.368,0.45,"Dominio sospechoso con TLD de alto riesgo (.xyz, .tk, .top, etc.); Fraude de paquetería o aduanas: numero de rastreo; Saludo genérico impersonal",0.91
315,roberto.perez@techcorp.com,Recordatorio: Mantenimiento programado de Servicio de Autenticación,0,Ninguno (Legítimo),BAJO - Correo Legítimo,0,Ninguno (Legítimo),0.052,0.005,0.143,0.0,Ninguno,0.085
316,soporte@banc0-verificacion-segura.com,Factura vencida #31409 - Notificación final de cobro judicial,1,Fake Invoice / Malware Attachment,CRÍTICO - Phishing Confirmado (Cuarentena),1,Fake Invoice / Malware Attachment,0.756,0.986,0.54,0.69,"Archivo adjunto ejecutable o empaquetado de riesgo (.exe, .zip, .js, etc.); Amenaza legal o cobro de facturas: cobro judicial, factura vencida; Saludo genérico impersonal",0.908
317,lucia.morales@gobierno.gob.ec,Confirmación de registro al evento Diseño UX/UI,0,Ninguno (Legítimo),BAJO - Correo Legítimo,0,Ninguno (Legítimo),0.082,0.006,0.226,0.0,Ninguno,0.091
318,andres.rodriguez@empresa.com,Solicitud de revisión de código - Pull Request #393,0,Ninguno (Legítimo),BAJO - Correo Legítimo,0,Ninguno (Legítimo),0.053,0.007,0.143,0.0,Ninguno,0.09
319,gabriel.sanchez@gobierno.gob.ec,Invitación: Taller sobre JavaScript Moderno ES6+,0,Ninguno (Legítimo),BAJO - Correo Legítimo,0,Ninguno (Legítimo),0.05,0.007,0.136,0.0,Ninguno,0.083
320,fernando.castro@empresa.edu.ec,Resumen semanal de actividades del equipo Desarrollo,0,Ninguno (Legítimo),BAJO - Correo Legítimo,0,Ninguno (Legítimo),0.053,0.006,0.146,0.0,Ninguno,0.018
321,luis.vargas@empresa.com,Invitación: Taller sobre JavaScript Moderno ES6+,0,Ninguno (Legítimo),BAJO - Correo Legítimo,0,Ninguno (Legítimo),0.05,0.006,0.136,0.0,Ninguno,0.127
322,notificaciones-logisticaexpress@seguridad-cuenta-alert.online,Factura vencida #80855 - Notificación final de cobro judicial,1,Fake Invoice / Malware Attachment,CRÍTICO - Phishing Confirmado (Cuarentena),1,Fake Invoice / Malware Attachment,0.756,0.985,0.54,0.69,"Archivo adjunto ejecutable o empaquetado de riesgo (.exe, .zip, .js, etc.); Amenaza legal o cobro de facturas: cobro judicial, factura vencida; Saludo genérico impersonal",0.895
323,sofia.sanchez@servicio-cliente.com,Minuta de la reunión de planificación del sprint #332,0,Ninguno (Legítimo),BAJO - Correo Legítimo,0,Ninguno (Legítimo),0.063,0.006,0.172,0.0,Ninguno,0.032
324,soporte@banc0-verificacion-segura.com,Su contraseña de correo expira hoy - Conserve su acceso,1,Password Reset / Tech Support Scam,CRÍTICO - Phishing Confirmado (Cuarentena),1,Password Reset / Tech Support Scam,0.666,0.987,0.56,0.3,"Solicitud de credenciales/acceso: contrasena, credenciales; Saludo genérico impersonal",0.935
325,diego.fernandez@empresa.com,Consulta sobre la entrega del módulo Arquitectura Cliente-Servidor,0,Ninguno (Legítimo),BAJO - Correo Legítimo,0,Ninguno (Legítimo),0.128,0.004,0.36,0.0,Ninguno,0.069
326,soporte@actualiza-credenciales-pagos.net,Factura vencida #18973 - Notificación final de cobro judicial,1,Fake Invoice / Malware Attachment,CRÍTICO - Phishing Confirmado (Cuarentena),1,Fake Invoice / Malware Attachment,0.818,0.986,0.54,0.94,"Dominio sospechoso con TLD de alto riesgo (.xyz, .tk, .top, etc.); Archivo adjunto ejecutable o empaquetado de riesgo (.exe, .zip, .js, etc.); Amenaza legal o cobro de facturas: cobro judicial, factura vencida; Saludo genérico impersonal",0.892
327,carlos.lopez@bancorivera.com,Minuta de la reunión de planificación del sprint #122,0,Ninguno (Legítimo),BAJO - Correo Legítimo,0,Ninguno (Legítimo),0.072,0.006,0.126,0.1,Saludo genérico impersonal,0.112
328,soporte@soporte-urgente-banco.xyz,Factura vencida #75325 - Notificación final de cobro judicial,1,Fake Invoice / Malware Attachment,CRÍTICO - Phishing Confirmado (Cuarentena),1,Fake Invoice / Malware Attachment,0.818,0.986,0.54,0.94,"Dominio sospechoso con TLD de alto riesgo (.xyz, .tk, .top, etc.); Archivo adjunto ejecutable o empaquetado de riesgo (.exe, .zip, .js, etc.); Amenaza legal o cobro de facturas: cobro judicial, factura vencida; Saludo genérico impersonal",0.967
329,luis.morales@servicio-cliente.com,Recordatorio: Mantenimiento programado de Servidor Node.js,0,Ninguno (Legítimo),BAJO - Correo Legítimo,0,Ninguno (Legítimo),0.119,0.006,0.263,0.1,Saludo genérico impersonal,0.064
330,diego.torres@empresa.com,Invitación: Taller sobre HTML5 Semántico,0,Ninguno (Legítimo),BAJO - Correo Legítimo,0,Ninguno (Legítimo),0.065,0.004,0.182,0.0,Ninguno,0.038
331,gabriel.gomez@techcorp.com,Invitación: Taller sobre Arquitectura Cliente-Servidor,0,Ninguno (Legítimo),BAJO - Correo Legítimo,0,Ninguno (Legítimo),0.05,0.006,0.136,0.0,Ninguno,0.12
332,patricia.lopez@servicio-cliente.com,Factura de servicio #802 de Junio,0,Ninguno (Legítimo),BAJO - Correo Legítimo,0,Ninguno (Legítimo),0.121,0.007,0.266,0.1,Saludo genérico impersonal,0.108
333,andres.castro@logisticaexpress.com,Reunión de seguimiento - Proyecto Diseño UX/UI,0,Ninguno (Legítimo),BAJO - Correo Legítimo,0,Ninguno (Legítimo),0.067,0.004,0.115,0.1,Saludo genérico impersonal,0.109
334,lucia.sanchez@servicio-cliente.com,Invitación: Taller sobre WCAG 2.2 y ARIA,0,Ninguno (Legítimo),BAJO - Correo Legítimo,0,Ninguno (Legítimo),0.119,0.005,0.262,0.1,Saludo genérico impersonal,0.073
335,elena.gomez@mail.com,Solicitud de revisión de código - Pull Request #344,0,Ninguno (Legítimo),BAJO - Correo Legítimo,0,Ninguno (Legítimo),0.069,0.007,0.119,0.1,Saludo genérico impersonal,0.117
336,soporte@banc0-verificacion-segura.com,URGENTE: Suspención temporal de su cuenta bancaria por actividad sospechosa,1,Credential Harvesting,CRÍTICO - Phishing Confirmado (Cuarentena),1,Credential Harvesting,0.825,0.986,0.766,0.65,"Protocolo HTTP no seguro (inseguro para credenciales/pagos); Urgencia/Amenaza de bloqueo: actividad sospechosa, bloqueada, inmediatamente; Solicitud de credenciales/acceso: portal de verificacion; Saludo genérico impersonal",0.981
337,notificaciones-plataformaeducativa@banc0-verificacion-segura.com,URGENTE: Suspención temporal de su cuenta bancaria por actividad sospechosa,1,Credential Harvesting,CRÍTICO - Phishing Confirmado (Cuarentena),1,Credential Harvesting,0.825,0.986,0.766,0.65,"Protocolo HTTP no seguro (inseguro para credenciales/pagos); Urgencia/Amenaza de bloqueo: actividad sospechosa, bloqueada, inmediatamente; Solicitud de credenciales/acceso: portal de verificacion; Saludo genérico impersonal",0.924
338,carlos.perez@servicio-cliente.com,Factura de servicio #579 de Diciembre,0,Ninguno (Legítimo),BAJO - Correo Legítimo,0,Ninguno (Legítimo),0.147,0.008,0.411,0.0,Ninguno,0.125
339,notificaciones-globalnet@banc0-verificacion-segura.com,Su contraseña de correo expira hoy - Conserve su acceso,1,Password Reset / Tech Support Scam,CRÍTICO - Phishing Confirmado (Cuarentena),1,Password Reset / Tech Support Scam,0.666,0.987,0.56,0.3,"Solicitud de credenciales/acceso: contrasena, credenciales; Saludo genérico impersonal",0.848
340,maria.mendoza@mail.com,Informe mensual de rendimiento de la plataforma,0,Ninguno (Legítimo),BAJO - Correo Legítimo,0,Ninguno (Legítimo),0.072,0.006,0.126,0.1,Saludo genérico impersonal,0.081
341,gabriel.rios@mail.com,Consulta sobre la entrega del módulo JavaScript Moderno ES6+,0,Ninguno (Legítimo),BAJO - Correo Legítimo,0,Ninguno (Legítimo),0.149,0.004,0.35,0.1,Saludo genérico impersonal,0.063
342,carlos.castro@bancorivera.com,Invitación: Taller sobre WCAG 2.2 y ARIA,0,Ninguno (Legítimo),BAJO - Correo Legítimo,0,Ninguno (Legítimo),0.089,0.005,0.249,0.0,Ninguno,0.148
343,soporte@banc0-verificacion-segura.com,URGENTE: Suspención temporal de su cuenta bancaria por actividad sospechosa,1,Credential Harvesting,CRÍTICO - Phishing Confirmado (Cuarentena),1,Credential Harvesting,0.825,0.986,0.766,0.65,"Protocolo HTTP no seguro (inseguro para credenciales/pagos); Urgencia/Amenaza de bloqueo: actividad sospechosa, bloqueada, inmediatamente; Solicitud de credenciales/acceso: portal de verificacion; Saludo genérico impersonal",0.887
344,luis.ramirez@empresa.com,Solicitud de revisión de código - Pull Request #322,0,Ninguno (Legítimo),BAJO - Correo Legítimo,0,Ninguno (Legítimo),0.052,0.006,0.143,0.0,Ninguno,0.125
345,soporte@seguridad-cuenta-alert.online,URGENTE: Suspención temporal de su cuenta bancaria por actividad sospechosa,1,Credential Harvesting,CRÍTICO - Phishing Confirmado (Cuarentena),1,Credential Harvesting,0.82,0.986,0.752,0.65,"Protocolo HTTP no seguro (inseguro para credenciales/pagos); Urgencia/Amenaza de bloqueo: actividad sospechosa, bloqueada, inmediatamente; Solicitud de credenciales/acceso: portal de verificacion; Saludo genérico impersonal",0.964
346,ana.martinez@bancorivera.com,Confirmación de registro al evento Integración API REST,0,Ninguno (Legítimo),BAJO - Correo Legítimo,0,Ninguno (Legítimo),0.147,0.006,0.343,0.1,Saludo genérico impersonal,0.031
347,sofia.mendoza@empresa.com,Recordatorio: Mantenimiento programado de Servicio de Autenticación,0,Ninguno (Legítimo),BAJO - Correo Legítimo,0,Ninguno (Legítimo),0.11,0.005,0.308,0.0,Ninguno,0.087
348,soporte@logistica-express-rastreo.info,Solicitud urgente de transferencia de fondos - Confidencial,1,Spear Phishing / CEO Fraud,CRÍTICO - Phishing Confirmado (Cuarentena),1,Spear Phishing / CEO Fraud,0.744,0.987,0.676,0.45,"Dominio sospechoso con TLD de alto riesgo (.xyz, .tk, .top, etc.); Urgencia/Amenaza de bloqueo: urgente; Patrón de Spear Phishing / CEO Fraud: confidencial",0.891
349,notificaciones-cloudservices@seguridad-cuenta-alert.online,Notificación de entrega fallida - Su paquete #66369 requiere pago de arancel,1,Package Delivery Scam,ALTO - Probable Phishing (Bloqueo Preventivo),1,Package Delivery Scam,0.6,0.986,0.446,0.2,Fraude de paquetería o aduanas: numero de rastreo; Saludo genérico impersonal,0.892
350,notificaciones-banconacional@soporte-urgente-banco.xyz,Notificación de entrega fallida - Su paquete #87840 requiere pago de arancel,1,Package Delivery Scam,CRÍTICO - Phishing Confirmado (Cuarentena),1,Package Delivery Scam,0.71,0.987,0.523,0.53,"Dominio sospechoso con TLD de alto riesgo (.xyz, .tk, .top, etc.); Urgencia/Amenaza de bloqueo: urgente; Fraude de paquetería o aduanas: numero de rastreo; Saludo genérico impersonal",0.827
351,patricia.perez@mail.com,Recordatorio: Mantenimiento programado de Servidor Node.js,0,Ninguno (Legítimo),BAJO - Correo Legítimo,0,Ninguno (Legítimo),0.119,0.006,0.263,0.1,Saludo genérico impersonal,0.132
352,camila.gomez@mail.com,Resumen semanal de actividades del equipo Recursos Humanos,0,Ninguno (Legítimo),BAJO - Correo Legítimo,0,Ninguno (Legítimo),0.09,0.006,0.249,0.0,Ninguno,0.087
353,fernando.lopez@bancorivera.com,Invitación: Taller sobre JavaScript Moderno ES6+,0,Ninguno (Legítimo),BAJO - Correo Legítimo,0,Ninguno (Legítimo),0.113,0.004,0.317,0.0,Ninguno,0.019
354,roberto.perez@empresa.com,Minuta de la reunión de planificación del sprint #826,0,Ninguno (Legítimo),BAJO - Correo Legítimo,0,Ninguno (Legítimo),0.113,0.007,0.315,0.0,Ninguno,0.036
355,sofia.sanchez@servicio-cliente.com,Consulta sobre la entrega del módulo HTML5 Semántico,0,Ninguno (Legítimo),BAJO - Correo Legítimo,0,Ninguno (Legítimo),0.083,0.004,0.233,0.0,Ninguno,0.043
356,roberto.rios@bancorivera.com,Minuta de la reunión de planificación del sprint #386,0,Ninguno (Legítimo),BAJO - Correo Legítimo,0,Ninguno (Legítimo),0.121,0.006,0.266,0.1,Saludo genérico impersonal,0.022
357,jorge.fernandez@gobierno.gob.ec,Solicitud de revisión de código - Pull Request #437,0,Ninguno (Legítimo),BAJO - Correo Legítimo,0,Ninguno (Legítimo),0.12,0.007,0.263,0.1,Saludo genérico impersonal,0.091
358,valentina.mendoza@techcorp.com,Solicitud de revisión de código - Pull Request #261,0,Ninguno (Legítimo),BAJO - Correo Legítimo,0,Ninguno (Legítimo),0.12,0.007,0.263,0.1,Saludo genérico impersonal,0.112
359,jorge.mendoza@logisticaexpress.com,Factura de servicio #234 de Octubre,0,Ninguno (Legítimo),BAJO - Correo Legítimo,0,Ninguno (Legítimo),0.074,0.007,0.204,0.0,Ninguno,0.042
360,notificaciones-megamarket@verificate-ahora-login.org,Solicitud urgente de transferencia de fondos - Confidencial,1,Spear Phishing / CEO Fraud,CRÍTICO - Phishing Confirmado (Cuarentena),1,Spear Phishing / CEO Fraud,0.681,0.987,0.676,0.2,Urgencia/Amenaza de bloqueo: urgente; Patrón de Spear Phishing / CEO Fraud: confidencial,0.844
361,patricia.gomez@empresa.com,Reunión de seguimiento - Proyecto Diseño UX/UI,0,Ninguno (Legítimo),BAJO - Correo Legítimo,0,Ninguno (Legítimo),0.119,0.005,0.263,0.1,Saludo genérico impersonal,0.14
362,patricia.fernandez@empresa.com,Reunión de seguimiento - Proyecto Diseño UX/UI,0,Ninguno (Legítimo),BAJO - Correo Legítimo,0,Ninguno (Legítimo),0.053,0.004,0.146,0.0,Ninguno,0.093
363,ana.perez@empresa.com,Reunión de seguimiento - Proyecto Diseño UX/UI,0,Ninguno (Legítimo),BAJO - Correo Legítimo,0,Ninguno (Legítimo),0.067,0.004,0.115,0.1,Saludo genérico impersonal,0.066
364,soporte@banc0-verificacion-segura.com,Su contraseña de correo expira hoy - Conserve su acceso,1,Password Reset / Tech Support Scam,CRÍTICO - Phishing Confirmado (Cuarentena),1,Password Reset / Tech Support Scam,0.666,0.987,0.56,0.3,"Solicitud de credenciales/acceso: contrasena, credenciales; Saludo genérico impersonal",0.917
365,soporte@logistica-express-rastreo.info,Factura vencida #52396 - Notificación final de cobro judicial,1,Fake Invoice / Malware Attachment,CRÍTICO - Phishing Confirmado (Cuarentena),1,Fake Invoice / Malware Attachment,0.818,0.986,0.54,0.94,"Dominio sospechoso con TLD de alto riesgo (.xyz, .tk, .top, etc.); Archivo adjunto ejecutable o empaquetado de riesgo (.exe, .zip, .js, etc.); Amenaza legal o cobro de facturas: cobro judicial, factura vencida; Saludo genérico impersonal",0.93
366,elena.castro@empresa.edu.ec,Factura de servicio #216 de Diciembre,0,Ninguno (Legítimo),BAJO - Correo Legítimo,0,Ninguno (Legítimo),0.109,0.007,0.233,0.1,Saludo genérico impersonal,0.112
367,ana.mendoza@techcorp.com,Confirmación de registro al evento Migración a la Nube,0,Ninguno (Legítimo),BAJO - Correo Legítimo,0,Ninguno (Legítimo),0.144,0.007,0.403,0.0,Ninguno,0.069
368,soporte@banc0-verificacion-segura.com,Solicitud urgente de transferencia de fondos - Confidencial,1,Spear Phishing / CEO Fraud,CRÍTICO - Phishing Confirmado (Cuarentena),1,Spear Phishing / CEO Fraud,0.681,0.987,0.676,0.2,Urgencia/Amenaza de bloqueo: urgente; Patrón de Spear Phishing / CEO Fraud: confidencial,0.865
369,camila.torres@empresa.com,Informe mensual de rendimiento de la plataforma,0,Ninguno (Legítimo),BAJO - Correo Legítimo,0,Ninguno (Legítimo),0.062,0.005,0.172,0.0,Ninguno,0.097
370,lucia.gomez@techcorp.com,Reunión de seguimiento - Proyecto Integración API REST,0,Ninguno (Legítimo),BAJO - Correo Legítimo,0,Ninguno (Legítimo),0.112,0.007,0.311,0.0,Ninguno,0.025
371,ana.rodriguez@gobierno.gob.ec,Confirmación de registro al evento Diseño UX/UI,0,Ninguno (Legítimo),BAJO - Correo Legítimo,0,Ninguno (Legítimo),0.094,0.006,0.262,0.0,Ninguno,0.076
372,notificaciones-servipagos@verificate-ahora-login.org,Solicitud urgente de transferencia de fondos - Confidencial,1,Spear Phishing / CEO Fraud,CRÍTICO - Phishing Confirmado (Cuarentena),1,Spear Phishing / CEO Fraud,0.681,0.987,0.676,0.2,Urgencia/Amenaza de bloqueo: urgente; Patrón de Spear Phishing / CEO Fraud: confidencial,0.946
373,fernando.morales@mail.com,Recordatorio: Mantenimiento programado de Servicio de Autenticación,0,Ninguno (Legítimo),BAJO - Correo Legítimo,0,Ninguno (Legítimo),0.052,0.005,0.143,0.0,Ninguno,0.043
374,soporte@techcorp-admin-portal.tk,URGENTE: Suspención temporal de su cuenta bancaria por actividad sospechosa,1,Credential Harvesting,CRÍTICO - Phishing Confirmado (Cuarentena),1,Credential Harvesting,0.885,0.987,0.758,0.9,"Protocolo HTTP no seguro (inseguro para credenciales/pagos); Dominio sospechoso con TLD de alto riesgo (.xyz, .tk, .top, etc.); Urgencia/Amenaza de bloqueo: actividad sospechosa, bloqueada, inmediatamente; Solicitud de credenciales/acceso: portal de verificacion; Saludo genérico impersonal",0.897
375,sofia.martinez@empresa.edu.ec,Invitación: Taller sobre WCAG 2.2 y ARIA,0,Ninguno (Legítimo),BAJO - Correo Legítimo,0,Ninguno (Legítimo),0.065,0.004,0.182,0.0,Ninguno,0.058
376,gabriel.vargas@servicio-cliente.com,Informe mensual de rendimiento de la plataforma,0,Ninguno (Legítimo),BAJO - Correo Legítimo,0,Ninguno (Legítimo),0.072,0.006,0.126,0.1,Saludo genérico impersonal,0.135
377,sofia.ramirez@mail.com,Minuta de la reunión de planificación del sprint #648,0,Ninguno (Legítimo),BAJO - Correo Legítimo,0,Ninguno (Legítimo),0.121,0.007,0.266,0.1,Saludo genérico impersonal,0.049
378,notificaciones-logisticaexpress@verificate-ahora-login.org,Solicitud urgente de transferencia de fondos - Confidencial,1,Spear Phishing / CEO Fraud,CRÍTICO - Phishing Confirmado (Cuarentena),1,Spear Phishing / CEO Fraud,0.681,0.987,0.676,0.2,Urgencia/Amenaza de bloqueo: urgente; Patrón de Spear Phishing / CEO Fraud: confidencial,0.833
379,notificaciones-globalnet@seguridad-cuenta-alert.online,Factura vencida #49666 - Notificación final de cobro judicial,1,Fake Invoice / Malware Attachment,CRÍTICO - Phishing Confirmado (Cuarentena),1,Fake Invoice / Malware Attachment,0.756,0.986,0.54,0.69,"Archivo adjunto ejecutable o empaquetado de riesgo (.exe, .zip, .js, etc.); Amenaza legal o cobro de facturas: cobro judicial, factura vencida; Saludo genérico impersonal",0.899
380,camila.morales@techcorp.com,Resumen semanal de actividades del equipo Ciberseguridad,0,Ninguno (Legítimo),BAJO - Correo Legítimo,0,Ninguno (Legítimo),0.111,0.006,0.311,0.0,Ninguno,0.125
381,andres.fernandez@empresa.edu.ec,Reunión de seguimiento - Proyecto Plataforma Web,0,Ninguno (Legítimo),BAJO - Correo Legítimo,0,Ninguno (Legítimo),0.111,0.006,0.311,0.0,Ninguno,0.024
382,gabriel.perez@logisticaexpress.com,Invitación: Taller sobre JavaScript Moderno ES6+,0,Ninguno (Legítimo),BAJO - Correo Legítimo,0,Ninguno (Legítimo),0.119,0.005,0.262,0.1,Saludo genérico impersonal,0.032
383,notificaciones-techcorp@soporte-urgente-banco.xyz,Su contraseña de correo expira hoy - Conserve su acceso,1,Password Reset / Tech Support Scam,CRÍTICO - Phishing Confirmado (Cuarentena),1,Password Reset / Tech Support Scam,0.749,0.987,0.561,0.63,"Dominio sospechoso con TLD de alto riesgo (.xyz, .tk, .top, etc.); Urgencia/Amenaza de bloqueo: urgente; Solicitud de credenciales/acceso: contrasena, credenciales; Saludo genérico impersonal",0.941
384,andres.gomez@techcorp.com,Reunión de seguimiento - Proyecto Plataforma Web,0,Ninguno (Legítimo),BAJO - Correo Legítimo,0,Ninguno (Legítimo),0.067,0.005,0.115,0.1,Saludo genérico impersonal,0.065
385,sofia.sanchez@logisticaexpress.com,Minuta de la reunión de planificación del sprint #180,0,Ninguno (Legítimo),BAJO - Correo Legítimo,0,Ninguno (Legítimo),0.072,0.006,0.126,0.1,Saludo genérico impersonal,0.024
386,notificaciones-logisticaexpress@seguridad-cuenta-alert.online,Solicitud urgente de transferencia de fondos - Confidencial,1,Spear Phishing / CEO Fraud,CRÍTICO - Phishing Confirmado (Cuarentena),1,Spear Phishing / CEO Fraud,0.681,0.987,0.676,0.2,Urgencia/Amenaza de bloqueo: urgente; Patrón de Spear Phishing / CEO Fraud: confidencial,0.847
387,carlos.rodriguez@servicio-cliente.com,Factura de servicio #459 de Junio,0,Ninguno (Legítimo),BAJO - Correo Legítimo,0,Ninguno (Legítimo),0.074,0.007,0.204,0.0,Ninguno,0.09
388,sofia.morales@servicio-cliente.com,Consulta sobre la entrega del módulo CSS Responsivo,0,Ninguno (Legítimo),BAJO - Correo Legítimo,0,Ninguno (Legítimo),0.125,0.005,0.279,0.1,Saludo genérico impersonal,0.064
389,gabriel.morales@logisticaexpress.com,Recordatorio: Mantenimiento programado de Servicio de Autenticación,0,Ninguno (Legítimo),BAJO - Correo Legítimo,0,Ninguno (Legítimo),0.052,0.005,0.143,0.0,Ninguno,0.075
390,maria.vargas@empresa.com,Confirmación de registro al evento Plataforma Web,0,Ninguno (Legítimo),BAJO - Correo Legítimo,0,Ninguno (Legítimo),0.139,0.006,0.391,0.0,Ninguno,0.116
391,diego.perez@mail.com,Invitación: Taller sobre Arquitectura Cliente-Servidor,0,Ninguno (Legítimo),BAJO - Correo Legítimo,0,Ninguno (Legítimo),0.11,0.004,0.311,0.0,Ninguno,0.096
392,carlos.castro@mail.com,Factura de servicio #981 de Diciembre,0,Ninguno (Legítimo),BAJO - Correo Legítimo,0,Ninguno (Legítimo),0.075,0.008,0.204,0.0,Ninguno,0.065
393,notificaciones-globalnet@logistica-express-rastreo.info,Solicitud urgente de transferencia de fondos - Confidencial,1,Spear Phishing / CEO Fraud,CRÍTICO - Phishing Confirmado (Cuarentena),1,Spear Phishing / CEO Fraud,0.744,0.987,0.676,0.45,"Dominio sospechoso con TLD de alto riesgo (.xyz, .tk, .top, etc.); Urgencia/Amenaza de bloqueo: urgente; Patrón de Spear Phishing / CEO Fraud: confidencial",0.923
394,jorge.gomez@empresa.edu.ec,Reunión de seguimiento - Proyecto Diseño UX/UI,0,Ninguno (Legítimo),BAJO - Correo Legítimo,0,Ninguno (Legítimo),0.067,0.004,0.115,0.1,Saludo genérico impersonal,0.13
395,andres.morales@empresa.com,Minuta de la reunión de planificación del sprint #939,0,Ninguno (Legítimo),BAJO - Correo Legítimo,0,Ninguno (Legítimo),0.072,0.006,0.126,0.1,Saludo genérico impersonal,0.095
396,ana.gomez@servicio-cliente.com,Confirmación de registro al evento Integración API REST,0,Ninguno (Legítimo),BAJO - Correo Legítimo,0,Ninguno (Legítimo),0.082,0.006,0.226,0.0,Ninguno,0.148
397,patricia.torres@empresa.edu.ec,Minuta de la reunión de planificación del sprint #917,0,Ninguno (Legítimo),BAJO - Correo Legítimo,0,Ninguno (Legítimo),0.113,0.007,0.315,0.0,Ninguno,0.076
398,sofia.martinez@techcorp.com,Reunión de seguimiento - Proyecto Integración API REST,0,Ninguno (Legítimo),BAJO - Correo Legítimo,0,Ninguno (Legítimo),0.067,0.004,0.115,0.1,Saludo genérico impersonal,0.091
399,luis.lopez@empresa.edu.ec,Invitación: Taller sobre WCAG 2.2 y ARIA,0,Ninguno (Legítimo),BAJO - Correo Legítimo,0,Ninguno (Legítimo),0.115,0.005,0.324,0.0,Ninguno,0.114
400,fernando.mendoza@logisticaexpress.com,Informe mensual de rendimiento de la plataforma,0,Ninguno (Legítimo),BAJO - Correo Legítimo,0,Ninguno (Legítimo),0.046,0.006,0.124,0.0,Ninguno,0.141
401,soporte@actualiza-credenciales-pagos.net,Solicitud urgente de transferencia de fondos - Confidencial,1,Spear Phishing / CEO Fraud,CRÍTICO - Phishing Confirmado (Cuarentena),1,Spear Phishing / CEO Fraud,0.744,0.987,0.676,0.45,"Dominio sospechoso con TLD de alto riesgo (.xyz, .tk, .top, etc.); Urgencia/Amenaza de bloqueo: urgente; Patrón de Spear Phishing / CEO Fraud: confidencial",0.825
402,sofia.torres@logisticaexpress.com,Consulta sobre la entrega del módulo Arquitectura Cliente-Servidor,0,Ninguno (Legítimo),BAJO - Correo Legítimo,0,Ninguno (Legítimo),0.125,0.005,0.279,0.1,Saludo genérico impersonal,0.012
403,maria.morales@mail.com,Consulta sobre la entrega del módulo JavaScript Moderno ES6+,0,Ninguno (Legítimo),BAJO - Correo Legítimo,0,Ninguno (Legítimo),0.083,0.004,0.233,0.0,Ninguno,0.102
404,elena.sanchez@bancorivera.com,Reunión de seguimiento - Proyecto Plataforma Web,0,Ninguno (Legítimo),BAJO - Correo Legítimo,0,Ninguno (Legítimo),0.112,0.007,0.311,0.0,Ninguno,0.106
405,carlos.ramirez@empresa.edu.ec,Reunión de seguimiento - Proyecto Migración a la Nube,0,Ninguno (Legítimo),BAJO - Correo Legítimo,0,Ninguno (Legítimo),0.045,0.005,0.123,0.0,Ninguno,0.028
406,fernando.martinez@servicio-cliente.com,Factura de servicio #754 de Mayo,0,Ninguno (Legítimo),BAJO - Correo Legítimo,0,Ninguno (Legítimo),0.121,0.008,0.266,0.1,Saludo genérico impersonal,0.119
407,soporte@seguridad-cuenta-alert.online,Notificación de entrega fallida - Su paquete #44690 requiere pago de arancel,1,Package Delivery Scam,ALTO - Probable Phishing (Bloqueo Preventivo),1,Package Delivery Scam,0.6,0.986,0.446,0.2,Fraude de paquetería o aduanas: numero de rastreo; Saludo genérico impersonal,0.879
408,maria.lopez@empresa.com,Resumen semanal de actividades del equipo Desarrollo,0,Ninguno (Legítimo),BAJO - Correo Legítimo,0,Ninguno (Legítimo),0.111,0.006,0.311,0.0,Ninguno,0.02
409,ana.vargas@empresa.com,Invitación: Taller sobre Arquitectura Cliente-Servidor,0,Ninguno (Legítimo),BAJO - Correo Legítimo,0,Ninguno (Legítimo),0.064,0.007,0.104,0.1,Saludo genérico impersonal,0.077
410,camila.rodriguez@mail.com,Confirmación de registro al evento Auditoría de Seguridad,0,Ninguno (Legítimo),BAJO - Correo Legítimo,0,Ninguno (Legítimo),0.08,0.006,0.223,0.0,Ninguno,0.129
411,roberto.vargas@logisticaexpress.com,Invitación: Taller sobre HTML5 Semántico,0,Ninguno (Legítimo),BAJO - Correo Legítimo,0,Ninguno (Legítimo),0.064,0.007,0.104,0.1,Saludo genérico impersonal,0.113
412,soporte@seguridad-cuenta-alert.online,URGENTE: Suspención temporal de su cuenta bancaria por actividad sospechosa,1,Credential Harvesting,CRÍTICO - Phishing Confirmado (Cuarentena),1,Credential Harvesting,0.82,0.986,0.752,0.65,"Protocolo HTTP no seguro (inseguro para credenciales/pagos); Urgencia/Amenaza de bloqueo: actividad sospechosa, bloqueada, inmediatamente; Solicitud de credenciales/acceso: portal de verificacion; Saludo genérico impersonal",0.985
413,ana.fernandez@empresa.edu.ec,Resumen semanal de actividades del equipo Recursos Humanos,0,Ninguno (Legítimo),BAJO - Correo Legítimo,0,Ninguno (Legítimo),0.111,0.006,0.311,0.0,Ninguno,0.015
414,soporte@techcorp-admin-portal.tk,Solicitud urgente de transferencia de fondos - Confidencial,1,Spear Phishing / CEO Fraud,CRÍTICO - Phishing Confirmado (Cuarentena),1,Spear Phishing / CEO Fraud,0.744,0.987,0.676,0.45,"Dominio sospechoso con TLD de alto riesgo (.xyz, .tk, .top, etc.); Urgencia/Amenaza de bloqueo: urgente; Patrón de Spear Phishing / CEO Fraud: confidencial",0.888
415,maria.rodriguez@servicio-cliente.com,Solicitud de revisión de código - Pull Request #918,0,Ninguno (Legítimo),BAJO - Correo Legítimo,0,Ninguno (Legítimo),0.066,0.006,0.182,0.0,Ninguno,0.124
416,gabriel.rios@logisticaexpress.com,Reunión de seguimiento - Proyecto Migración a la Nube,0,Ninguno (Legítimo),BAJO - Correo Legítimo,0,Ninguno (Legítimo),0.12,0.005,0.266,0.1,Saludo genérico impersonal,0.116
417,notificaciones-servipagos@banc0-verificacion-segura.com,Su contraseña de correo expira hoy - Conserve su acceso,1,Password Reset / Tech Support Scam,CRÍTICO - Phishing Confirmado (Cuarentena),1,Password Reset / Tech Support Scam,0.666,0.987,0.56,0.3,"Solicitud de credenciales/acceso: contrasena, credenciales; Saludo genérico impersonal",0.915
418,carlos.lopez@empresa.edu.ec,Solicitud de revisión de código - Pull Request #390,0,Ninguno (Legítimo),BAJO - Correo Legítimo,0,Ninguno (Legítimo),0.089,0.006,0.248,0.0,Ninguno,0.083
419,camila.ramirez@empresa.edu.ec,Invitación: Taller sobre HTML5 Semántico,0,Ninguno (Legítimo),BAJO - Correo Legítimo,0,Ninguno (Legítimo),0.05,0.006,0.136,0.0,Ninguno,0.147
420,fernando.gomez@logisticaexpress.com,Factura de servicio #915 de Marzo,0,Ninguno (Legítimo),BAJO - Correo Legítimo,0,Ninguno (Legítimo),0.146,0.006,0.411,0.0,Ninguno,0.018
421,ana.rodriguez@bancorivera.com,Minuta de la reunión de planificación del sprint #280,0,Ninguno (Legítimo),BAJO - Correo Legítimo,0,Ninguno (Legítimo),0.114,0.006,0.319,0.0,Ninguno,0.135
422,gabriel.perez@empresa.edu.ec,Confirmación de registro al evento Plataforma Web,0,Ninguno (Legítimo),BAJO - Correo Legítimo,0,Ninguno (Legítimo),0.147,0.006,0.343,0.1,Saludo genérico impersonal,0.02
423,elena.fernandez@mail.com,Recordatorio: Mantenimiento programado de API REST,0,Ninguno (Legítimo),BAJO - Correo Legítimo,0,Ninguno (Legítimo),0.119,0.006,0.263,0.1,Saludo genérico impersonal,0.014
424,andres.fernandez@techcorp.com,Confirmación de registro al evento Auditoría de Seguridad,0,Ninguno (Legítimo),BAJO - Correo Legítimo,0,Ninguno (Legítimo),0.08,0.006,0.223,0.0,Ninguno,0.146
425,camila.rios@servicio-cliente.com,Invitación: Taller sobre CSS Responsivo,0,Ninguno (Legítimo),BAJO - Correo Legítimo,0,Ninguno (Legítimo),0.051,0.008,0.136,0.0,Ninguno,0.041
426,ana.torres@bancorivera.com,Consulta sobre la entrega del módulo Arquitectura Cliente-Servidor,0,Ninguno (Legítimo),BAJO - Correo Legítimo,0,Ninguno (Legítimo),0.15,0.005,0.35,0.1,Saludo genérico impersonal,0.022
427,sofia.perez@empresa.edu.ec,Reunión de seguimiento - Proyecto Auditoría de Seguridad,0,Ninguno (Legítimo),BAJO - Correo Legítimo,0,Ninguno (Legítimo),0.052,0.005,0.143,0.0,Ninguno,0.013
428,andres.castro@bancorivera.com,Factura de servicio #494 de Julio,0,Ninguno (Legítimo),BAJO - Correo Legítimo,0,Ninguno (Legítimo),0.091,0.006,0.252,0.0,Ninguno,0.108
429,ana.morales@mail.com,Reunión de seguimiento - Proyecto Diseño UX/UI,0,Ninguno (Legítimo),BAJO - Correo Legítimo,0,Ninguno (Legítimo),0.065,0.004,0.182,0.0,Ninguno,0.061
430,patricia.morales@empresa.edu.ec,Informe mensual de rendimiento de la plataforma,0,Ninguno (Legítimo),BAJO - Correo Legítimo,0,Ninguno (Legítimo),0.087,0.006,0.241,0.0,Ninguno,0.08
431,camila.morales@empresa.edu.ec,Informe mensual de rendimiento de la plataforma,0,Ninguno (Legítimo),BAJO - Correo Legítimo,0,Ninguno (Legítimo),0.062,0.005,0.172,0.0,Ninguno,0.122
432,roberto.lopez@gobierno.gob.ec,Factura de servicio #211 de Agosto,0,Ninguno (Legítimo),BAJO - Correo Legítimo,0,Ninguno (Legítimo),0.121,0.008,0.266,0.1,Saludo genérico impersonal,0.132
433,camila.sanchez@empresa.com,Informe mensual de rendimiento de la plataforma,0,Ninguno (Legítimo),BAJO - Correo Legítimo,0,Ninguno (Legítimo),0.121,0.006,0.266,0.1,Saludo genérico impersonal,0.127
434,camila.ramirez@servicio-cliente.com,Informe mensual de rendimiento de la plataforma,0,Ninguno (Legítimo),BAJO - Correo Legítimo,0,Ninguno (Legítimo),0.121,0.006,0.266,0.1,Saludo genérico impersonal,0.078
435,elena.ramirez@techcorp.com,Minuta de la reunión de planificación del sprint #392,0,Ninguno (Legítimo),BAJO - Correo Legítimo,0,Ninguno (Legítimo),0.114,0.007,0.319,0.0,Ninguno,0.016
436,notificaciones-cloudservices@verificate-ahora-login.org,Solicitud urgente de transferencia de fondos - Confidencial,1,Spear Phishing / CEO Fraud,CRÍTICO - Phishing Confirmado (Cuarentena),1,Spear Phishing / CEO Fraud,0.681,0.987,0.676,0.2,Urgencia/Amenaza de bloqueo: urgente; Patrón de Spear Phishing / CEO Fraud: confidencial,0.805
437,roberto.torres@techcorp.com,Informe mensual de rendimiento de la plataforma,0,Ninguno (Legítimo),BAJO - Correo Legítimo,0,Ninguno (Legítimo),0.062,0.005,0.172,0.0,Ninguno,0.146
438,camila.gomez@techcorp.com,Minuta de la reunión de planificación del sprint #219,0,Ninguno (Legítimo),BAJO - Correo Legítimo,0,Ninguno (Legítimo),0.072,0.006,0.126,0.1,Saludo genérico impersonal,0.06
439,fernando.perez@bancorivera.com,Factura de servicio #651 de Agosto,0,Ninguno (Legítimo),BAJO - Correo Legítimo,0,Ninguno (Legítimo),0.091,0.007,0.251,0.0,Ninguno,0.094
440,lucia.fernandez@mail.com,Reunión de seguimiento - Proyecto Auditoría de Seguridad,0,Ninguno (Legítimo),BAJO - Correo Legítimo,0,Ninguno (Legítimo),0.111,0.007,0.308,0.0,Ninguno,0.04
441,valentina.castro@empresa.com,Recordatorio: Mantenimiento programado de Servidor Node.js,0,Ninguno (Legítimo),BAJO - Correo Legítimo,0,Ninguno (Legítimo),0.066,0.006,0.183,0.0,Ninguno,0.076
442,valentina.vargas@gobierno.gob.ec,Consulta sobre la entrega del módulo Arquitectura Cliente-Servidor,0,Ninguno (Legítimo),BAJO - Correo Legítimo,0,Ninguno (Legítimo),0.125,0.006,0.279,0.1,Saludo genérico impersonal,0.051
443,patricia.gomez@bancorivera.com,Recordatorio: Mantenimiento programado de Servidor Node.js,0,Ninguno (Legítimo),BAJO - Correo Legítimo,0,Ninguno (Legítimo),0.119,0.006,0.263,0.1,Saludo genérico impersonal,0.079
444,camila.rodriguez@mail.com,Solicitud de revisión de código - Pull Request #592,0,Ninguno (Legítimo),BAJO - Correo Legítimo,0,Ninguno (Legítimo),0.109,0.006,0.306,0.0,Ninguno,0.062
445,jorge.sanchez@servicio-cliente.com,Recordatorio: Mantenimiento programado de API REST,0,Ninguno (Legítimo),BAJO - Correo Legítimo,0,Ninguno (Legítimo),0.066,0.006,0.183,0.0,Ninguno,0.017
446,notificaciones-cloudservices@verificate-ahora-login.org,URGENTE: Suspención temporal de su cuenta bancaria por actividad sospechosa,1,Credential Harvesting,CRÍTICO - Phishing Confirmado (Cuarentena),1,Credential Harvesting,0.82,0.987,0.752,0.65,"Protocolo HTTP no seguro (inseguro para credenciales/pagos); Urgencia/Amenaza de bloqueo: actividad sospechosa, bloqueada, inmediatamente; Solicitud de credenciales/acceso: portal de verificacion; Saludo genérico impersonal",0.966
447,jorge.gomez@techcorp.com,Minuta de la reunión de planificación del sprint #388,0,Ninguno (Legítimo),BAJO - Correo Legítimo,0,Ninguno (Legítimo),0.112,0.007,0.311,0.0,Ninguno,0.041
448,luis.rodriguez@techcorp.com,Reunión de seguimiento - Proyecto Auditoría de Seguridad,0,Ninguno (Legítimo),BAJO - Correo Legítimo,0,Ninguno (Legítimo),0.052,0.005,0.143,0.0,Ninguno,0.083
449,patricia.lopez@techcorp.com,Resumen semanal de actividades del equipo Desarrollo,0,Ninguno (Legítimo),BAJO - Correo Legítimo,0,Ninguno (Legítimo),0.114,0.006,0.319,0.0,Ninguno,0.021
450,ana.torres@empresa.edu.ec,Invitación: Taller sobre JavaScript Moderno ES6+,0,Ninguno (Legítimo),BAJO - Correo Legítimo,0,Ninguno (Legítimo),0.05,0.006,0.136,0.0,Ninguno,0.039
451,fernando.ramirez@mail.com,Confirmación de registro al evento Integración API REST,0,Ninguno (Legítimo),BAJO - Correo Legítimo,0,Ninguno (Legítimo),0.139,0.006,0.391,0.0,Ninguno,0.024
452,sofia.lopez@bancorivera.com,Factura de servicio #319 de Marzo,0,Ninguno (Legítimo),BAJO - Correo Legítimo,0,Ninguno (Legítimo),0.109,0.007,0.233,0.1,Saludo genérico impersonal,0.104
453,soporte@banc0-verificacion-segura.com,Factura vencida #51193 - Notificación final de cobro judicial,1,Fake Invoice / Malware Attachment,CRÍTICO - Phishing Confirmado (Cuarentena),1,Fake Invoice / Malware Attachment,0.756,0.986,0.54,0.69,"Archivo adjunto ejecutable o empaquetado de riesgo (.exe, .zip, .js, etc.); Amenaza legal o cobro de facturas: cobro judicial, factura vencida; Saludo genérico impersonal",0.937
454,camila.rodriguez@empresa.com,Invitación: Taller sobre JavaScript Moderno ES6+,0,Ninguno (Legítimo),BAJO - Correo Legítimo,0,Ninguno (Legítimo),0.064,0.006,0.104,0.1,Saludo genérico impersonal,0.051
455,elena.gomez@servicio-cliente.com,Factura de servicio #505 de Marzo,0,Ninguno (Legítimo),BAJO - Correo Legítimo,0,Ninguno (Legítimo),0.109,0.007,0.233,0.1,Saludo genérico impersonal,0.066
456,gabriel.perez@empresa.com,Factura de servicio #338 de Octubre,0,Ninguno (Legítimo),BAJO - Correo Legítimo,0,Ninguno (Legítimo),0.091,0.006,0.252,0.0,Ninguno,0.116
457,camila.morales@gobierno.gob.ec,Recordatorio: Mantenimiento programado de Servidor Node.js,0,Ninguno (Legítimo),BAJO - Correo Legítimo,0,Ninguno (Legítimo),0.068,0.006,0.115,0.1,Saludo genérico impersonal,0.042
458,camila.vargas@bancorivera.com,Recordatorio: Mantenimiento programado de Base de Datos,0,Ninguno (Legítimo),BAJO - Correo Legítimo,0,Ninguno (Legítimo),0.072,0.006,0.199,0.0,Ninguno,0.023
459,notificaciones-logisticaexpress@logistica-express-rastreo.info,Factura vencida #76164 - Notificación final de cobro judicial,1,Fake Invoice / Malware Attachment,CRÍTICO - Phishing Confirmado (Cuarentena),1,Fake Invoice / Malware Attachment,0.818,0.986,0.54,0.94,"Dominio sospechoso con TLD de alto riesgo (.xyz, .tk, .top, etc.); Archivo adjunto ejecutable o empaquetado de riesgo (.exe, .zip, .js, etc.); Amenaza legal o cobro de facturas: cobro judicial, factura vencida; Saludo genérico impersonal",0.969
460,andres.sanchez@empresa.com,Informe mensual de rendimiento de la plataforma,0,Ninguno (Legítimo),BAJO - Correo Legítimo,0,Ninguno (Legítimo),0.087,0.006,0.241,0.0,Ninguno,0.134
461,notificaciones-megamarket@seguridad-cuenta-alert.online,Factura vencida #24336 - Notificación final de cobro judicial,1,Fake Invoice / Malware Attachment,CRÍTICO - Phishing Confirmado (Cuarentena),1,Fake Invoice / Malware Attachment,0.756,0.986,0.54,0.69,"Archivo adjunto ejecutable o empaquetado de riesgo (.exe, .zip, .js, etc.); Amenaza legal o cobro de facturas: cobro judicial, factura vencida; Saludo genérico impersonal",0.955
462,roberto.martinez@servicio-cliente.com,Solicitud de revisión de código - Pull Request #486,0,Ninguno (Legítimo),BAJO - Correo Legítimo,0,Ninguno (Legítimo),0.109,0.006,0.306,0.0,Ninguno,0.093
463,notificaciones-cloudservices@banc0-verificacion-segura.com,Factura vencida #66118 - Notificación final de cobro judicial,1,Fake Invoice / Malware Attachment,CRÍTICO - Phishing Confirmado (Cuarentena),1,Fake Invoice / Malware Attachment,0.756,0.986,0.54,0.69,"Archivo adjunto ejecutable o empaquetado de riesgo (.exe, .zip, .js, etc.); Amenaza legal o cobro de facturas: cobro judicial, factura vencida; Saludo genérico impersonal",0.925
464,soporte@banc0-verificacion-segura.com,Su contraseña de correo expira hoy - Conserve su acceso,1,Password Reset / Tech Support Scam,CRÍTICO - Phishing Confirmado (Cuarentena),1,Password Reset / Tech Support Scam,0.666,0.987,0.56,0.3,"Solicitud de credenciales/acceso: contrasena, credenciales; Saludo genérico impersonal",0.845
465,fernando.gomez@servicio-cliente.com,Solicitud de revisión de código - Pull Request #122,0,Ninguno (Legítimo),BAJO - Correo Legítimo,0,Ninguno (Legítimo),0.11,0.006,0.308,0.0,Ninguno,0.123
466,notificaciones-cloudservices@verificate-ahora-login.org,Solicitud urgente de transferencia de fondos - Confidencial,1,Spear Phishing / CEO Fraud,CRÍTICO - Phishing Confirmado (Cuarentena),1,Spear Phishing / CEO Fraud,0.681,0.987,0.676,0.2,Urgencia/Amenaza de bloqueo: urgente; Patrón de Spear Phishing / CEO Fraud: confidencial,0.814
467,ana.martinez@empresa.com,Resumen semanal de actividades del equipo Recursos Humanos,0,Ninguno (Legítimo),BAJO - Correo Legítimo,0,Ninguno (Legítimo),0.066,0.005,0.183,0.0,Ninguno,0.019
468,sofia.morales@gobierno.gob.ec,Consulta sobre la entrega del módulo JavaScript Moderno ES6+,0,Ninguno (Legítimo),BAJO - Correo Legítimo,0,Ninguno (Legítimo),0.108,0.004,0.304,0.0,Ninguno,0.097
469,camila.perez@servicio-cliente.com,Invitación: Taller sobre WCAG 2.2 y ARIA,0,Ninguno (Legítimo),BAJO - Correo Legítimo,0,Ninguno (Legítimo),0.113,0.004,0.317,0.0,Ninguno,0.083
470,valentina.fernandez@mail.com,Factura de servicio #749 de Noviembre,0,Ninguno (Legítimo),BAJO - Correo Legítimo,0,Ninguno (Legítimo),0.121,0.007,0.266,0.1,Saludo genérico impersonal,0.046
471,carlos.perez@gobierno.gob.ec,Informe mensual de rendimiento de la plataforma,0,Ninguno (Legítimo),BAJO - Correo Legítimo,0,Ninguno (Legítimo),0.121,0.006,0.266,0.1,Saludo genérico impersonal,0.048
472,notificaciones-banconacional@seguridad-cuenta-alert.online,Factura vencida #12609 - Notificación final de cobro judicial,1,Fake Invoice / Malware Attachment,CRÍTICO - Phishing Confirmado (Cuarentena),1,Fake Invoice / Malware Attachment,0.756,0.986,0.54,0.69,"Archivo adjunto ejecutable o empaquetado de riesgo (.exe, .zip, .js, etc.); Amenaza legal o cobro de facturas: cobro judicial, factura vencida; Saludo genérico impersonal",0.889
473,roberto.rios@techcorp.com,Resumen semanal de actividades del equipo Recursos Humanos,0,Ninguno (Legítimo),BAJO - Correo Legítimo,0,Ninguno (Legítimo),0.053,0.006,0.146,0.0,Ninguno,0.143
474,gabriel.sanchez@empresa.com,Resumen semanal de actividades del equipo Infraestructura,0,Ninguno (Legítimo),BAJO - Correo Legítimo,0,Ninguno (Legítimo),0.066,0.006,0.183,0.0,Ninguno,0.072
475,soporte@soporte-urgente-banco.xyz,URGENTE: Suspención temporal de su cuenta bancaria por actividad sospechosa,1,Credential Harvesting,CRÍTICO - Phishing Confirmado (Cuarentena),1,Password Reset / Tech Support Scam,0.88,0.987,0.742,0.9,"Protocolo HTTP no seguro (inseguro para credenciales/pagos); Dominio sospechoso con TLD de alto riesgo (.xyz, .tk, .top, etc.); Urgencia/Amenaza de bloqueo: actividad sospechosa, bloqueada, inmediatamente; Solicitud de credenciales/acceso: portal de verificacion; Saludo genérico impersonal",0.884
476,notificaciones-banconacional@banc0-verificacion-segura.com,Notificación de entrega fallida - Su paquete #94593 requiere pago de arancel,1,Package Delivery Scam,ALTO - Probable Phishing (Bloqueo Preventivo),1,Package Delivery Scam,0.599,0.986,0.441,0.2,Fraude de paquetería o aduanas: numero de rastreo; Saludo genérico impersonal,0.906
477,sofia.vargas@mail.com,Factura de servicio #647 de Julio,0,Ninguno (Legítimo),BAJO - Correo Legítimo,0,Ninguno (Legítimo),0.091,0.008,0.251,0.0,Ninguno,0.052
478,andres.vargas@mail.com,Consulta sobre la entrega del módulo JavaScript Moderno ES6+,0,Ninguno (Legítimo),BAJO - Correo Legítimo,0,Ninguno (Legítimo),0.125,0.006,0.279,0.1,Saludo genérico impersonal,0.14
479,luis.sanchez@empresa.com,Solicitud de revisión de código - Pull Request #846,0,Ninguno (Legítimo),BAJO - Correo Legítimo,0,Ninguno (Legítimo),0.12,0.007,0.263,0.1,Saludo genérico impersonal,0.098
480,gabriel.ramirez@empresa.edu.ec,Factura de servicio #261 de Noviembre,0,Ninguno (Legítimo),BAJO - Correo Legítimo,0,Ninguno (Legítimo),0.109,0.007,0.233,0.1,Saludo genérico impersonal,0.121
481,soporte@actualiza-credenciales-pagos.net,Notificación de entrega fallida - Su paquete #21062 requiere pago de arancel,1,Package Delivery Scam,CRÍTICO - Phishing Confirmado (Cuarentena),1,Package Delivery Scam,0.66,0.986,0.366,0.55,"Dominio sospechoso con TLD de alto riesgo (.xyz, .tk, .top, etc.); Solicitud de credenciales/acceso: credenciales; Fraude de paquetería o aduanas: numero de rastreo; Saludo genérico impersonal",0.863
482,luis.torres@logisticaexpress.com,Invitación: Taller sobre HTML5 Semántico,0,Ninguno (Legítimo),BAJO - Correo Legítimo,0,Ninguno (Legítimo),0.05,0.006,0.136,0.0,Ninguno,0.046
483,soporte@seguridad-cuenta-alert.online,Factura vencida #98291 - Notificación final de cobro judicial,1,Fake Invoice / Malware Attachment,CRÍTICO - Phishing Confirmado (Cuarentena),1,Fake Invoice / Malware Attachment,0.756,0.986,0.54,0.69,"Archivo adjunto ejecutable o empaquetado de riesgo (.exe, .zip, .js, etc.); Amenaza legal o cobro de facturas: cobro judicial, factura vencida; Saludo genérico impersonal",0.958
484,notificaciones-globalnet@seguridad-cuenta-alert.online,Factura vencida #37080 - Notificación final de cobro judicial,1,Fake Invoice / Malware Attachment,CRÍTICO - Phishing Confirmado (Cuarentena),1,Fake Invoice / Malware Attachment,0.756,0.986,0.54,0.69,"Archivo adjunto ejecutable o empaquetado de riesgo (.exe, .zip, .js, etc.); Amenaza legal o cobro de facturas: cobro judicial, factura vencida; Saludo genérico impersonal",0.911
485,carlos.martinez@gobierno.gob.ec,Resumen semanal de actividades del equipo Recursos Humanos,0,Ninguno (Legítimo),BAJO - Correo Legítimo,0,Ninguno (Legítimo),0.068,0.006,0.115,0.1,Saludo genérico impersonal,0.022
486,valentina.castro@gobierno.gob.ec,Factura de servicio #197 de Abril,0,Ninguno (Legítimo),BAJO - Correo Legítimo,0,Ninguno (Legítimo),0.11,0.008,0.233,0.1,Saludo genérico impersonal,0.137
487,roberto.martinez@empresa.com,Confirmación de registro al evento Integración API REST,0,Ninguno (Legítimo),BAJO - Correo Legítimo,0,Ninguno (Legítimo),0.082,0.006,0.226,0.0,Ninguno,0.079
488,jorge.martinez@empresa.edu.ec,Confirmación de registro al evento Migración a la Nube,0,Ninguno (Legítimo),BAJO - Correo Legítimo,0,Ninguno (Legítimo),0.091,0.005,0.253,0.0,Ninguno,0.136
489,notificaciones-techcorp@techcorp-admin-portal.tk,Notificación de entrega fallida - Su paquete #74392 requiere pago de arancel,1,Package Delivery Scam,ALTO - Probable Phishing (Bloqueo Preventivo),1,Package Delivery Scam,0.635,0.987,0.366,0.45,"Dominio sospechoso con TLD de alto riesgo (.xyz, .tk, .top, etc.); Fraude de paquetería o aduanas: numero de rastreo; Saludo genérico impersonal",0.948
490,patricia.lopez@bancorivera.com,Informe mensual de rendimiento de la plataforma,0,Ninguno (Legítimo),BAJO - Correo Legítimo,0,Ninguno (Legítimo),0.114,0.006,0.319,0.0,Ninguno,0.072
491,jorge.rodriguez@mail.com,Factura de servicio #308 de Mayo,0,Ninguno (Legítimo),BAJO - Correo Legítimo,0,Ninguno (Legítimo),0.074,0.007,0.204,0.0,Ninguno,0.135
492,patricia.mendoza@servicio-cliente.com,Factura de servicio #436 de Junio,0,Ninguno (Legítimo),BAJO - Correo Legítimo,0,Ninguno (Legítimo),0.074,0.007,0.204,0.0,Ninguno,0.14
493,notificaciones-logisticaexpress@logistica-express-rastreo.info,Factura vencida #92359 - Notificación final de cobro judicial,1,Fake Invoice / Malware Attachment,CRÍTICO - Phishing Confirmado (Cuarentena),1,Fake Invoice / Malware Attachment,0.818,0.986,0.54,0.94,"Dominio sospechoso con TLD de alto riesgo (.xyz, .tk, .top, etc.); Archivo adjunto ejecutable o empaquetado de riesgo (.exe, .zip, .js, etc.); Amenaza legal o cobro de facturas: cobro judicial, factura vencida; Saludo genérico impersonal",0.881
494,diego.rios@bancorivera.com,Invitación: Taller sobre HTML5 Semántico,0,Ninguno (Legítimo),BAJO - Correo Legítimo,0,Ninguno (Legítimo),0.066,0.005,0.183,0.0,Ninguno,0.035
495,elena.fernandez@empresa.com,Invitación: Taller sobre HTML5 Semántico,0,Ninguno (Legítimo),BAJO - Correo Legítimo,0,Ninguno (Legítimo),0.065,0.004,0.182,0.0,Ninguno,0.137
496,camila.torres@empresa.com,Informe mensual de rendimiento de la plataforma,0,Ninguno (Legítimo),BAJO - Correo Legítimo,0,Ninguno (Legítimo),0.062,0.006,0.171,0.0,Ninguno,0.096
497,andres.vargas@logisticaexpress.com,Recordatorio: Mantenimiento programado de Servidor Node.js,0,Ninguno (Legítimo),BAJO - Correo Legítimo,0,Ninguno (Legítimo),0.068,0.006,0.115,0.1,Saludo genérico impersonal,0.021
498,patricia.morales@empresa.com,Invitación: Taller sobre WCAG 2.2 y ARIA,0,Ninguno (Legítimo),BAJO - Correo Legítimo,0,Ninguno (Legítimo),0.113,0.005,0.317,0.0,Ninguno,0.081
499,luis.mendoza@bancorivera.com,Factura de servicio #858 de Enero,0,Ninguno (Legítimo),BAJO - Correo Legítimo,0,Ninguno (Legítimo),0.147,0.007,0.411,0.0,Ninguno,0.068
500,fernando.sanchez@techcorp.com,Resumen semanal de actividades del equipo Desarrollo,0,Ninguno (Legítimo),BAJO - Correo Legítimo,0,Ninguno (Legítimo),0.053,0.006,0.146,0.0,Ninguno,0.013
501,camila.martinez@mail.com,Consulta sobre la entrega del módulo HTML5 Semántico,0,Ninguno (Legítimo),BAJO - Correo Legítimo,0,Ninguno (Legítimo),0.15,0.005,0.35,0.1,Saludo genérico impersonal,0.026
502,soporte@logistica-express-rastreo.info,Solicitud urgente de transferencia de fondos - Confidencial,1,Spear Phishing / CEO Fraud,CRÍTICO - Phishing Confirmado (Cuarentena),1,Spear Phishing / CEO Fraud,0.744,0.987,0.676,0.45,"Dominio sospechoso con TLD de alto riesgo (.xyz, .tk, .top, etc.); Urgencia/Amenaza de bloqueo: urgente; Patrón de Spear Phishing / CEO Fraud: confidencial",0.911
503,notificaciones-banconacional@logistica-express-rastreo.info,Factura vencida #71799 - Notificación final de cobro judicial,1,Fake Invoice / Malware Attachment,CRÍTICO - Phishing Confirmado (Cuarentena),1,Fake Invoice / Malware Attachment,0.818,0.986,0.54,0.94,"Dominio sospechoso con TLD de alto riesgo (.xyz, .tk, .top, etc.); Archivo adjunto ejecutable o empaquetado de riesgo (.exe, .zip, .js, etc.); Amenaza legal o cobro de facturas: cobro judicial, factura vencida; Saludo genérico impersonal",0.944
504,notificaciones-plataformaeducativa@techcorp-admin-portal.tk,URGENTE: Suspención temporal de su cuenta bancaria por actividad sospechosa,1,Credential Harvesting,CRÍTICO - Phishing Confirmado (Cuarentena),1,Credential Harvesting,0.885,0.987,0.758,0.9,"Protocolo HTTP no seguro (inseguro para credenciales/pagos); Dominio sospechoso con TLD de alto riesgo (.xyz, .tk, .top, etc.); Urgencia/Amenaza de bloqueo: actividad sospechosa, bloqueada, inmediatamente; Solicitud de credenciales/acceso: portal de verificacion; Saludo genérico impersonal",0.953
505,camila.morales@servicio-cliente.com,Resumen semanal de actividades del equipo Soporte Técnico,0,Ninguno (Legítimo),BAJO - Correo Legítimo,0,Ninguno (Legítimo),0.09,0.006,0.251,0.0,Ninguno,0.087
506,notificaciones-megamarket@techcorp-admin-portal.tk,Su contraseña de correo expira hoy - Conserve su acceso,1,Password Reset / Tech Support Scam,CRÍTICO - Phishing Confirmado (Cuarentena),1,Password Reset / Tech Support Scam,0.702,0.987,0.486,0.55,"Dominio sospechoso con TLD de alto riesgo (.xyz, .tk, .top, etc.); Solicitud de credenciales/acceso: contrasena, credenciales; Saludo genérico impersonal",0.823
507,notificaciones-cloudservices@actualiza-credenciales-pagos.net,Su contraseña de correo expira hoy - Conserve su acceso,1,Password Reset / Tech Support Scam,CRÍTICO - Phishing Confirmado (Cuarentena),1,Password Reset / Tech Support Scam,0.703,0.987,0.487,0.55,"Dominio sospechoso con TLD de alto riesgo (.xyz, .tk, .top, etc.); Solicitud de credenciales/acceso: contrasena, credenciales; Saludo genérico impersonal",0.948
508,valentina.rios@mail.com,Informe mensual de rendimiento de la plataforma,0,Ninguno (Legítimo),BAJO - Correo Legítimo,0,Ninguno (Legítimo),0.114,0.006,0.319,0.0,Ninguno,0.103
509,notificaciones-globalnet@soporte-urgente-banco.xyz,Factura vencida #40765 - Notificación final de cobro judicial,1,Fake Invoice / Malware Attachment,CRÍTICO - Phishing Confirmado (Cuarentena),1,Fake Invoice / Malware Attachment,0.818,0.986,0.54,0.94,"Dominio sospechoso con TLD de alto riesgo (.xyz, .tk, .top, etc.); Archivo adjunto ejecutable o empaquetado de riesgo (.exe, .zip, .js, etc.); Amenaza legal o cobro de facturas: cobro judicial, factura vencida; Saludo genérico impersonal",0.99
510,luis.sanchez@empresa.com,Factura de servicio #732 de Mayo,0,Ninguno (Legítimo),BAJO - Correo Legítimo,0,Ninguno (Legítimo),0.115,0.007,0.321,0.0,Ninguno,0.12
511,ana.torres@servicio-cliente.com,Factura de servicio #208 de Enero,0,Ninguno (Legítimo),BAJO - Correo Legítimo,0,Ninguno (Legítimo),0.075,0.008,0.204,0.0,Ninguno,0.025
512,andres.mendoza@servicio-cliente.com,Factura de servicio #257 de Abril,0,Ninguno (Legítimo),BAJO - Correo Legítimo,0,Ninguno (Legítimo),0.11,0.008,0.233,0.1,Saludo genérico impersonal,0.146
513,elena.rodriguez@gobierno.gob.ec,Confirmación de registro al evento Diseño UX/UI,0,Ninguno (Legítimo),BAJO - Correo Legítimo,0,Ninguno (Legítimo),0.096,0.006,0.195,0.1,Saludo genérico impersonal,0.12
514,notificaciones-banconacional@logistica-express-rastreo.info,URGENTE: Suspención temporal de su cuenta bancaria por actividad sospechosa,1,Credential Harvesting,CRÍTICO - Phishing Confirmado (Cuarentena),1,Credential Harvesting,0.883,0.987,0.752,0.9,"Protocolo HTTP no seguro (inseguro para credenciales/pagos); Dominio sospechoso con TLD de alto riesgo (.xyz, .tk, .top, etc.); Urgencia/Amenaza de bloqueo: actividad sospechosa, bloqueada, inmediatamente; Solicitud de credenciales/acceso: portal de verificacion; Saludo genérico impersonal",0.922
515,notificaciones-banconacional@banc0-verificacion-segura.com,Factura vencida #61546 - Notificación final de cobro judicial,1,Fake Invoice / Malware Attachment,CRÍTICO - Phishing Confirmado (Cuarentena),1,Fake Invoice / Malware Attachment,0.756,0.986,0.54,0.69,"Archivo adjunto ejecutable o empaquetado de riesgo (.exe, .zip, .js, etc.); Amenaza legal o cobro de facturas: cobro judicial, factura vencida; Saludo genérico impersonal",0.951
516,sofia.castro@mail.com,Confirmación de registro al evento Auditoría de Seguridad,0,Ninguno (Legítimo),BAJO - Correo Legítimo,0,Ninguno (Legítimo),0.147,0.006,0.343,0.1,Saludo genérico impersonal,0.134
517,roberto.mendoza@logisticaexpress.com,Invitación: Taller sobre WCAG 2.2 y ARIA,0,Ninguno (Legítimo),BAJO - Correo Legítimo,0,Ninguno (Legítimo),0.119,0.005,0.262,0.1,Saludo genérico impersonal,0.083
518,elena.gomez@bancorivera.com,Minuta de la reunión de planificación del sprint #706,0,Ninguno (Legítimo),BAJO - Correo Legítimo,0,Ninguno (Legítimo),0.112,0.007,0.311,0.0,Ninguno,0.112
519,maria.torres@gobierno.gob.ec,Solicitud de revisión de código - Pull Request #854,0,Ninguno (Legítimo),BAJO - Correo Legítimo,0,Ninguno (Legítimo),0.052,0.006,0.143,0.0,Ninguno,0.089
520,sofia.vargas@techcorp.com,Consulta sobre la entrega del módulo HTML5 Semántico,0,Ninguno (Legítimo),BAJO - Correo Legítimo,0,Ninguno (Legítimo),0.15,0.005,0.35,0.1,Saludo genérico impersonal,0.125
521,luis.rodriguez@bancorivera.com,Consulta sobre la entrega del módulo CSS Responsivo,0,Ninguno (Legítimo),BAJO - Correo Legítimo,0,Ninguno (Legítimo),0.094,0.006,0.262,0.0,Ninguno,0.066
522,andres.castro@servicio-cliente.com,Consulta sobre la entrega del módulo CSS Responsivo,0,Ninguno (Legítimo),BAJO - Correo Legítimo,0,Ninguno (Legítimo),0.125,0.005,0.279,0.1,Saludo genérico impersonal,0.028
523,ana.castro@techcorp.com,Minuta de la reunión de planificación del sprint #478,0,Ninguno (Legítimo),BAJO - Correo Legítimo,0,Ninguno (Legítimo),0.062,0.006,0.171,0.0,Ninguno,0.09
524,notificaciones-banconacional@soporte-urgente-banco.xyz,Notificación de entrega fallida - Su paquete #73691 requiere pago de arancel,1,Package Delivery Scam,CRÍTICO - Phishing Confirmado (Cuarentena),1,Package Delivery Scam,0.71,0.987,0.523,0.53,"Dominio sospechoso con TLD de alto riesgo (.xyz, .tk, .top, etc.); Urgencia/Amenaza de bloqueo: urgente; Fraude de paquetería o aduanas: numero de rastreo; Saludo genérico impersonal",0.823
525,camila.gomez@empresa.edu.ec,Minuta de la reunión de planificación del sprint #457,0,Ninguno (Legítimo),BAJO - Correo Legítimo,0,Ninguno (Legítimo),0.062,0.006,0.171,0.0,Ninguno,0.089
526,andres.mendoza@servicio-cliente.com,Informe mensual de rendimiento de la plataforma,0,Ninguno (Legítimo),BAJO - Correo Legítimo,0,Ninguno (Legítimo),0.072,0.006,0.126,0.1,Saludo genérico impersonal,0.057
527,notificaciones-logisticaexpress@techcorp-admin-portal.tk,Solicitud urgente de transferencia de fondos - Confidencial,1,Spear Phishing / CEO Fraud,CRÍTICO - Phishing Confirmado (Cuarentena),1,Spear Phishing / CEO Fraud,0.744,0.987,0.676,0.45,"Dominio sospechoso con TLD de alto riesgo (.xyz, .tk, .top, etc.); Urgencia/Amenaza de bloqueo: urgente; Patrón de Spear Phishing / CEO Fraud: confidencial",0.801
528,camila.morales@bancorivera.com,Factura de servicio #774 de Abril,0,Ninguno (Legítimo),BAJO - Correo Legítimo,0,Ninguno (Legítimo),0.121,0.008,0.266,0.1,Saludo genérico impersonal,0.126
529,roberto.ramirez@bancorivera.com,Informe mensual de rendimiento de la plataforma,0,Ninguno (Legítimo),BAJO - Correo Legítimo,0,Ninguno (Legítimo),0.113,0.006,0.315,0.0,Ninguno,0.13
530,notificaciones-logisticaexpress@actualiza-credenciales-pagos.net,Notificación de entrega fallida - Su paquete #33942 requiere pago de arancel,1,Package Delivery Scam,CRÍTICO - Phishing Confirmado (Cuarentena),1,Package Delivery Scam,0.66,0.986,0.366,0.55,"Dominio sospechoso con TLD de alto riesgo (.xyz, .tk, .top, etc.); Solicitud de credenciales/acceso: credenciales; Fraude de paquetería o aduanas: numero de rastreo; Saludo genérico impersonal",0.825
531,elena.gomez@bancorivera.com,Invitación: Taller sobre JavaScript Moderno ES6+,0,Ninguno (Legítimo),BAJO - Correo Legítimo,0,Ninguno (Legítimo),0.089,0.005,0.249,0.0,Ninguno,0.063
532,camila.morales@empresa.com,Factura de servicio #375 de Julio,0,Ninguno (Legítimo),BAJO - Correo Legítimo,0,Ninguno (Legítimo),0.147,0.007,0.411,0.0,Ninguno,0.078
533,patricia.mendoza@techcorp.com,Invitación: Taller sobre Arquitectura Cliente-Servidor,0,Ninguno (Legítimo),BAJO - Correo Legítimo,0,Ninguno (Legítimo),0.119,0.005,0.262,0.1,Saludo genérico impersonal,0.062
534,ana.gomez@servicio-cliente.com,Solicitud de revisión de código - Pull Request #396,0,Ninguno (Legítimo),BAJO - Correo Legítimo,0,Ninguno (Legítimo),0.052,0.006,0.143,0.0,Ninguno,0.045
535,ana.lopez@empresa.edu.ec,Invitación: Taller sobre HTML5 Semántico,0,Ninguno (Legítimo),BAJO - Correo Legítimo,0,Ninguno (Legítimo),0.064,0.006,0.104,0.1,Saludo genérico impersonal,0.04
536,fernando.perez@mail.com,Confirmación de registro al evento Diseño UX/UI,0,Ninguno (Legítimo),BAJO - Correo Legítimo,0,Ninguno (Legítimo),0.147,0.006,0.343,0.1,Saludo genérico impersonal,0.101
537,notificaciones-plataformaeducativa@verificate-ahora-login.org,Factura vencida #74091 - Notificación final de cobro judicial,1,Fake Invoice / Malware Attachment,CRÍTICO - Phishing Confirmado (Cuarentena),1,Fake Invoice / Malware Attachment,0.756,0.986,0.54,0.69,"Archivo adjunto ejecutable o empaquetado de riesgo (.exe, .zip, .js, etc.); Amenaza legal o cobro de facturas: cobro judicial, factura vencida; Saludo genérico impersonal",0.967
538,maria.sanchez@empresa.com,Solicitud de revisión de código - Pull Request #466,0,Ninguno (Legítimo),BAJO - Correo Legítimo,0,Ninguno (Legítimo),0.066,0.006,0.182,0.0,Ninguno,0.141
539,diego.rodriguez@gobierno.gob.ec,Resumen semanal de actividades del equipo Ciberseguridad,0,Ninguno (Legítimo),BAJO - Correo Legítimo,0,Ninguno (Legítimo),0.053,0.006,0.146,0.0,Ninguno,0.039
540,notificaciones-techcorp@verificate-ahora-login.org,Su contraseña de correo expira hoy - Conserve su acceso,1,Password Reset / Tech Support Scam,ALTO - Probable Phishing (Bloqueo Preventivo),1,Password Reset / Tech Support Scam,0.642,0.987,0.493,0.3,"Solicitud de credenciales/acceso: contrasena, credenciales; Saludo genérico impersonal",0.919
541,luis.lopez@gobierno.gob.ec,Solicitud de revisión de código - Pull Request #976,0,Ninguno (Legítimo),BAJO - Correo Legítimo,0,Ninguno (Legítimo),0.113,0.006,0.315,0.0,Ninguno,0.149
542,carlos.fernandez@bancorivera.com,Confirmación de registro al evento Diseño UX/UI,0,Ninguno (Legítimo),BAJO - Correo Legítimo,0,Ninguno (Legítimo),0.096,0.006,0.195,0.1,Saludo genérico impersonal,0.061
543,andres.sanchez@bancorivera.com,Consulta sobre la entrega del módulo HTML5 Semántico,0,Ninguno (Legítimo),BAJO - Correo Legítimo,0,Ninguno (Legítimo),0.125,0.005,0.279,0.1,Saludo genérico impersonal,0.144
544,maria.gomez@servicio-cliente.com,Consulta sobre la entrega del módulo WCAG 2.2 y ARIA,0,Ninguno (Legítimo),BAJO - Correo Legítimo,0,Ninguno (Legítimo),0.127,0.005,0.357,0.0,Ninguno,0.076
545,maria.vargas@servicio-cliente.com,Solicitud de revisión de código - Pull Request #227,0,Ninguno (Legítimo),BAJO - Correo Legítimo,0,Ninguno (Legítimo),0.109,0.006,0.306,0.0,Ninguno,0.12
546,notificaciones-banconacional@banc0-verificacion-segura.com,URGENTE: Suspención temporal de su cuenta bancaria por actividad sospechosa,1,Credential Harvesting,CRÍTICO - Phishing Confirmado (Cuarentena),1,Credential Harvesting,0.825,0.986,0.766,0.65,"Protocolo HTTP no seguro (inseguro para credenciales/pagos); Urgencia/Amenaza de bloqueo: actividad sospechosa, bloqueada, inmediatamente; Solicitud de credenciales/acceso: portal de verificacion; Saludo genérico impersonal",0.891
547,andres.fernandez@servicio-cliente.com,Consulta sobre la entrega del módulo HTML5 Semántico,0,Ninguno (Legítimo),BAJO - Correo Legítimo,0,Ninguno (Legítimo),0.094,0.006,0.262,0.0,Ninguno,0.056
548,soporte@actualiza-credenciales-pagos.net,Su contraseña de correo expira hoy - Conserve su acceso,1,Password Reset / Tech Support Scam,CRÍTICO - Phishing Confirmado (Cuarentena),1,Password Reset / Tech Support Scam,0.703,0.987,0.487,0.55,"Dominio sospechoso con TLD de alto riesgo (.xyz, .tk, .top, etc.); Solicitud de credenciales/acceso: contrasena, credenciales; Saludo genérico impersonal",0.892
549,ana.lopez@gobierno.gob.ec,Solicitud de revisión de código - Pull Request #546,0,Ninguno (Legítimo),BAJO - Correo Legítimo,0,Ninguno (Legítimo),0.12,0.007,0.263,0.1,Saludo genérico impersonal,0.031
550,soporte@actualiza-credenciales-pagos.net,URGENTE: Suspención temporal de su cuenta bancaria por actividad sospechosa,1,Credential Harvesting,CRÍTICO - Phishing Confirmado (Cuarentena),1,Credential Harvesting,0.912,0.987,0.762,1.0,"Protocolo HTTP no seguro (inseguro para credenciales/pagos); Dominio sospechoso con TLD de alto riesgo (.xyz, .tk, .top, etc.); Urgencia/Amenaza de bloqueo: actividad sospechosa, bloqueada, inmediatamente; Solicitud de credenciales/acceso: portal de verificacion, credenciales; Saludo genérico impersonal",0.877
551,notificaciones-cloudservices@verificate-ahora-login.org,Factura vencida #53403 - Notificación final de cobro judicial,1,Fake Invoice / Malware Attachment,CRÍTICO - Phishing Confirmado (Cuarentena),1,Fake Invoice / Malware Attachment,0.756,0.986,0.54,0.69,"Archivo adjunto ejecutable o empaquetado de riesgo (.exe, .zip, .js, etc.); Amenaza legal o cobro de facturas: cobro judicial, factura vencida; Saludo genérico impersonal",0.926
552,notificaciones-megamarket@techcorp-admin-portal.tk,Solicitud urgente de transferencia de fondos - Confidencial,1,Spear Phishing / CEO Fraud,CRÍTICO - Phishing Confirmado (Cuarentena),1,Spear Phishing / CEO Fraud,0.744,0.987,0.676,0.45,"Dominio sospechoso con TLD de alto riesgo (.xyz, .tk, .top, etc.); Urgencia/Amenaza de bloqueo: urgente; Patrón de Spear Phishing / CEO Fraud: confidencial",0.821
553,carlos.sanchez@bancorivera.com,Factura de servicio #466 de Mayo,0,Ninguno (Legítimo),BAJO - Correo Legítimo,0,Ninguno (Legítimo),0.109,0.006,0.233,0.1,Saludo genérico impersonal,0.037
554,sofia.lopez@logisticaexpress.com,Invitación: Taller sobre JavaScript Moderno ES6+,0,Ninguno (Legítimo),BAJO - Correo Legítimo,0,Ninguno (Legítimo),0.115,0.005,0.324,0.0,Ninguno,0.035
555,soporte@actualiza-credenciales-pagos.net,Notificación de entrega fallida - Su paquete #49986 requiere pago de arancel,1,Package Delivery Scam,CRÍTICO - Phishing Confirmado (Cuarentena),1,Package Delivery Scam,0.66,0.986,0.366,0.55,"Dominio sospechoso con TLD de alto riesgo (.xyz, .tk, .top, etc.); Solicitud de credenciales/acceso: credenciales; Fraude de paquetería o aduanas: numero de rastreo; Saludo genérico impersonal",0.93
556,maria.lopez@techcorp.com,Resumen semanal de actividades del equipo Ciberseguridad,0,Ninguno (Legítimo),BAJO - Correo Legítimo,0,Ninguno (Legítimo),0.068,0.006,0.115,0.1,Saludo genérico impersonal,0.147
557,notificaciones-banconacional@soporte-urgente-banco.xyz,Solicitud urgente de transferencia de fondos - Confidencial,1,Spear Phishing / CEO Fraud,CRÍTICO - Phishing Confirmado (Cuarentena),1,Spear Phishing / CEO Fraud,0.744,0.987,0.676,0.45,"Dominio sospechoso con TLD de alto riesgo (.xyz, .tk, .top, etc.); Urgencia/Amenaza de bloqueo: urgente; Patrón de Spear Phishing / CEO Fraud: confidencial",0.828
558,soporte@seguridad-cuenta-alert.online,Factura vencida #96966 - Notificación final de cobro judicial,1,Fake Invoice / Malware Attachment,CRÍTICO - Phishing Confirmado (Cuarentena),1,Fake Invoice / Malware Attachment,0.756,0.986,0.54,0.69,"Archivo adjunto ejecutable o empaquetado de riesgo (.exe, .zip, .js, etc.); Amenaza legal o cobro de facturas: cobro judicial, factura vencida; Saludo genérico impersonal",0.923
559,elena.sanchez@mail.com,Minuta de la reunión de planificación del sprint #811,0,Ninguno (Legítimo),BAJO - Correo Legítimo,0,Ninguno (Legítimo),0.072,0.006,0.126,0.1,Saludo genérico impersonal,0.099
560,andres.rios@logisticaexpress.com,Consulta sobre la entrega del módulo Arquitectura Cliente-Servidor,0,Ninguno (Legítimo),BAJO - Correo Legítimo,0,Ninguno (Legítimo),0.083,0.004,0.232,0.0,Ninguno,0.046
561,notificaciones-megamarket@verificate-ahora-login.org,Solicitud urgente de transferencia de fondos - Confidencial,1,Spear Phishing / CEO Fraud,CRÍTICO - Phishing Confirmado (Cuarentena),1,Spear Phishing / CEO Fraud,0.681,0.987,0.676,0.2,Urgencia/Amenaza de bloqueo: urgente; Patrón de Spear Phishing / CEO Fraud: confidencial,0.837
562,gabriel.martinez@empresa.com,Reunión de seguimiento - Proyecto Diseño UX/UI,0,Ninguno (Legítimo),BAJO - Correo Legítimo,0,Ninguno (Legítimo),0.111,0.006,0.311,0.0,Ninguno,0.051
563,patricia.rodriguez@empresa.edu.ec,Factura de servicio #468 de Abril,0,Ninguno (Legítimo),BAJO - Correo Legítimo,0,Ninguno (Legítimo),0.116,0.008,0.321,0.0,Ninguno,0.045
564,fernando.gomez@gobierno.gob.ec,Invitación: Taller sobre Arquitectura Cliente-Servidor,0,Ninguno (Legítimo),BAJO - Correo Legítimo,0,Ninguno (Legítimo),0.11,0.004,0.311,0.0,Ninguno,0.076
565,camila.perez@servicio-cliente.com,Informe mensual de rendimiento de la plataforma,0,Ninguno (Legítimo),BAJO - Correo Legítimo,0,Ninguno (Legítimo),0.071,0.005,0.126,0.1,Saludo genérico impersonal,0.039
566,sofia.castro@bancorivera.com,Informe mensual de rendimiento de la plataforma,0,Ninguno (Legítimo),BAJO - Correo Legítimo,0,Ninguno (Legítimo),0.071,0.005,0.126,0.1,Saludo genérico impersonal,0.117
567,jorge.lopez@mail.com,Solicitud de revisión de código - Pull Request #744,0,Ninguno (Legítimo),BAJO - Correo Legítimo,0,Ninguno (Legítimo),0.069,0.006,0.119,0.1,Saludo genérico impersonal,0.019
568,sofia.rodriguez@techcorp.com,Factura de servicio #791 de Agosto,0,Ninguno (Legítimo),BAJO - Correo Legítimo,0,Ninguno (Legítimo),0.147,0.007,0.411,0.0,Ninguno,0.036
569,soporte@banc0-verificacion-segura.com,Su contraseña de correo expira hoy - Conserve su acceso,1,Password Reset / Tech Support Scam,CRÍTICO - Phishing Confirmado (Cuarentena),1,Password Reset / Tech Support Scam,0.666,0.987,0.56,0.3,"Solicitud de credenciales/acceso: contrasena, credenciales; Saludo genérico impersonal",0.822
570,valentina.torres@empresa.edu.ec,Consulta sobre la entrega del módulo CSS Responsivo,0,Ninguno (Legítimo),BAJO - Correo Legítimo,0,Ninguno (Legítimo),0.125,0.005,0.279,0.1,Saludo genérico impersonal,0.032
571,fernando.perez@bancorivera.com,Recordatorio: Mantenimiento programado de Base de Datos,0,Ninguno (Legítimo),BAJO - Correo Legítimo,0,Ninguno (Legítimo),0.072,0.007,0.199,0.0,Ninguno,0.133
572,lucia.castro@gobierno.gob.ec,Consulta sobre la entrega del módulo Arquitectura Cliente-Servidor,0,Ninguno (Legítimo),BAJO - Correo Legítimo,0,Ninguno (Legítimo),0.125,0.006,0.279,0.1,Saludo genérico impersonal,0.074
573,patricia.rios@techcorp.com,Invitación: Taller sobre JavaScript Moderno ES6+,0,Ninguno (Legítimo),BAJO - Correo Legítimo,0,Ninguno (Legítimo),0.064,0.006,0.104,0.1,Saludo genérico impersonal,0.149
574,valentina.torres@techcorp.com,Invitación: Taller sobre HTML5 Semántico,0,Ninguno (Legítimo),BAJO - Correo Legítimo,0,Ninguno (Legítimo),0.064,0.006,0.104,0.1,Saludo genérico impersonal,0.063
575,maria.castro@techcorp.com,Confirmación de registro al evento Diseño UX/UI,0,Ninguno (Legítimo),BAJO - Correo Legítimo,0,Ninguno (Legítimo),0.082,0.006,0.226,0.0,Ninguno,0.102
576,elena.lopez@bancorivera.com,Solicitud de revisión de código - Pull Request #202,0,Ninguno (Legítimo),BAJO - Correo Legítimo,0,Ninguno (Legítimo),0.069,0.006,0.119,0.1,Saludo genérico impersonal,0.034
577,elena.perez@bancorivera.com,Minuta de la reunión de planificación del sprint #321,0,Ninguno (Legítimo),BAJO - Correo Legítimo,0,Ninguno (Legítimo),0.062,0.005,0.172,0.0,Ninguno,0.072
578,patricia.perez@empresa.edu.ec,Reunión de seguimiento - Proyecto Plataforma Web,0,Ninguno (Legítimo),BAJO - Correo Legítimo,0,Ninguno (Legítimo),0.112,0.007,0.311,0.0,Ninguno,0.041
579,maria.rios@mail.com,Confirmación de registro al evento Migración a la Nube,0,Ninguno (Legítimo),BAJO - Correo Legítimo,0,Ninguno (Legítimo),0.098,0.006,0.202,0.1,Saludo genérico impersonal,0.027
580,soporte@banc0-verificacion-segura.com,Notificación de entrega fallida - Su paquete #61011 requiere pago de arancel,1,Package Delivery Scam,ALTO - Probable Phishing (Bloqueo Preventivo),1,Package Delivery Scam,0.599,0.986,0.441,0.2,Fraude de paquetería o aduanas: numero de rastreo; Saludo genérico impersonal,0.811
581,diego.fernandez@gobierno.gob.ec,Solicitud de revisión de código - Pull Request #611,0,Ninguno (Legítimo),BAJO - Correo Legítimo,0,Ninguno (Legítimo),0.053,0.007,0.143,0.0,Ninguno,0.055
582,camila.rodriguez@mail.com,Reunión de seguimiento - Proyecto Integración API REST,0,Ninguno (Legítimo),BAJO - Correo Legítimo,0,Ninguno (Legítimo),0.119,0.005,0.263,0.1,Saludo genérico impersonal,0.08
583,sofia.perez@empresa.com,Resumen semanal de actividades del equipo Ciberseguridad,0,Ninguno (Legítimo),BAJO - Correo Legítimo,0,Ninguno (Legítimo),0.09,0.006,0.249,0.0,Ninguno,0.038
584,gabriel.lopez@gobierno.gob.ec,Confirmación de registro al evento Plataforma Web,0,Ninguno (Legítimo),BAJO - Correo Legítimo,0,Ninguno (Legítimo),0.147,0.006,0.343,0.1,Saludo genérico impersonal,0.129
585,patricia.ramirez@empresa.com,Minuta de la reunión de planificación del sprint #429,0,Ninguno (Legítimo),BAJO - Correo Legítimo,0,Ninguno (Legítimo),0.114,0.007,0.319,0.0,Ninguno,0.144
586,notificaciones-globalnet@verificate-ahora-login.org,Su contraseña de correo expira hoy - Conserve su acceso,1,Password Reset / Tech Support Scam,ALTO - Probable Phishing (Bloqueo Preventivo),1,Password Reset / Tech Support Scam,0.642,0.987,0.493,0.3,"Solicitud de credenciales/acceso: contrasena, credenciales; Saludo genérico impersonal",0.884
587,patricia.martinez@gobierno.gob.ec,Solicitud de revisión de código - Pull Request #559,0,Ninguno (Legítimo),BAJO - Correo Legítimo,0,Ninguno (Legítimo),0.069,0.006,0.119,0.1,Saludo genérico impersonal,0.063
588,camila.gomez@empresa.com,Consulta sobre la entrega del módulo JavaScript Moderno ES6+,0,Ninguno (Legítimo),BAJO - Correo Legítimo,0,Ninguno (Legítimo),0.15,0.005,0.35,0.1,Saludo genérico impersonal,0.046
589,luis.sanchez@techcorp.com,Informe mensual de rendimiento de la plataforma,0,Ninguno (Legítimo),BAJO - Correo Legítimo,0,Ninguno (Legítimo),0.062,0.005,0.172,0.0,Ninguno,0.079
590,luis.fernandez@bancorivera.com,Factura de servicio #494 de Mayo,0,Ninguno (Legítimo),BAJO - Correo Legítimo,0,Ninguno (Legítimo),0.115,0.007,0.321,0.0,Ninguno,0.081
591,valentina.castro@logisticaexpress.com,Resumen semanal de actividades del equipo Infraestructura,0,Ninguno (Legítimo),BAJO - Correo Legítimo,0,Ninguno (Legítimo),0.053,0.006,0.146,0.0,Ninguno,0.074
592,luis.vargas@empresa.com,Consulta sobre la entrega del módulo HTML5 Semántico,0,Ninguno (Legítimo),BAJO - Correo Legítimo,0,Ninguno (Legítimo),0.125,0.005,0.279,0.1,Saludo genérico impersonal,0.045
593,notificaciones-servipagos@seguridad-cuenta-alert.online,Factura vencida #21648 - Notificación final de cobro judicial,1,Fake Invoice / Malware Attachment,CRÍTICO - Phishing Confirmado (Cuarentena),1,Fake Invoice / Malware Attachment,0.756,0.986,0.54,0.69,"Archivo adjunto ejecutable o empaquetado de riesgo (.exe, .zip, .js, etc.); Amenaza legal o cobro de facturas: cobro judicial, factura vencida; Saludo genérico impersonal",0.965
594,sofia.gomez@techcorp.com,Informe mensual de rendimiento de la plataforma,0,Ninguno (Legítimo),BAJO - Correo Legítimo,0,Ninguno (Legítimo),0.062,0.005,0.171,0.0,Ninguno,0.113
595,notificaciones-megamarket@verificate-ahora-login.org,Solicitud urgente de transferencia de fondos - Confidencial,1,Spear Phishing / CEO Fraud,CRÍTICO - Phishing Confirmado (Cuarentena),1,Spear Phishing / CEO Fraud,0.681,0.987,0.676,0.2,Urgencia/Amenaza de bloqueo: urgente; Patrón de Spear Phishing / CEO Fraud: confidencial,0.816
596,notificaciones-servipagos@techcorp-admin-portal.tk,Factura vencida #91844 - Notificación final de cobro judicial,1,Fake Invoice / Malware Attachment,CRÍTICO - Phishing Confirmado (Cuarentena),1,Fake Invoice / Malware Attachment,0.818,0.986,0.54,0.94,"Dominio sospechoso con TLD de alto riesgo (.xyz, .tk, .top, etc.); Archivo adjunto ejecutable o empaquetado de riesgo (.exe, .zip, .js, etc.); Amenaza legal o cobro de facturas: cobro judicial, factura vencida; Saludo genérico impersonal",0.898
597,soporte@verificate-ahora-login.org,URGENTE: Suspención temporal de su cuenta bancaria por actividad sospechosa,1,Credential Harvesting,CRÍTICO - Phishing Confirmado (Cuarentena),1,Credential Harvesting,0.82,0.987,0.752,0.65,"Protocolo HTTP no seguro (inseguro para credenciales/pagos); Urgencia/Amenaza de bloqueo: actividad sospechosa, bloqueada, inmediatamente; Solicitud de credenciales/acceso: portal de verificacion; Saludo genérico impersonal",0.956
598,notificaciones-plataformaeducativa@seguridad-cuenta-alert.online,Su contraseña de correo expira hoy - Conserve su acceso,1,Password Reset / Tech Support Scam,CRÍTICO - Phishing Confirmado (Cuarentena),1,Password Reset / Tech Support Scam,0.669,0.987,0.57,0.3,"Solicitud de credenciales/acceso: contrasena, credenciales; Saludo genérico impersonal",0.968
599,gabriel.sanchez@mail.com,Confirmación de registro al evento Migración a la Nube,0,Ninguno (Legítimo),BAJO - Correo Legítimo,0,Ninguno (Legítimo),0.144,0.007,0.403,0.0,Ninguno,0.147
600,jorge.gomez@empresa.edu.ec,Minuta de la reunión de planificación del sprint #386,0,Ninguno (Legítimo),BAJO - Correo Legítimo,0,Ninguno (Legítimo),0.072,0.006,0.126,0.1,Saludo genérico impersonal,0.082
601,ana.mendoza@mail.com,Informe mensual de rendimiento de la plataforma,0,Ninguno (Legítimo),BAJO - Correo Legítimo,0,Ninguno (Legítimo),0.062,0.005,0.171,0.0,Ninguno,0.07
602,sofia.ramirez@logisticaexpress.com,Recordatorio: Mantenimiento programado de Servidor Node.js,0,Ninguno (Legítimo),BAJO - Correo Legítimo,0,Ninguno (Legítimo),0.111,0.005,0.311,0.0,Ninguno,0.052
603,camila.vargas@logisticaexpress.com,Resumen semanal de actividades del equipo Soporte Técnico,0,Ninguno (Legítimo),BAJO - Correo Legítimo,0,Ninguno (Legítimo),0.14,0.006,0.392,0.0,Ninguno,0.032
604,camila.vargas@empresa.edu.ec,Recordatorio: Mantenimiento programado de API REST,0,Ninguno (Legítimo),BAJO - Correo Legítimo,0,Ninguno (Legítimo),0.053,0.006,0.146,0.0,Ninguno,0.019
605,patricia.martinez@empresa.edu.ec,Invitación: Taller sobre HTML5 Semántico,0,Ninguno (Legítimo),BAJO - Correo Legítimo,0,Ninguno (Legítimo),0.113,0.004,0.317,0.0,Ninguno,0.09
606,notificaciones-plataformaeducativa@verificate-ahora-login.org,Su contraseña de correo expira hoy - Conserve su acceso,1,Password Reset / Tech Support Scam,ALTO - Probable Phishing (Bloqueo Preventivo),1,Password Reset / Tech Support Scam,0.642,0.987,0.493,0.3,"Solicitud de credenciales/acceso: contrasena, credenciales; Saludo genérico impersonal",0.868
607,carlos.morales@servicio-cliente.com,Confirmación de registro al evento Auditoría de Seguridad,0,Ninguno (Legítimo),BAJO - Correo Legítimo,0,Ninguno (Legítimo),0.08,0.006,0.223,0.0,Ninguno,0.05
608,fernando.rios@servicio-cliente.com,Resumen semanal de actividades del equipo Ciberseguridad,0,Ninguno (Legítimo),BAJO - Correo Legítimo,0,Ninguno (Legítimo),0.119,0.006,0.263,0.1,Saludo genérico impersonal,0.129
609,roberto.martinez@techcorp.com,Reunión de seguimiento - Proyecto Diseño UX/UI,0,Ninguno (Legítimo),BAJO - Correo Legítimo,0,Ninguno (Legítimo),0.067,0.004,0.115,0.1,Saludo genérico impersonal,0.065
610,maria.lopez@mail.com,Solicitud de revisión de código - Pull Request #986,0,Ninguno (Legítimo),BAJO - Correo Legítimo,0,Ninguno (Legítimo),0.12,0.007,0.263,0.1,Saludo genérico impersonal,0.072
611,carlos.sanchez@empresa.edu.ec,Recordatorio: Mantenimiento programado de Servidor Node.js,0,Ninguno (Legítimo),BAJO - Correo Legítimo,0,Ninguno (Legítimo),0.068,0.006,0.115,0.1,Saludo genérico impersonal,0.035
612,soporte@techcorp-admin-portal.tk,Solicitud urgente de transferencia de fondos - Confidencial,1,Spear Phishing / CEO Fraud,CRÍTICO - Phishing Confirmado (Cuarentena),1,Spear Phishing / CEO Fraud,0.744,0.987,0.676,0.45,"Dominio sospechoso con TLD de alto riesgo (.xyz, .tk, .top, etc.); Urgencia/Amenaza de bloqueo: urgente; Patrón de Spear Phishing / CEO Fraud: confidencial",0.821
613,luis.mendoza@servicio-cliente.com,Consulta sobre la entrega del módulo JavaScript Moderno ES6+,0,Ninguno (Legítimo),BAJO - Correo Legítimo,0,Ninguno (Legítimo),0.127,0.005,0.357,0.0,Ninguno,0.027
614,fernando.castro@empresa.edu.ec,Solicitud de revisión de código - Pull Request #285,0,Ninguno (Legítimo),BAJO - Correo Legítimo,0,Ninguno (Legítimo),0.12,0.007,0.263,0.1,Saludo genérico impersonal,0.024
615,soporte@verificate-ahora-login.org,Factura vencida #80309 - Notificación final de cobro judicial,1,Fake Invoice / Malware Attachment,CRÍTICO - Phishing Confirmado (Cuarentena),1,Fake Invoice / Malware Attachment,0.756,0.986,0.54,0.69,"Archivo adjunto ejecutable o empaquetado de riesgo (.exe, .zip, .js, etc.); Amenaza legal o cobro de facturas: cobro judicial, factura vencida; Saludo genérico impersonal",0.972
616,elena.rios@techcorp.com,Reunión de seguimiento - Proyecto Diseño UX/UI,0,Ninguno (Legítimo),BAJO - Correo Legítimo,0,Ninguno (Legítimo),0.053,0.005,0.146,0.0,Ninguno,0.039
617,soporte@soporte-urgente-banco.xyz,Su contraseña de correo expira hoy - Conserve su acceso,1,Password Reset / Tech Support Scam,CRÍTICO - Phishing Confirmado (Cuarentena),1,Password Reset / Tech Support Scam,0.749,0.987,0.561,0.63,"Dominio sospechoso con TLD de alto riesgo (.xyz, .tk, .top, etc.); Urgencia/Amenaza de bloqueo: urgente; Solicitud de credenciales/acceso: contrasena, credenciales; Saludo genérico impersonal",0.962
618,notificaciones-cloudservices@verificate-ahora-login.org,Solicitud urgente de transferencia de fondos - Confidencial,1,Spear Phishing / CEO Fraud,CRÍTICO - Phishing Confirmado (Cuarentena),1,Spear Phishing / CEO Fraud,0.681,0.987,0.676,0.2,Urgencia/Amenaza de bloqueo: urgente; Patrón de Spear Phishing / CEO Fraud: confidencial,0.948
619,ana.perez@bancorivera.com,Resumen semanal de actividades del equipo Recursos Humanos,0,Ninguno (Legítimo),BAJO - Correo Legítimo,0,Ninguno (Legítimo),0.119,0.006,0.263,0.1,Saludo genérico impersonal,0.093
620,soporte@logistica-express-rastreo.info,Notificación de entrega fallida - Su paquete #95166 requiere pago de arancel,1,Package Delivery Scam,ALTO - Probable Phishing (Bloqueo Preventivo),1,Package Delivery Scam,0.636,0.986,0.368,0.45,"Dominio sospechoso con TLD de alto riesgo (.xyz, .tk, .top, etc.); Fraude de paquetería o aduanas: numero de rastreo; Saludo genérico impersonal",0.813
621,soporte@techcorp-admin-portal.tk,Solicitud urgente de transferencia de fondos - Confidencial,1,Spear Phishing / CEO Fraud,CRÍTICO - Phishing Confirmado (Cuarentena),1,Spear Phishing / CEO Fraud,0.744,0.987,0.676,0.45,"Dominio sospechoso con TLD de alto riesgo (.xyz, .tk, .top, etc.); Urgencia/Amenaza de bloqueo: urgente; Patrón de Spear Phishing / CEO Fraud: confidencial",0.806
622,luis.martinez@empresa.edu.ec,Minuta de la reunión de planificación del sprint #212,0,Ninguno (Legítimo),BAJO - Correo Legítimo,0,Ninguno (Legítimo),0.113,0.007,0.315,0.0,Ninguno,0.061
623,maria.fernandez@logisticaexpress.com,Consulta sobre la entrega del módulo CSS Responsivo,0,Ninguno (Legítimo),BAJO - Correo Legítimo,0,Ninguno (Legítimo),0.127,0.005,0.357,0.0,Ninguno,0.084
624,ana.lopez@mail.com,Consulta sobre la entrega del módulo WCAG 2.2 y ARIA,0,Ninguno (Legítimo),BAJO - Correo Legítimo,0,Ninguno (Legítimo),0.15,0.005,0.35,0.1,Saludo genérico impersonal,0.046
625,fernando.gomez@mail.com,Resumen semanal de actividades del equipo Infraestructura,0,Ninguno (Legítimo),BAJO - Correo Legítimo,0,Ninguno (Legítimo),0.066,0.006,0.182,0.0,Ninguno,0.122
626,sofia.fernandez@mail.com,Factura de servicio #749 de Marzo,0,Ninguno (Legítimo),BAJO - Correo Legítimo,0,Ninguno (Legítimo),0.074,0.007,0.204,0.0,Ninguno,0.018
627,camila.torres@empresa.edu.ec,Consulta sobre la entrega del módulo CSS Responsivo,0,Ninguno (Legítimo),BAJO - Correo Legítimo,0,Ninguno (Legítimo),0.094,0.006,0.262,0.0,Ninguno,0.115
628,soporte@techcorp-admin-portal.tk,Solicitud urgente de transferencia de fondos - Confidencial,1,Spear Phishing / CEO Fraud,CRÍTICO - Phishing Confirmado (Cuarentena),1,Spear Phishing / CEO Fraud,0.744,0.987,0.676,0.45,"Dominio sospechoso con TLD de alto riesgo (.xyz, .tk, .top, etc.); Urgencia/Amenaza de bloqueo: urgente; Patrón de Spear Phishing / CEO Fraud: confidencial",0.842
629,notificaciones-cloudservices@soporte-urgente-banco.xyz,Solicitud urgente de transferencia de fondos - Confidencial,1,Spear Phishing / CEO Fraud,CRÍTICO - Phishing Confirmado (Cuarentena),1,Spear Phishing / CEO Fraud,0.744,0.987,0.676,0.45,"Dominio sospechoso con TLD de alto riesgo (.xyz, .tk, .top, etc.); Urgencia/Amenaza de bloqueo: urgente; Patrón de Spear Phishing / CEO Fraud: confidencial",0.822
630,fernando.perez@bancorivera.com,Solicitud de revisión de código - Pull Request #503,0,Ninguno (Legítimo),BAJO - Correo Legítimo,0,Ninguno (Legítimo),0.069,0.006,0.119,0.1,Saludo genérico impersonal,0.018
631,soporte@soporte-urgente-banco.xyz,URGENTE: Suspención temporal de su cuenta bancaria por actividad sospechosa,1,Credential Harvesting,CRÍTICO - Phishing Confirmado (Cuarentena),1,Password Reset / Tech Support Scam,0.88,0.987,0.742,0.9,"Protocolo HTTP no seguro (inseguro para credenciales/pagos); Dominio sospechoso con TLD de alto riesgo (.xyz, .tk, .top, etc.); Urgencia/Amenaza de bloqueo: actividad sospechosa, bloqueada, inmediatamente; Solicitud de credenciales/acceso: portal de verificacion; Saludo genérico impersonal",0.864
632,camila.gomez@techcorp.com,Invitación: Taller sobre Arquitectura Cliente-Servidor,0,Ninguno (Legítimo),BAJO - Correo Legítimo,0,Ninguno (Legítimo),0.064,0.006,0.104,0.1,Saludo genérico impersonal,0.135
633,elena.lopez@mail.com,Consulta sobre la entrega del módulo CSS Responsivo,0,Ninguno (Legítimo),BAJO - Correo Legítimo,0,Ninguno (Legítimo),0.126,0.005,0.353,0.0,Ninguno,0.029
634,camila.vargas@gobierno.gob.ec,Factura de servicio #531 de Junio,0,Ninguno (Legítimo),BAJO - Correo Legítimo,0,Ninguno (Legítimo),0.109,0.007,0.233,0.1,Saludo genérico impersonal,0.08
635,jorge.lopez@mail.com,Minuta de la reunión de planificación del sprint #113,0,Ninguno (Legítimo),BAJO - Correo Legítimo,0,Ninguno (Legítimo),0.114,0.006,0.319,0.0,Ninguno,0.071
636,notificaciones-logisticaexpress@actualiza-credenciales-pagos.net,Su contraseña de correo expira hoy - Conserve su acceso,1,Password Reset / Tech Support Scam,CRÍTICO - Phishing Confirmado (Cuarentena),1,Password Reset / Tech Support Scam,0.703,0.987,0.487,0.55,"Dominio sospechoso con TLD de alto riesgo (.xyz, .tk, .top, etc.); Solicitud de credenciales/acceso: contrasena, credenciales; Saludo genérico impersonal",0.95
637,elena.perez@techcorp.com,Resumen semanal de actividades del equipo Ciberseguridad,0,Ninguno (Legítimo),BAJO - Correo Legítimo,0,Ninguno (Legítimo),0.119,0.006,0.263,0.1,Saludo genérico impersonal,0.07
638,patricia.perez@mail.com,Consulta sobre la entrega del módulo WCAG 2.2 y ARIA,0,Ninguno (Legítimo),BAJO - Correo Legítimo,0,Ninguno (Legítimo),0.127,0.005,0.357,0.0,Ninguno,0.048
639,notificaciones-banconacional@banc0-verificacion-segura.com,Solicitud urgente de transferencia de fondos - Confidencial,1,Spear Phishing / CEO Fraud,CRÍTICO - Phishing Confirmado (Cuarentena),1,Spear Phishing / CEO Fraud,0.681,0.987,0.676,0.2,Urgencia/Amenaza de bloqueo: urgente; Patrón de Spear Phishing / CEO Fraud: confidencial,0.835
640,soporte@logistica-express-rastreo.info,Notificación de entrega fallida - Su paquete #57655 requiere pago de arancel,1,Package Delivery Scam,ALTO - Probable Phishing (Bloqueo Preventivo),1,Package Delivery Scam,0.636,0.986,0.368,0.45,"Dominio sospechoso con TLD de alto riesgo (.xyz, .tk, .top, etc.); Fraude de paquetería o aduanas: numero de rastreo; Saludo genérico impersonal",0.816
641,soporte@verificate-ahora-login.org,Su contraseña de correo expira hoy - Conserve su acceso,1,Password Reset / Tech Support Scam,ALTO - Probable Phishing (Bloqueo Preventivo),1,Password Reset / Tech Support Scam,0.642,0.987,0.493,0.3,"Solicitud de credenciales/acceso: contrasena, credenciales; Saludo genérico impersonal",0.861
642,ana.ramirez@logisticaexpress.com,Resumen semanal de actividades del equipo Recursos Humanos,0,Ninguno (Legítimo),BAJO - Correo Legítimo,0,Ninguno (Legítimo),0.066,0.005,0.183,0.0,Ninguno,0.052
643,diego.fernandez@gobierno.gob.ec,Minuta de la reunión de planificación del sprint #455,0,Ninguno (Legítimo),BAJO - Correo Legítimo,0,Ninguno (Legítimo),0.072,0.006,0.126,0.1,Saludo genérico impersonal,0.069
644,jorge.martinez@bancorivera.com,Solicitud de revisión de código - Pull Request #162,0,Ninguno (Legítimo),BAJO - Correo Legítimo,0,Ninguno (Legítimo),0.113,0.006,0.315,0.0,Ninguno,0.033
645,diego.lopez@bancorivera.com,Recordatorio: Mantenimiento programado de Servidor Node.js,0,Ninguno (Legítimo),BAJO - Correo Legítimo,0,Ninguno (Legítimo),0.053,0.006,0.146,0.0,Ninguno,0.109
646,maria.lopez@logisticaexpress.com,Reunión de seguimiento - Proyecto Migración a la Nube,0,Ninguno (Legítimo),BAJO - Correo Legítimo,0,Ninguno (Legítimo),0.12,0.005,0.266,0.1,Saludo genérico impersonal,0.048
647,carlos.vargas@mail.com,Solicitud de revisión de código - Pull Request #477,0,Ninguno (Legítimo),BAJO - Correo Legítimo,0,Ninguno (Legítimo),0.053,0.007,0.143,0.0,Ninguno,0.051
648,elena.martinez@bancorivera.com,Minuta de la reunión de planificación del sprint #773,0,Ninguno (Legítimo),BAJO - Correo Legítimo,0,Ninguno (Legítimo),0.046,0.006,0.124,0.0,Ninguno,0.087
649,jorge.torres@logisticaexpress.com,Consulta sobre la entrega del módulo Arquitectura Cliente-Servidor,0,Ninguno (Legítimo),BAJO - Correo Legítimo,0,Ninguno (Legítimo),0.125,0.006,0.279,0.1,Saludo genérico impersonal,0.036
650,sofia.gomez@gobierno.gob.ec,Recordatorio: Mantenimiento programado de Base de Datos,0,Ninguno (Legítimo),BAJO - Correo Legítimo,0,Ninguno (Legítimo),0.134,0.006,0.376,0.0,Ninguno,0.07
651,carlos.ramirez@empresa.edu.ec,Consulta sobre la entrega del módulo HTML5 Semántico,0,Ninguno (Legítimo),BAJO - Correo Legítimo,0,Ninguno (Legítimo),0.15,0.005,0.35,0.1,Saludo genérico impersonal,0.118
652,soporte@verificate-ahora-login.org,URGENTE: Suspención temporal de su cuenta bancaria por actividad sospechosa,1,Credential Harvesting,CRÍTICO - Phishing Confirmado (Cuarentena),1,Credential Harvesting,0.82,0.987,0.752,0.65,"Protocolo HTTP no seguro (inseguro para credenciales/pagos); Urgencia/Amenaza de bloqueo: actividad sospechosa, bloqueada, inmediatamente; Solicitud de credenciales/acceso: portal de verificacion; Saludo genérico impersonal",0.917
653,jorge.perez@bancorivera.com,Minuta de la reunión de planificación del sprint #808,0,Ninguno (Legítimo),BAJO - Correo Legítimo,0,Ninguno (Legítimo),0.112,0.007,0.311,0.0,Ninguno,0.086
654,soporte@logistica-express-rastreo.info,Solicitud urgente de transferencia de fondos - Confidencial,1,Spear Phishing / CEO Fraud,CRÍTICO - Phishing Confirmado (Cuarentena),1,Spear Phishing / CEO Fraud,0.744,0.987,0.676,0.45,"Dominio sospechoso con TLD de alto riesgo (.xyz, .tk, .top, etc.); Urgencia/Amenaza de bloqueo: urgente; Patrón de Spear Phishing / CEO Fraud: confidencial",0.829
655,maria.perez@empresa.edu.ec,Invitación: Taller sobre WCAG 2.2 y ARIA,0,Ninguno (Legítimo),BAJO - Correo Legítimo,0,Ninguno (Legítimo),0.113,0.005,0.317,0.0,Ninguno,0.135
656,valentina.lopez@gobierno.gob.ec,Solicitud de revisión de código - Pull Request #937,0,Ninguno (Legítimo),BAJO - Correo Legítimo,0,Ninguno (Legítimo),0.066,0.006,0.182,0.0,Ninguno,0.141
657,jorge.sanchez@techcorp.com,Consulta sobre la entrega del módulo HTML5 Semántico,0,Ninguno (Legítimo),BAJO - Correo Legítimo,0,Ninguno (Legítimo),0.083,0.004,0.233,0.0,Ninguno,0.03
658,camila.fernandez@servicio-cliente.com,Consulta sobre la entrega del módulo CSS Responsivo,0,Ninguno (Legítimo),BAJO - Correo Legítimo,0,Ninguno (Legítimo),0.094,0.006,0.262,0.0,Ninguno,0.08
659,valentina.morales@logisticaexpress.com,Factura de servicio #340 de Junio,0,Ninguno (Legítimo),BAJO - Correo Legítimo,0,Ninguno (Legítimo),0.074,0.007,0.204,0.0,Ninguno,0.076
660,soporte@logistica-express-rastreo.info,Notificación de entrega fallida - Su paquete #28892 requiere pago de arancel,1,Package Delivery Scam,ALTO - Probable Phishing (Bloqueo Preventivo),1,Package Delivery Scam,0.636,0.986,0.368,0.45,"Dominio sospechoso con TLD de alto riesgo (.xyz, .tk, .top, etc.); Fraude de paquetería o aduanas: numero de rastreo; Saludo genérico impersonal",0.932
661,notificaciones-servipagos@soporte-urgente-banco.xyz,Factura vencida #17088 - Notificación final de cobro judicial,1,Fake Invoice / Malware Attachment,CRÍTICO - Phishing Confirmado (Cuarentena),1,Fake Invoice / Malware Attachment,0.818,0.986,0.54,0.94,"Dominio sospechoso con TLD de alto riesgo (.xyz, .tk, .top, etc.); Archivo adjunto ejecutable o empaquetado de riesgo (.exe, .zip, .js, etc.); Amenaza legal o cobro de facturas: cobro judicial, factura vencida; Saludo genérico impersonal",0.888
662,luis.perez@empresa.edu.ec,Reunión de seguimiento - Proyecto Diseño UX/UI,0,Ninguno (Legítimo),BAJO - Correo Legítimo,0,Ninguno (Legítimo),0.119,0.005,0.263,0.1,Saludo genérico impersonal,0.115
663,andres.mendoza@bancorivera.com,Invitación: Taller sobre HTML5 Semántico,0,Ninguno (Legítimo),BAJO - Correo Legítimo,0,Ninguno (Legítimo),0.05,0.006,0.136,0.0,Ninguno,0.032
664,patricia.fernandez@techcorp.com,Invitación: Taller sobre Arquitectura Cliente-Servidor,0,Ninguno (Legítimo),BAJO - Correo Legítimo,0,Ninguno (Legítimo),0.05,0.006,0.136,0.0,Ninguno,0.018
665,camila.sanchez@empresa.com,Consulta sobre la entrega del módulo JavaScript Moderno ES6+,0,Ninguno (Legítimo),BAJO - Correo Legítimo,0,Ninguno (Legítimo),0.127,0.005,0.357,0.0,Ninguno,0.025
666,maria.rodriguez@logisticaexpress.com,Solicitud de revisión de código - Pull Request #111,0,Ninguno (Legítimo),BAJO - Correo Legítimo,0,Ninguno (Legítimo),0.089,0.006,0.248,0.0,Ninguno,0.022
667,gabriel.rodriguez@gobierno.gob.ec,Reunión de seguimiento - Proyecto Auditoría de Seguridad,0,Ninguno (Legítimo),BAJO - Correo Legítimo,0,Ninguno (Legítimo),0.089,0.005,0.248,0.0,Ninguno,0.146
668,jorge.gomez@empresa.com,Informe mensual de rendimiento de la plataforma,0,Ninguno (Legítimo),BAJO - Correo Legítimo,0,Ninguno (Legítimo),0.071,0.005,0.126,0.1,Saludo genérico impersonal,0.021
669,elena.morales@mail.com,Informe mensual de rendimiento de la plataforma,0,Ninguno (Legítimo),BAJO - Correo Legítimo,0,Ninguno (Legítimo),0.071,0.005,0.126,0.1,Saludo genérico impersonal,0.016
670,jorge.ramirez@servicio-cliente.com,Factura de servicio #924 de Febrero,0,Ninguno (Legítimo),BAJO - Correo Legítimo,0,Ninguno (Legítimo),0.109,0.007,0.233,0.1,Saludo genérico impersonal,0.023
671,notificaciones-techcorp@banc0-verificacion-segura.com,Notificación de entrega fallida - Su paquete #19323 requiere pago de arancel,1,Package Delivery Scam,ALTO - Probable Phishing (Bloqueo Preventivo),1,Package Delivery Scam,0.599,0.986,0.441,0.2,Fraude de paquetería o aduanas: numero de rastreo; Saludo genérico impersonal,0.874
672,ana.sanchez@gobierno.gob.ec,Consulta sobre la entrega del módulo CSS Responsivo,0,Ninguno (Legítimo),BAJO - Correo Legítimo,0,Ninguno (Legítimo),0.094,0.006,0.262,0.0,Ninguno,0.143
673,ana.castro@logisticaexpress.com,Minuta de la reunión de planificación del sprint #108,0,Ninguno (Legítimo),BAJO - Correo Legítimo,0,Ninguno (Legítimo),0.046,0.006,0.124,0.0,Ninguno,0.066
674,soporte@techcorp-admin-portal.tk,Factura vencida #80138 - Notificación final de cobro judicial,1,Fake Invoice / Malware Attachment,CRÍTICO - Phishing Confirmado (Cuarentena),1,Fake Invoice / Malware Attachment,0.818,0.985,0.54,0.94,"Dominio sospechoso con TLD de alto riesgo (.xyz, .tk, .top, etc.); Archivo adjunto ejecutable o empaquetado de riesgo (.exe, .zip, .js, etc.); Amenaza legal o cobro de facturas: cobro judicial, factura vencida; Saludo genérico impersonal",0.9
675,soporte@soporte-urgente-banco.xyz,URGENTE: Suspención temporal de su cuenta bancaria por actividad sospechosa,1,Credential Harvesting,CRÍTICO - Phishing Confirmado (Cuarentena),1,Password Reset / Tech Support Scam,0.88,0.987,0.742,0.9,"Protocolo HTTP no seguro (inseguro para credenciales/pagos); Dominio sospechoso con TLD de alto riesgo (.xyz, .tk, .top, etc.); Urgencia/Amenaza de bloqueo: actividad sospechosa, bloqueada, inmediatamente; Solicitud de credenciales/acceso: portal de verificacion; Saludo genérico impersonal",0.954
676,notificaciones-banconacional@soporte-urgente-banco.xyz,Solicitud urgente de transferencia de fondos - Confidencial,1,Spear Phishing / CEO Fraud,CRÍTICO - Phishing Confirmado (Cuarentena),1,Spear Phishing / CEO Fraud,0.744,0.987,0.676,0.45,"Dominio sospechoso con TLD de alto riesgo (.xyz, .tk, .top, etc.); Urgencia/Amenaza de bloqueo: urgente; Patrón de Spear Phishing / CEO Fraud: confidencial",0.912
677,soporte@seguridad-cuenta-alert.online,Solicitud urgente de transferencia de fondos - Confidencial,1,Spear Phishing / CEO Fraud,CRÍTICO - Phishing Confirmado (Cuarentena),1,Spear Phishing / CEO Fraud,0.681,0.987,0.676,0.2,Urgencia/Amenaza de bloqueo: urgente; Patrón de Spear Phishing / CEO Fraud: confidencial,0.888
678,notificaciones-globalnet@seguridad-cuenta-alert.online,Factura vencida #65013 - Notificación final de cobro judicial,1,Fake Invoice / Malware Attachment,CRÍTICO - Phishing Confirmado (Cuarentena),1,Fake Invoice / Malware Attachment,0.756,0.986,0.54,0.69,"Archivo adjunto ejecutable o empaquetado de riesgo (.exe, .zip, .js, etc.); Amenaza legal o cobro de facturas: cobro judicial, factura vencida; Saludo genérico impersonal",0.909
679,elena.perez@mail.com,Consulta sobre la entrega del módulo WCAG 2.2 y ARIA,0,Ninguno (Legítimo),BAJO - Correo Legítimo,0,Ninguno (Legítimo),0.094,0.007,0.262,0.0,Ninguno,0.064
680,soporte@techcorp-admin-portal.tk,Notificación de entrega fallida - Su paquete #51486 requiere pago de arancel,1,Package Delivery Scam,ALTO - Probable Phishing (Bloqueo Preventivo),1,Package Delivery Scam,0.635,0.986,0.366,0.45,"Dominio sospechoso con TLD de alto riesgo (.xyz, .tk, .top, etc.); Fraude de paquetería o aduanas: numero de rastreo; Saludo genérico impersonal",0.873
681,notificaciones-megamarket@seguridad-cuenta-alert.online,Factura vencida #26478 - Notificación final de cobro judicial,1,Fake Invoice / Malware Attachment,CRÍTICO - Phishing Confirmado (Cuarentena),1,Fake Invoice / Malware Attachment,0.756,0.986,0.54,0.69,"Archivo adjunto ejecutable o empaquetado de riesgo (.exe, .zip, .js, etc.); Amenaza legal o cobro de facturas: cobro judicial, factura vencida; Saludo genérico impersonal",0.944
682,notificaciones-globalnet@soporte-urgente-banco.xyz,Solicitud urgente de transferencia de fondos - Confidencial,1,Spear Phishing / CEO Fraud,CRÍTICO - Phishing Confirmado (Cuarentena),1,Spear Phishing / CEO Fraud,0.744,0.987,0.676,0.45,"Dominio sospechoso con TLD de alto riesgo (.xyz, .tk, .top, etc.); Urgencia/Amenaza de bloqueo: urgente; Patrón de Spear Phishing / CEO Fraud: confidencial",0.878
683,soporte@techcorp-admin-portal.tk,Factura vencida #69768 - Notificación final de cobro judicial,1,Fake Invoice / Malware Attachment,CRÍTICO - Phishing Confirmado (Cuarentena),1,Fake Invoice / Malware Attachment,0.818,0.985,0.54,0.94,"Dominio sospechoso con TLD de alto riesgo (.xyz, .tk, .top, etc.); Archivo adjunto ejecutable o empaquetado de riesgo (.exe, .zip, .js, etc.); Amenaza legal o cobro de facturas: cobro judicial, factura vencida; Saludo genérico impersonal",0.919
684,valentina.sanchez@techcorp.com,Minuta de la reunión de planificación del sprint #709,0,Ninguno (Legítimo),BAJO - Correo Legítimo,0,Ninguno (Legítimo),0.072,0.006,0.126,0.1,Saludo genérico impersonal,0.099
685,valentina.rodriguez@servicio-cliente.com,Solicitud de revisión de código - Pull Request #657,0,Ninguno (Legítimo),BAJO - Correo Legítimo,0,Ninguno (Legítimo),0.12,0.007,0.263,0.1,Saludo genérico impersonal,0.041
686,maria.sanchez@servicio-cliente.com,Consulta sobre la entrega del módulo HTML5 Semántico,0,Ninguno (Legítimo),BAJO - Correo Legítimo,0,Ninguno (Legítimo),0.083,0.004,0.233,0.0,Ninguno,0.047
687,ana.gomez@bancorivera.com,Recordatorio: Mantenimiento programado de API REST,0,Ninguno (Legítimo),BAJO - Correo Legítimo,0,Ninguno (Legítimo),0.053,0.006,0.146,0.0,Ninguno,0.149
688,notificaciones-plataformaeducativa@logistica-express-rastreo.info,Su contraseña de correo expira hoy - Conserve su acceso,1,Password Reset / Tech Support Scam,CRÍTICO - Phishing Confirmado (Cuarentena),1,Password Reset / Tech Support Scam,0.705,0.987,0.493,0.55,"Dominio sospechoso con TLD de alto riesgo (.xyz, .tk, .top, etc.); Solicitud de credenciales/acceso: contrasena, credenciales; Saludo genérico impersonal",0.846
689,jorge.morales@empresa.edu.ec,Solicitud de revisión de código - Pull Request #903,0,Ninguno (Legítimo),BAJO - Correo Legítimo,0,Ninguno (Legítimo),0.109,0.006,0.306,0.0,Ninguno,0.023
690,roberto.gomez@techcorp.com,Informe mensual de rendimiento de la plataforma,0,Ninguno (Legítimo),BAJO - Correo Legítimo,0,Ninguno (Legítimo),0.121,0.006,0.266,0.1,Saludo genérico impersonal,0.085
691,soporte@techcorp-admin-portal.tk,Solicitud urgente de transferencia de fondos - Confidencial,1,Spear Phishing / CEO Fraud,CRÍTICO - Phishing Confirmado (Cuarentena),1,Spear Phishing / CEO Fraud,0.744,0.987,0.676,0.45,"Dominio sospechoso con TLD de alto riesgo (.xyz, .tk, .top, etc.); Urgencia/Amenaza de bloqueo: urgente; Patrón de Spear Phishing / CEO Fraud: confidencial",0.938
692,soporte@logistica-express-rastreo.info,URGENTE: Suspención temporal de su cuenta bancaria por actividad sospechosa,1,Credential Harvesting,CRÍTICO - Phishing Confirmado (Cuarentena),1,Credential Harvesting,0.883,0.987,0.752,0.9,"Protocolo HTTP no seguro (inseguro para credenciales/pagos); Dominio sospechoso con TLD de alto riesgo (.xyz, .tk, .top, etc.); Urgencia/Amenaza de bloqueo: actividad sospechosa, bloqueada, inmediatamente; Solicitud de credenciales/acceso: portal de verificacion; Saludo genérico impersonal",0.919
693,notificaciones-megamarket@soporte-urgente-banco.xyz,Factura vencida #93040 - Notificación final de cobro judicial,1,Fake Invoice / Malware Attachment,CRÍTICO - Phishing Confirmado (Cuarentena),1,Fake Invoice / Malware Attachment,0.818,0.986,0.54,0.94,"Dominio sospechoso con TLD de alto riesgo (.xyz, .tk, .top, etc.); Archivo adjunto ejecutable o empaquetado de riesgo (.exe, .zip, .js, etc.); Amenaza legal o cobro de facturas: cobro judicial, factura vencida; Saludo genérico impersonal",0.9
694,soporte@logistica-express-rastreo.info,Notificación de entrega fallida - Su paquete #90478 requiere pago de arancel,1,Package Delivery Scam,ALTO - Probable Phishing (Bloqueo Preventivo),1,Package Delivery Scam,0.636,0.986,0.368,0.45,"Dominio sospechoso con TLD de alto riesgo (.xyz, .tk, .top, etc.); Fraude de paquetería o aduanas: numero de rastreo; Saludo genérico impersonal",0.919
695,jorge.perez@mail.com,Factura de servicio #322 de Febrero,0,Ninguno (Legítimo),BAJO - Correo Legítimo,0,Ninguno (Legítimo),0.121,0.008,0.266,0.1,Saludo genérico impersonal,0.047
696,valentina.morales@empresa.com,Resumen semanal de actividades del equipo Soporte Técnico,0,Ninguno (Legítimo),BAJO - Correo Legítimo,0,Ninguno (Legítimo),0.103,0.006,0.287,0.0,Ninguno,0.121
697,valentina.ramirez@gobierno.gob.ec,Confirmación de registro al evento Plataforma Web,0,Ninguno (Legítimo),BAJO - Correo Legítimo,0,Ninguno (Legítimo),0.082,0.006,0.226,0.0,Ninguno,0.059
698,valentina.martinez@mail.com,Consulta sobre la entrega del módulo CSS Responsivo,0,Ninguno (Legítimo),BAJO - Correo Legítimo,0,Ninguno (Legítimo),0.083,0.004,0.233,0.0,Ninguno,0.044
699,notificaciones-banconacional@banc0-verificacion-segura.com,URGENTE: Suspención temporal de su cuenta bancaria por actividad sospechosa,1,Credential Harvesting,CRÍTICO - Phishing Confirmado (Cuarentena),1,Credential Harvesting,0.825,0.987,0.766,0.65,"Protocolo HTTP no seguro (inseguro para credenciales/pagos); Urgencia/Amenaza de bloqueo: actividad sospechosa, bloqueada, inmediatamente; Solicitud de credenciales/acceso: portal de verificacion; Saludo genérico impersonal",0.88
700,diego.morales@logisticaexpress.com,Factura de servicio #674 de Noviembre,0,Ninguno (Legítimo),BAJO - Correo Legítimo,0,Ninguno (Legítimo),0.109,0.007,0.233,0.1,Saludo genérico impersonal,0.105
701,camila.gomez@gobierno.gob.ec,Consulta sobre la entrega del módulo Arquitectura Cliente-Servidor,0,Ninguno (Legítimo),BAJO - Correo Legítimo,0,Ninguno (Legítimo),0.094,0.007,0.262,0.0,Ninguno,0.064
702,jorge.rios@empresa.com,Reunión de seguimiento - Proyecto Integración API REST,0,Ninguno (Legítimo),BAJO - Correo Legítimo,0,Ninguno (Legítimo),0.067,0.005,0.115,0.1,Saludo genérico impersonal,0.023
703,roberto.rodriguez@mail.com,Informe mensual de rendimiento de la plataforma,0,Ninguno (Legítimo),BAJO - Correo Legítimo,0,Ninguno (Legítimo),0.113,0.006,0.315,0.0,Ninguno,0.128
704,jorge.rodriguez@mail.com,Consulta sobre la entrega del módulo HTML5 Semántico,0,Ninguno (Legítimo),BAJO - Correo Legítimo,0,Ninguno (Legítimo),0.128,0.005,0.36,0.0,Ninguno,0.141
705,luis.martinez@mail.com,Solicitud de revisión de código - Pull Request #910,0,Ninguno (Legítimo),BAJO - Correo Legítimo,0,Ninguno (Legítimo),0.069,0.006,0.119,0.1,Saludo genérico impersonal,0.027
706,notificaciones-globalnet@verificate-ahora-login.org,URGENTE: Suspención temporal de su cuenta bancaria por actividad sospechosa,1,Credential Harvesting,CRÍTICO - Phishing Confirmado (Cuarentena),1,Credential Harvesting,0.82,0.987,0.752,0.65,"Protocolo HTTP no seguro (inseguro para credenciales/pagos); Urgencia/Amenaza de bloqueo: actividad sospechosa, bloqueada, inmediatamente; Solicitud de credenciales/acceso: portal de verificacion; Saludo genérico impersonal",0.943
707,sofia.castro@empresa.edu.ec,Confirmación de registro al evento Migración a la Nube,0,Ninguno (Legítimo),BAJO - Correo Legítimo,0,Ninguno (Legítimo),0.143,0.006,0.403,0.0,Ninguno,0.04
708,gabriel.perez@mail.com,Invitación: Taller sobre CSS Responsivo,0,Ninguno (Legítimo),BAJO - Correo Legítimo,0,Ninguno (Legítimo),0.065,0.004,0.182,0.0,Ninguno,0.064
709,diego.rodriguez@gobierno.gob.ec,Consulta sobre la entrega del módulo WCAG 2.2 y ARIA,0,Ninguno (Legítimo),BAJO - Correo Legítimo,0,Ninguno (Legítimo),0.126,0.005,0.353,0.0,Ninguno,0.114
710,soporte@logistica-express-rastreo.info,Su contraseña de correo expira hoy - Conserve su acceso,1,Password Reset / Tech Support Scam,CRÍTICO - Phishing Confirmado (Cuarentena),1,Password Reset / Tech Support Scam,0.705,0.987,0.493,0.55,"Dominio sospechoso con TLD de alto riesgo (.xyz, .tk, .top, etc.); Solicitud de credenciales/acceso: contrasena, credenciales; Saludo genérico impersonal",0.903
711,gabriel.gomez@servicio-cliente.com,Invitación: Taller sobre HTML5 Semántico,0,Ninguno (Legítimo),BAJO - Correo Legítimo,0,Ninguno (Legítimo),0.066,0.005,0.183,0.0,Ninguno,0.037
712,notificaciones-globalnet@techcorp-admin-portal.tk,URGENTE: Suspención temporal de su cuenta bancaria por actividad sospechosa,1,Credential Harvesting,CRÍTICO - Phishing Confirmado (Cuarentena),1,Credential Harvesting,0.885,0.987,0.758,0.9,"Protocolo HTTP no seguro (inseguro para credenciales/pagos); Dominio sospechoso con TLD de alto riesgo (.xyz, .tk, .top, etc.); Urgencia/Amenaza de bloqueo: actividad sospechosa, bloqueada, inmediatamente; Solicitud de credenciales/acceso: portal de verificacion; Saludo genérico impersonal",0.881
713,notificaciones-globalnet@banc0-verificacion-segura.com,Su contraseña de correo expira hoy - Conserve su acceso,1,Password Reset / Tech Support Scam,CRÍTICO - Phishing Confirmado (Cuarentena),1,Password Reset / Tech Support Scam,0.666,0.987,0.56,0.3,"Solicitud de credenciales/acceso: contrasena, credenciales; Saludo genérico impersonal",0.925
714,camila.perez@techcorp.com,Resumen semanal de actividades del equipo Desarrollo,0,Ninguno (Legítimo),BAJO - Correo Legítimo,0,Ninguno (Legítimo),0.119,0.006,0.263,0.1,Saludo genérico impersonal,0.08
715,luis.lopez@techcorp.com,Confirmación de registro al evento Migración a la Nube,0,Ninguno (Legítimo),BAJO - Correo Legítimo,0,Ninguno (Legítimo),0.144,0.007,0.403,0.0,Ninguno,0.035
716,notificaciones-megamarket@verificate-ahora-login.org,Factura vencida #10131 - Notificación final de cobro judicial,1,Fake Invoice / Malware Attachment,CRÍTICO - Phishing Confirmado (Cuarentena),1,Fake Invoice / Malware Attachment,0.756,0.986,0.54,0.69,"Archivo adjunto ejecutable o empaquetado de riesgo (.exe, .zip, .js, etc.); Amenaza legal o cobro de facturas: cobro judicial, factura vencida; Saludo genérico impersonal",0.932
717,notificaciones-techcorp@verificate-ahora-login.org,Su contraseña de correo expira hoy - Conserve su acceso,1,Password Reset / Tech Support Scam,ALTO - Probable Phishing (Bloqueo Preventivo),1,Password Reset / Tech Support Scam,0.642,0.987,0.493,0.3,"Solicitud de credenciales/acceso: contrasena, credenciales; Saludo genérico impersonal",0.835
718,fernando.vargas@servicio-cliente.com,Invitación: Taller sobre HTML5 Semántico,0,Ninguno (Legítimo),BAJO - Correo Legítimo,0,Ninguno (Legítimo),0.065,0.004,0.182,0.0,Ninguno,0.135
719,jorge.fernandez@logisticaexpress.com,Recordatorio: Mantenimiento programado de Base de Datos,0,Ninguno (Legítimo),BAJO - Correo Legítimo,0,Ninguno (Legítimo),0.09,0.006,0.18,0.1,Saludo genérico impersonal,0.06
720,elena.martinez@mail.com,Confirmación de registro al evento Integración API REST,0,Ninguno (Legítimo),BAJO - Correo Legítimo,0,Ninguno (Legítimo),0.14,0.007,0.391,0.0,Ninguno,0.091
721,lucia.martinez@empresa.edu.ec,Reunión de seguimiento - Proyecto Migración a la Nube,0,Ninguno (Legítimo),BAJO - Correo Legítimo,0,Ninguno (Legítimo),0.045,0.005,0.123,0.0,Ninguno,0.088
722,soporte@logistica-express-rastreo.info,URGENTE: Suspención temporal de su cuenta bancaria por actividad sospechosa,1,Credential Harvesting,CRÍTICO - Phishing Confirmado (Cuarentena),1,Credential Harvesting,0.883,0.987,0.752,0.9,"Protocolo HTTP no seguro (inseguro para credenciales/pagos); Dominio sospechoso con TLD de alto riesgo (.xyz, .tk, .top, etc.); Urgencia/Amenaza de bloqueo: actividad sospechosa, bloqueada, inmediatamente; Solicitud de credenciales/acceso: portal de verificacion; Saludo genérico impersonal",0.933
723,notificaciones-cloudservices@soporte-urgente-banco.xyz,URGENTE: Suspención temporal de su cuenta bancaria por actividad sospechosa,1,Credential Harvesting,CRÍTICO - Phishing Confirmado (Cuarentena),1,Password Reset / Tech Support Scam,0.88,0.987,0.742,0.9,"Protocolo HTTP no seguro (inseguro para credenciales/pagos); Dominio sospechoso con TLD de alto riesgo (.xyz, .tk, .top, etc.); Urgencia/Amenaza de bloqueo: actividad sospechosa, bloqueada, inmediatamente; Solicitud de credenciales/acceso: portal de verificacion; Saludo genérico impersonal",0.96
724,jorge.castro@logisticaexpress.com,Consulta sobre la entrega del módulo JavaScript Moderno ES6+,0,Ninguno (Legítimo),BAJO - Correo Legítimo,0,Ninguno (Legítimo),0.108,0.004,0.304,0.0,Ninguno,0.045
725,sofia.ramirez@gobierno.gob.ec,Recordatorio: Mantenimiento programado de Base de Datos,0,Ninguno (Legítimo),BAJO - Correo Legítimo,0,Ninguno (Legítimo),0.142,0.006,0.327,0.1,Saludo genérico impersonal,0.068
726,soporte@actualiza-credenciales-pagos.net,Su contraseña de correo expira hoy - Conserve su acceso,1,Password Reset / Tech Support Scam,CRÍTICO - Phishing Confirmado (Cuarentena),1,Password Reset / Tech Support Scam,0.703,0.987,0.487,0.55,"Dominio sospechoso con TLD de alto riesgo (.xyz, .tk, .top, etc.); Solicitud de credenciales/acceso: contrasena, credenciales; Saludo genérico impersonal",0.899
727,andres.fernandez@empresa.com,Informe mensual de rendimiento de la plataforma,0,Ninguno (Legítimo),BAJO - Correo Legítimo,0,Ninguno (Legítimo),0.046,0.006,0.124,0.0,Ninguno,0.137
728,ana.mendoza@empresa.com,Recordatorio: Mantenimiento programado de Servicio de Autenticación,0,Ninguno (Legítimo),BAJO - Correo Legítimo,0,Ninguno (Legítimo),0.109,0.004,0.306,0.0,Ninguno,0.048
729,camila.castro@mail.com,Reunión de seguimiento - Proyecto Integración API REST,0,Ninguno (Legítimo),BAJO - Correo Legítimo,0,Ninguno (Legítimo),0.119,0.005,0.263,0.1,Saludo genérico impersonal,0.089
730,carlos.mendoza@servicio-cliente.com,Solicitud de revisión de código - Pull Request #804,0,Ninguno (Legítimo),BAJO - Correo Legítimo,0,Ninguno (Legítimo),0.053,0.007,0.143,0.0,Ninguno,0.133
731,andres.fernandez@bancorivera.com,Factura de servicio #407 de Septiembre,0,Ninguno (Legítimo),BAJO - Correo Legítimo,0,Ninguno (Legítimo),0.115,0.007,0.321,0.0,Ninguno,0.125
732,carlos.lopez@techcorp.com,Resumen semanal de actividades del equipo Soporte Técnico,0,Ninguno (Legítimo),BAJO - Correo Legítimo,0,Ninguno (Legítimo),0.116,0.006,0.324,0.0,Ninguno,0.051
733,soporte@logistica-express-rastreo.info,Factura vencida #24068 - Notificación final de cobro judicial,1,Fake Invoice / Malware Attachment,CRÍTICO - Phishing Confirmado (Cuarentena),1,Fake Invoice / Malware Attachment,0.818,0.986,0.54,0.94,"Dominio sospechoso con TLD de alto riesgo (.xyz, .tk, .top, etc.); Archivo adjunto ejecutable o empaquetado de riesgo (.exe, .zip, .js, etc.); Amenaza legal o cobro de facturas: cobro judicial, factura vencida; Saludo genérico impersonal",0.927
734,soporte@techcorp-admin-portal.tk,URGENTE: Suspención temporal de su cuenta bancaria por actividad sospechosa,1,Credential Harvesting,CRÍTICO - Phishing Confirmado (Cuarentena),1,Credential Harvesting,0.885,0.987,0.758,0.9,"Protocolo HTTP no seguro (inseguro para credenciales/pagos); Dominio sospechoso con TLD de alto riesgo (.xyz, .tk, .top, etc.); Urgencia/Amenaza de bloqueo: actividad sospechosa, bloqueada, inmediatamente; Solicitud de credenciales/acceso: portal de verificacion; Saludo genérico impersonal",0.977
735,lucia.morales@logisticaexpress.com,Confirmación de registro al evento Integración API REST,0,Ninguno (Legítimo),BAJO - Correo Legítimo,0,Ninguno (Legítimo),0.147,0.006,0.343,0.1,Saludo genérico impersonal,0.059
736,roberto.rodriguez@servicio-cliente.com,Consulta sobre la entrega del módulo CSS Responsivo,0,Ninguno (Legítimo),BAJO - Correo Legítimo,0,Ninguno (Legítimo),0.083,0.004,0.233,0.0,Ninguno,0.092
737,carlos.rios@techcorp.com,Resumen semanal de actividades del equipo Ciberseguridad,0,Ninguno (Legítimo),BAJO - Correo Legítimo,0,Ninguno (Legítimo),0.119,0.006,0.263,0.1,Saludo genérico impersonal,0.025
738,fernando.rodriguez@bancorivera.com,Factura de servicio #552 de Junio,0,Ninguno (Legítimo),BAJO - Correo Legítimo,0,Ninguno (Legítimo),0.147,0.007,0.413,0.0,Ninguno,0.108
739,camila.torres@gobierno.gob.ec,Resumen semanal de actividades del equipo Desarrollo,0,Ninguno (Legítimo),BAJO - Correo Legítimo,0,Ninguno (Legítimo),0.114,0.006,0.319,0.0,Ninguno,0.098
740,valentina.ramirez@empresa.edu.ec,Confirmación de registro al evento Integración API REST,0,Ninguno (Legítimo),BAJO - Correo Legítimo,0,Ninguno (Legítimo),0.096,0.006,0.195,0.1,Saludo genérico impersonal,0.08
741,roberto.rios@empresa.edu.ec,Solicitud de revisión de código - Pull Request #180,0,Ninguno (Legítimo),BAJO - Correo Legítimo,0,Ninguno (Legítimo),0.069,0.006,0.119,0.1,Saludo genérico impersonal,0.042
742,fernando.fernandez@mail.com,Factura de servicio #993 de Octubre,0,Ninguno (Legítimo),BAJO - Correo Legítimo,0,Ninguno (Legítimo),0.121,0.008,0.266,0.1,Saludo genérico impersonal,0.129
743,maria.ramirez@servicio-cliente.com,Invitación: Taller sobre HTML5 Semántico,0,Ninguno (Legítimo),BAJO - Correo Legítimo,0,Ninguno (Legítimo),0.119,0.005,0.262,0.1,Saludo genérico impersonal,0.057
744,patricia.torres@empresa.edu.ec,Solicitud de revisión de código - Pull Request #724,0,Ninguno (Legítimo),BAJO - Correo Legítimo,0,Ninguno (Legítimo),0.052,0.006,0.143,0.0,Ninguno,0.14
745,maria.gomez@servicio-cliente.com,Minuta de la reunión de planificación del sprint #330,0,Ninguno (Legítimo),BAJO - Correo Legítimo,0,Ninguno (Legítimo),0.112,0.007,0.311,0.0,Ninguno,0.14
746,notificaciones-plataformaeducativa@logistica-express-rastreo.info,Su contraseña de correo expira hoy - Conserve su acceso,1,Password Reset / Tech Support Scam,CRÍTICO - Phishing Confirmado (Cuarentena),1,Password Reset / Tech Support Scam,0.705,0.987,0.493,0.55,"Dominio sospechoso con TLD de alto riesgo (.xyz, .tk, .top, etc.); Solicitud de credenciales/acceso: contrasena, credenciales; Saludo genérico impersonal",0.924
747,maria.ramirez@mail.com,Confirmación de registro al evento Auditoría de Seguridad,0,Ninguno (Legítimo),BAJO - Correo Legítimo,0,Ninguno (Legítimo),0.139,0.007,0.388,0.0,Ninguno,0.092
748,soporte@seguridad-cuenta-alert.online,Solicitud urgente de transferencia de fondos - Confidencial,1,Spear Phishing / CEO Fraud,CRÍTICO - Phishing Confirmado (Cuarentena),1,Spear Phishing / CEO Fraud,0.681,0.987,0.676,0.2,Urgencia/Amenaza de bloqueo: urgente; Patrón de Spear Phishing / CEO Fraud: confidencial,0.855
749,notificaciones-servipagos@logistica-express-rastreo.info,Su contraseña de correo expira hoy - Conserve su acceso,1,Password Reset / Tech Support Scam,CRÍTICO - Phishing Confirmado (Cuarentena),1,Password Reset / Tech Support Scam,0.705,0.987,0.493,0.55,"Dominio sospechoso con TLD de alto riesgo (.xyz, .tk, .top, etc.); Solicitud de credenciales/acceso: contrasena, credenciales; Saludo genérico impersonal",0.831
750,andres.castro@gobierno.gob.ec,Confirmación de registro al evento Integración API REST,0,Ninguno (Legítimo),BAJO - Correo Legítimo,0,Ninguno (Legítimo),0.118,0.006,0.329,0.0,Ninguno,0.108
751,fernando.rodriguez@logisticaexpress.com,Recordatorio: Mantenimiento programado de API REST,0,Ninguno (Legítimo),BAJO - Correo Legítimo,0,Ninguno (Legítimo),0.111,0.006,0.311,0.0,Ninguno,0.062
752,andres.rodriguez@bancorivera.com,Informe mensual de rendimiento de la plataforma,0,Ninguno (Legítimo),BAJO - Correo Legítimo,0,Ninguno (Legítimo),0.062,0.005,0.172,0.0,Ninguno,0.126
753,soporte@logistica-express-rastreo.info,Factura vencida #68198 - Notificación final de cobro judicial,1,Fake Invoice / Malware Attachment,CRÍTICO - Phishing Confirmado (Cuarentena),1,Fake Invoice / Malware Attachment,0.818,0.986,0.54,0.94,"Dominio sospechoso con TLD de alto riesgo (.xyz, .tk, .top, etc.); Archivo adjunto ejecutable o empaquetado de riesgo (.exe, .zip, .js, etc.); Amenaza legal o cobro de facturas: cobro judicial, factura vencida; Saludo genérico impersonal",0.922
754,carlos.ramirez@mail.com,Invitación: Taller sobre CSS Responsivo,0,Ninguno (Legítimo),BAJO - Correo Legítimo,0,Ninguno (Legítimo),0.05,0.006,0.136,0.0,Ninguno,0.071
755,sofia.rios@servicio-cliente.com,Consulta sobre la entrega del módulo WCAG 2.2 y ARIA,0,Ninguno (Legítimo),BAJO - Correo Legítimo,0,Ninguno (Legítimo),0.125,0.005,0.279,0.1,Saludo genérico impersonal,0.114
756,luis.perez@gobierno.gob.ec,Confirmación de registro al evento Diseño UX/UI,0,Ninguno (Legítimo),BAJO - Correo Legítimo,0,Ninguno (Legítimo),0.094,0.005,0.263,0.0,Ninguno,0.12
757,fernando.rios@techcorp.com,Informe mensual de rendimiento de la plataforma,0,Ninguno (Legítimo),BAJO - Correo Legítimo,0,Ninguno (Legítimo),0.062,0.005,0.172,0.0,Ninguno,0.077
758,fernando.ramirez@mail.com,Factura de servicio #551 de Agosto,0,Ninguno (Legítimo),BAJO - Correo Legítimo,0,Ninguno (Legítimo),0.121,0.008,0.266,0.1,Saludo genérico impersonal,0.042
759,notificaciones-megamarket@actualiza-credenciales-pagos.net,URGENTE: Suspención temporal de su cuenta bancaria por actividad sospechosa,1,Credential Harvesting,CRÍTICO - Phishing Confirmado (Cuarentena),1,Credential Harvesting,0.912,0.987,0.762,1.0,"Protocolo HTTP no seguro (inseguro para credenciales/pagos); Dominio sospechoso con TLD de alto riesgo (.xyz, .tk, .top, etc.); Urgencia/Amenaza de bloqueo: actividad sospechosa, bloqueada, inmediatamente; Solicitud de credenciales/acceso: portal de verificacion, credenciales; Saludo genérico impersonal",0.856
760,ana.ramirez@logisticaexpress.com,Confirmación de registro al evento Plataforma Web,0,Ninguno (Legítimo),BAJO - Correo Legítimo,0,Ninguno (Legítimo),0.139,0.006,0.391,0.0,Ninguno,0.043
761,sofia.lopez@bancorivera.com,Confirmación de registro al evento Auditoría de Seguridad,0,Ninguno (Legítimo),BAJO - Correo Legítimo,0,Ninguno (Legítimo),0.093,0.006,0.26,0.0,Ninguno,0.097
762,notificaciones-cloudservices@verificate-ahora-login.org,URGENTE: Suspención temporal de su cuenta bancaria por actividad sospechosa,1,Credential Harvesting,CRÍTICO - Phishing Confirmado (Cuarentena),1,Credential Harvesting,0.82,0.987,0.752,0.65,"Protocolo HTTP no seguro (inseguro para credenciales/pagos); Urgencia/Amenaza de bloqueo: actividad sospechosa, bloqueada, inmediatamente; Solicitud de credenciales/acceso: portal de verificacion; Saludo genérico impersonal",0.959
763,jorge.fernandez@empresa.edu.ec,Factura de servicio #329 de Diciembre,0,Ninguno (Legítimo),BAJO - Correo Legítimo,0,Ninguno (Legítimo),0.147,0.007,0.411,0.0,Ninguno,0.129
764,gabriel.martinez@logisticaexpress.com,Solicitud de revisión de código - Pull Request #400,0,Ninguno (Legítimo),BAJO - Correo Legítimo,0,Ninguno (Legítimo),0.069,0.006,0.119,0.1,Saludo genérico impersonal,0.054
765,lucia.rodriguez@mail.com,Minuta de la reunión de planificación del sprint #617,0,Ninguno (Legítimo),BAJO - Correo Legítimo,0,Ninguno (Legítimo),0.072,0.006,0.126,0.1,Saludo genérico impersonal,0.12
766,notificaciones-logisticaexpress@techcorp-admin-portal.tk,Su contraseña de correo expira hoy - Conserve su acceso,1,Password Reset / Tech Support Scam,CRÍTICO - Phishing Confirmado (Cuarentena),1,Password Reset / Tech Support Scam,0.702,0.987,0.486,0.55,"Dominio sospechoso con TLD de alto riesgo (.xyz, .tk, .top, etc.); Solicitud de credenciales/acceso: contrasena, credenciales; Saludo genérico impersonal",0.871
767,soporte@actualiza-credenciales-pagos.net,Solicitud urgente de transferencia de fondos - Confidencial,1,Spear Phishing / CEO Fraud,CRÍTICO - Phishing Confirmado (Cuarentena),1,Spear Phishing / CEO Fraud,0.744,0.987,0.676,0.45,"Dominio sospechoso con TLD de alto riesgo (.xyz, .tk, .top, etc.); Urgencia/Amenaza de bloqueo: urgente; Patrón de Spear Phishing / CEO Fraud: confidencial",0.851
768,valentina.gomez@techcorp.com,Factura de servicio #235 de Junio,0,Ninguno (Legítimo),BAJO - Correo Legítimo,0,Ninguno (Legítimo),0.121,0.007,0.266,0.1,Saludo genérico impersonal,0.066
769,maria.castro@bancorivera.com,Factura de servicio #856 de Diciembre,0,Ninguno (Legítimo),BAJO - Correo Legítimo,0,Ninguno (Legítimo),0.109,0.007,0.233,0.1,Saludo genérico impersonal,0.051
770,lucia.vargas@servicio-cliente.com,Consulta sobre la entrega del módulo CSS Responsivo,0,Ninguno (Legítimo),BAJO - Correo Legítimo,0,Ninguno (Legítimo),0.083,0.004,0.233,0.0,Ninguno,0.079
771,soporte@soporte-urgente-banco.xyz,Factura vencida #33385 - Notificación final de cobro judicial,1,Fake Invoice / Malware Attachment,CRÍTICO - Phishing Confirmado (Cuarentena),1,Fake Invoice / Malware Attachment,0.818,0.986,0.54,0.94,"Dominio sospechoso con TLD de alto riesgo (.xyz, .tk, .top, etc.); Archivo adjunto ejecutable o empaquetado de riesgo (.exe, .zip, .js, etc.); Amenaza legal o cobro de facturas: cobro judicial, factura vencida; Saludo genérico impersonal",0.984
772,gabriel.rodriguez@mail.com,Invitación: Taller sobre JavaScript Moderno ES6+,0,Ninguno (Legítimo),BAJO - Correo Legítimo,0,Ninguno (Legítimo),0.119,0.005,0.262,0.1,Saludo genérico impersonal,0.134
773,soporte@banc0-verificacion-segura.com,Solicitud urgente de transferencia de fondos - Confidencial,1,Spear Phishing / CEO Fraud,CRÍTICO - Phishing Confirmado (Cuarentena),1,Spear Phishing / CEO Fraud,0.681,0.987,0.676,0.2,Urgencia/Amenaza de bloqueo: urgente; Patrón de Spear Phishing / CEO Fraud: confidencial,0.933
774,carlos.sanchez@logisticaexpress.com,Invitación: Taller sobre Arquitectura Cliente-Servidor,0,Ninguno (Legítimo),BAJO - Correo Legítimo,0,Ninguno (Legítimo),0.113,0.005,0.317,0.0,Ninguno,0.11
775,luis.rios@techcorp.com,Invitación: Taller sobre JavaScript Moderno ES6+,0,Ninguno (Legítimo),BAJO - Correo Legítimo,0,Ninguno (Legítimo),0.113,0.004,0.317,0.0,Ninguno,0.056
776,ana.fernandez@empresa.edu.ec,Minuta de la reunión de planificación del sprint #425,0,Ninguno (Legítimo),BAJO - Correo Legítimo,0,Ninguno (Legítimo),0.121,0.006,0.266,0.1,Saludo genérico impersonal,0.092
777,camila.rios@techcorp.com,Informe mensual de rendimiento de la plataforma,0,Ninguno (Legítimo),BAJO - Correo Legítimo,0,Ninguno (Legítimo),0.121,0.006,0.266,0.1,Saludo genérico impersonal,0.01
778,notificaciones-plataformaeducativa@logistica-express-rastreo.info,URGENTE: Suspención temporal de su cuenta bancaria por actividad sospechosa,1,Credential Harvesting,CRÍTICO - Phishing Confirmado (Cuarentena),1,Credential Harvesting,0.883,0.987,0.752,0.9,"Protocolo HTTP no seguro (inseguro para credenciales/pagos); Dominio sospechoso con TLD de alto riesgo (.xyz, .tk, .top, etc.); Urgencia/Amenaza de bloqueo: actividad sospechosa, bloqueada, inmediatamente; Solicitud de credenciales/acceso: portal de verificacion; Saludo genérico impersonal",0.883
779,sofia.vargas@servicio-cliente.com,Informe mensual de rendimiento de la plataforma,0,Ninguno (Legítimo),BAJO - Correo Legítimo,0,Ninguno (Legítimo),0.062,0.005,0.172,0.0,Ninguno,0.024
780,notificaciones-megamarket@banc0-verificacion-segura.com,Factura vencida #33094 - Notificación final de cobro judicial,1,Fake Invoice / Malware Attachment,CRÍTICO - Phishing Confirmado (Cuarentena),1,Fake Invoice / Malware Attachment,0.756,0.986,0.54,0.69,"Archivo adjunto ejecutable o empaquetado de riesgo (.exe, .zip, .js, etc.); Amenaza legal o cobro de facturas: cobro judicial, factura vencida; Saludo genérico impersonal",0.953
781,valentina.vargas@logisticaexpress.com,Reunión de seguimiento - Proyecto Auditoría de Seguridad,0,Ninguno (Legítimo),BAJO - Correo Legítimo,0,Ninguno (Legítimo),0.052,0.005,0.143,0.0,Ninguno,0.118
782,soporte@logistica-express-rastreo.info,Factura vencida #44170 - Notificación final de cobro judicial,1,Fake Invoice / Malware Attachment,CRÍTICO - Phishing Confirmado (Cuarentena),1,Fake Invoice / Malware Attachment,0.818,0.986,0.54,0.94,"Dominio sospechoso con TLD de alto riesgo (.xyz, .tk, .top, etc.); Archivo adjunto ejecutable o empaquetado de riesgo (.exe, .zip, .js, etc.); Amenaza legal o cobro de facturas: cobro judicial, factura vencida; Saludo genérico impersonal",0.96
783,elena.morales@logisticaexpress.com,Factura de servicio #728 de Septiembre,0,Ninguno (Legítimo),BAJO - Correo Legítimo,0,Ninguno (Legítimo),0.146,0.006,0.411,0.0,Ninguno,0.143
784,notificaciones-cloudservices@verificate-ahora-login.org,URGENTE: Suspención temporal de su cuenta bancaria por actividad sospechosa,1,Credential Harvesting,CRÍTICO - Phishing Confirmado (Cuarentena),1,Credential Harvesting,0.82,0.987,0.752,0.65,"Protocolo HTTP no seguro (inseguro para credenciales/pagos); Urgencia/Amenaza de bloqueo: actividad sospechosa, bloqueada, inmediatamente; Solicitud de credenciales/acceso: portal de verificacion; Saludo genérico impersonal",0.988
785,lucia.sanchez@empresa.com,Resumen semanal de actividades del equipo Desarrollo,0,Ninguno (Legítimo),BAJO - Correo Legítimo,0,Ninguno (Legítimo),0.114,0.006,0.319,0.0,Ninguno,0.08
786,patricia.vargas@logisticaexpress.com,Reunión de seguimiento - Proyecto Plataforma Web,0,Ninguno (Legítimo),BAJO - Correo Legítimo,0,Ninguno (Legítimo),0.065,0.004,0.182,0.0,Ninguno,0.131
787,soporte@techcorp-admin-portal.tk,URGENTE: Suspención temporal de su cuenta bancaria por actividad sospechosa,1,Credential Harvesting,CRÍTICO - Phishing Confirmado (Cuarentena),1,Credential Harvesting,0.885,0.987,0.758,0.9,"Protocolo HTTP no seguro (inseguro para credenciales/pagos); Dominio sospechoso con TLD de alto riesgo (.xyz, .tk, .top, etc.); Urgencia/Amenaza de bloqueo: actividad sospechosa, bloqueada, inmediatamente; Solicitud de credenciales/acceso: portal de verificacion; Saludo genérico impersonal",0.935
788,notificaciones-logisticaexpress@actualiza-credenciales-pagos.net,Factura vencida #23065 - Notificación final de cobro judicial,1,Fake Invoice / Malware Attachment,CRÍTICO - Phishing Confirmado (Cuarentena),1,Fake Invoice / Malware Attachment,0.818,0.986,0.54,0.94,"Dominio sospechoso con TLD de alto riesgo (.xyz, .tk, .top, etc.); Archivo adjunto ejecutable o empaquetado de riesgo (.exe, .zip, .js, etc.); Amenaza legal o cobro de facturas: cobro judicial, factura vencida; Saludo genérico impersonal",0.943
789,camila.martinez@logisticaexpress.com,Consulta sobre la entrega del módulo Arquitectura Cliente-Servidor,0,Ninguno (Legítimo),BAJO - Correo Legítimo,0,Ninguno (Legítimo),0.127,0.005,0.357,0.0,Ninguno,0.073
790,camila.ramirez@empresa.edu.ec,Invitación: Taller sobre HTML5 Semántico,0,Ninguno (Legítimo),BAJO - Correo Legítimo,0,Ninguno (Legítimo),0.119,0.005,0.262,0.1,Saludo genérico impersonal,0.131
791,patricia.gomez@servicio-cliente.com,Invitación: Taller sobre JavaScript Moderno ES6+,0,Ninguno (Legítimo),BAJO - Correo Legítimo,0,Ninguno (Legítimo),0.05,0.006,0.136,0.0,Ninguno,0.094
792,gabriel.vargas@logisticaexpress.com,Confirmación de registro al evento Diseño UX/UI,0,Ninguno (Legítimo),BAJO - Correo Legítimo,0,Ninguno (Legítimo),0.139,0.006,0.391,0.0,Ninguno,0.063
793,andres.rios@empresa.edu.ec,Reunión de seguimiento - Proyecto Diseño UX/UI,0,Ninguno (Legítimo),BAJO - Correo Legítimo,0,Ninguno (Legítimo),0.053,0.005,0.146,0.0,Ninguno,0.069
794,notificaciones-cloudservices@soporte-urgente-banco.xyz,Su contraseña de correo expira hoy - Conserve su acceso,1,Password Reset / Tech Support Scam,CRÍTICO - Phishing Confirmado (Cuarentena),1,Password Reset / Tech Support Scam,0.749,0.987,0.561,0.63,"Dominio sospechoso con TLD de alto riesgo (.xyz, .tk, .top, etc.); Urgencia/Amenaza de bloqueo: urgente; Solicitud de credenciales/acceso: contrasena, credenciales; Saludo genérico impersonal",0.845
795,notificaciones-cloudservices@logistica-express-rastreo.info,Factura vencida #37606 - Notificación final de cobro judicial,1,Fake Invoice / Malware Attachment,CRÍTICO - Phishing Confirmado (Cuarentena),1,Fake Invoice / Malware Attachment,0.818,0.986,0.54,0.94,"Dominio sospechoso con TLD de alto riesgo (.xyz, .tk, .top, etc.); Archivo adjunto ejecutable o empaquetado de riesgo (.exe, .zip, .js, etc.); Amenaza legal o cobro de facturas: cobro judicial, factura vencida; Saludo genérico impersonal",0.959
796,valentina.lopez@techcorp.com,Informe mensual de rendimiento de la plataforma,0,Ninguno (Legítimo),BAJO - Correo Legítimo,0,Ninguno (Legítimo),0.113,0.006,0.315,0.0,Ninguno,0.085
797,luis.sanchez@logisticaexpress.com,Confirmación de registro al evento Plataforma Web,0,Ninguno (Legítimo),BAJO - Correo Legítimo,0,Ninguno (Legítimo),0.082,0.006,0.226,0.0,Ninguno,0.112
798,maria.castro@logisticaexpress.com,Invitación: Taller sobre WCAG 2.2 y ARIA,0,Ninguno (Legítimo),BAJO - Correo Legítimo,0,Ninguno (Legítimo),0.05,0.006,0.136,0.0,Ninguno,0.1
799,diego.lopez@bancorivera.com,Resumen semanal de actividades del equipo Infraestructura,0,Ninguno (Legítimo),BAJO - Correo Legítimo,0,Ninguno (Legítimo),0.068,0.006,0.115,0.1,Saludo genérico impersonal,0.132
800,gabriel.martinez@empresa.edu.ec,Resumen semanal de actividades del equipo Soporte Técnico,0,Ninguno (Legítimo),BAJO - Correo Legítimo,0,Ninguno (Legítimo),0.091,0.006,0.252,0.0,Ninguno,0.127
801,soporte@seguridad-cuenta-alert.online,Solicitud urgente de transferencia de fondos - Confidencial,1,Spear Phishing / CEO Fraud,CRÍTICO - Phishing Confirmado (Cuarentena),1,Spear Phishing / CEO Fraud,0.681,0.987,0.676,0.2,Urgencia/Amenaza de bloqueo: urgente; Patrón de Spear Phishing / CEO Fraud: confidencial,0.914
802,lucia.rios@servicio-cliente.com,Confirmación de registro al evento Diseño UX/UI,0,Ninguno (Legítimo),BAJO - Correo Legítimo,0,Ninguno (Legítimo),0.147,0.006,0.343,0.1,Saludo genérico impersonal,0.141
803,carlos.ramirez@gobierno.gob.ec,Confirmación de registro al evento Auditoría de Seguridad,0,Ninguno (Legítimo),BAJO - Correo Legítimo,0,Ninguno (Legítimo),0.139,0.007,0.388,0.0,Ninguno,0.101
804,carlos.rios@servicio-cliente.com,Solicitud de revisión de código - Pull Request #747,0,Ninguno (Legítimo),BAJO - Correo Legítimo,0,Ninguno (Legítimo),0.053,0.007,0.143,0.0,Ninguno,0.123
805,soporte@banc0-verificacion-segura.com,Solicitud urgente de transferencia de fondos - Confidencial,1,Spear Phishing / CEO Fraud,CRÍTICO - Phishing Confirmado (Cuarentena),1,Spear Phishing / CEO Fraud,0.681,0.987,0.676,0.2,Urgencia/Amenaza de bloqueo: urgente; Patrón de Spear Phishing / CEO Fraud: confidencial,0.888
806,notificaciones-cloudservices@techcorp-admin-portal.tk,Su contraseña de correo expira hoy - Conserve su acceso,1,Password Reset / Tech Support Scam,CRÍTICO - Phishing Confirmado (Cuarentena),1,Password Reset / Tech Support Scam,0.702,0.987,0.486,0.55,"Dominio sospechoso con TLD de alto riesgo (.xyz, .tk, .top, etc.); Solicitud de credenciales/acceso: contrasena, credenciales; Saludo genérico impersonal",0.947
807,soporte@logistica-express-rastreo.info,Factura vencida #97519 - Notificación final de cobro judicial,1,Fake Invoice / Malware Attachment,CRÍTICO - Phishing Confirmado (Cuarentena),1,Fake Invoice / Malware Attachment,0.818,0.986,0.54,0.94,"Dominio sospechoso con TLD de alto riesgo (.xyz, .tk, .top, etc.); Archivo adjunto ejecutable o empaquetado de riesgo (.exe, .zip, .js, etc.); Amenaza legal o cobro de facturas: cobro judicial, factura vencida; Saludo genérico impersonal",0.971
808,ana.martinez@logisticaexpress.com,Minuta de la reunión de planificación del sprint #519,0,Ninguno (Legítimo),BAJO - Correo Legítimo,0,Ninguno (Legítimo),0.063,0.006,0.172,0.0,Ninguno,0.026
809,luis.lopez@empresa.edu.ec,Recordatorio: Mantenimiento programado de Base de Datos,0,Ninguno (Legítimo),BAJO - Correo Legítimo,0,Ninguno (Legítimo),0.084,0.007,0.231,0.0,Ninguno,0.074
810,sofia.gomez@empresa.com,Invitación: Taller sobre CSS Responsivo,0,Ninguno (Legítimo),BAJO - Correo Legítimo,0,Ninguno (Legítimo),0.119,0.005,0.262,0.1,Saludo genérico impersonal,0.048
811,soporte@soporte-urgente-banco.xyz,Factura vencida #85850 - Notificación final de cobro judicial,1,Fake Invoice / Malware Attachment,CRÍTICO - Phishing Confirmado (Cuarentena),1,Fake Invoice / Malware Attachment,0.818,0.986,0.54,0.94,"Dominio sospechoso con TLD de alto riesgo (.xyz, .tk, .top, etc.); Archivo adjunto ejecutable o empaquetado de riesgo (.exe, .zip, .js, etc.); Amenaza legal o cobro de facturas: cobro judicial, factura vencida; Saludo genérico impersonal",0.951
812,jorge.morales@logisticaexpress.com,Consulta sobre la entrega del módulo CSS Responsivo,0,Ninguno (Legítimo),BAJO - Correo Legítimo,0,Ninguno (Legítimo),0.083,0.004,0.233,0.0,Ninguno,0.023
813,maria.morales@techcorp.com,Informe mensual de rendimiento de la plataforma,0,Ninguno (Legítimo),BAJO - Correo Legítimo,0,Ninguno (Legítimo),0.072,0.006,0.126,0.1,Saludo genérico impersonal,0.102
814,elena.fernandez@servicio-cliente.com,Confirmación de registro al evento Plataforma Web,0,Ninguno (Legítimo),BAJO - Correo Legítimo,0,Ninguno (Legítimo),0.096,0.006,0.195,0.1,Saludo genérico impersonal,0.087
815,roberto.torres@logisticaexpress.com,Invitación: Taller sobre WCAG 2.2 y ARIA,0,Ninguno (Legítimo),BAJO - Correo Legítimo,0,Ninguno (Legítimo),0.064,0.006,0.104,0.1,Saludo genérico impersonal,0.052
816,fernando.ramirez@empresa.com,Solicitud de revisión de código - Pull Request #129,0,Ninguno (Legítimo),BAJO - Correo Legítimo,0,Ninguno (Legítimo),0.053,0.007,0.143,0.0,Ninguno,0.038
817,luis.martinez@techcorp.com,Confirmación de registro al evento Diseño UX/UI,0,Ninguno (Legítimo),BAJO - Correo Legítimo,0,Ninguno (Legítimo),0.147,0.006,0.343,0.1,Saludo genérico impersonal,0.038
818,notificaciones-techcorp@banc0-verificacion-segura.com,Factura vencida #42077 - Notificación final de cobro judicial,1,Fake Invoice / Malware Attachment,CRÍTICO - Phishing Confirmado (Cuarentena),1,Fake Invoice / Malware Attachment,0.756,0.986,0.54,0.69,"Archivo adjunto ejecutable o empaquetado de riesgo (.exe, .zip, .js, etc.); Amenaza legal o cobro de facturas: cobro judicial, factura vencida; Saludo genérico impersonal",0.973
819,roberto.castro@logisticaexpress.com,Informe mensual de rendimiento de la plataforma,0,Ninguno (Legítimo),BAJO - Correo Legítimo,0,Ninguno (Legítimo),0.121,0.006,0.266,0.1,Saludo genérico impersonal,0.055
820,roberto.morales@empresa.edu.ec,Confirmación de registro al evento Integración API REST,0,Ninguno (Legítimo),BAJO - Correo Legítimo,0,Ninguno (Legítimo),0.147,0.006,0.343,0.1,Saludo genérico impersonal,0.062
821,jorge.torres@logisticaexpress.com,Reunión de seguimiento - Proyecto Auditoría de Seguridad,0,Ninguno (Legítimo),BAJO - Correo Legítimo,0,Ninguno (Legítimo),0.119,0.005,0.263,0.1,Saludo genérico impersonal,0.07
822,soporte@actualiza-credenciales-pagos.net,Solicitud urgente de transferencia de fondos - Confidencial,1,Spear Phishing / CEO Fraud,CRÍTICO - Phishing Confirmado (Cuarentena),1,Spear Phishing / CEO Fraud,0.744,0.987,0.676,0.45,"Dominio sospechoso con TLD de alto riesgo (.xyz, .tk, .top, etc.); Urgencia/Amenaza de bloqueo: urgente; Patrón de Spear Phishing / CEO Fraud: confidencial",0.794
823,elena.sanchez@techcorp.com,Solicitud de revisión de código - Pull Request #619,0,Ninguno (Legítimo),BAJO - Correo Legítimo,0,Ninguno (Legítimo),0.069,0.006,0.119,0.1,Saludo genérico impersonal,0.069
824,notificaciones-cloudservices@soporte-urgente-banco.xyz,Su contraseña de correo expira hoy - Conserve su acceso,1,Password Reset / Tech Support Scam,CRÍTICO - Phishing Confirmado (Cuarentena),1,Password Reset / Tech Support Scam,0.749,0.987,0.561,0.63,"Dominio sospechoso con TLD de alto riesgo (.xyz, .tk, .top, etc.); Urgencia/Amenaza de bloqueo: urgente; Solicitud de credenciales/acceso: contrasena, credenciales; Saludo genérico impersonal",0.966
825,soporte@banc0-verificacion-segura.com,Solicitud urgente de transferencia de fondos - Confidencial,1,Spear Phishing / CEO Fraud,CRÍTICO - Phishing Confirmado (Cuarentena),1,Spear Phishing / CEO Fraud,0.681,0.987,0.676,0.2,Urgencia/Amenaza de bloqueo: urgente; Patrón de Spear Phishing / CEO Fraud: confidencial,0.918
826,ana.rodriguez@servicio-cliente.com,Informe mensual de rendimiento de la plataforma,0,Ninguno (Legítimo),BAJO - Correo Legítimo,0,Ninguno (Legítimo),0.062,0.005,0.172,0.0,Ninguno,0.104
827,lucia.fernandez@bancorivera.com,Informe mensual de rendimiento de la plataforma,0,Ninguno (Legítimo),BAJO - Correo Legítimo,0,Ninguno (Legítimo),0.111,0.006,0.311,0.0,Ninguno,0.084
828,camila.fernandez@gobierno.gob.ec,Confirmación de registro al evento Integración API REST,0,Ninguno (Legítimo),BAJO - Correo Legítimo,0,Ninguno (Legítimo),0.094,0.006,0.262,0.0,Ninguno,0.062
829,soporte@techcorp-admin-portal.tk,Notificación de entrega fallida - Su paquete #49581 requiere pago de arancel,1,Package Delivery Scam,ALTO - Probable Phishing (Bloqueo Preventivo),1,Package Delivery Scam,0.635,0.986,0.366,0.45,"Dominio sospechoso con TLD de alto riesgo (.xyz, .tk, .top, etc.); Fraude de paquetería o aduanas: numero de rastreo; Saludo genérico impersonal",0.829
830,maria.mendoza@logisticaexpress.com,Solicitud de revisión de código - Pull Request #367,0,Ninguno (Legítimo),BAJO - Correo Legítimo,0,Ninguno (Legítimo),0.053,0.007,0.143,0.0,Ninguno,0.076
831,roberto.lopez@gobierno.gob.ec,Invitación: Taller sobre CSS Responsivo,0,Ninguno (Legítimo),BAJO - Correo Legítimo,0,Ninguno (Legítimo),0.119,0.005,0.262,0.1,Saludo genérico impersonal,0.048
832,carlos.castro@mail.com,Resumen semanal de actividades del equipo Recursos Humanos,0,Ninguno (Legítimo),BAJO - Correo Legítimo,0,Ninguno (Legítimo),0.053,0.006,0.146,0.0,Ninguno,0.056
833,lucia.rios@servicio-cliente.com,Recordatorio: Mantenimiento programado de Base de Datos,0,Ninguno (Legítimo),BAJO - Correo Legítimo,0,Ninguno (Legítimo),0.09,0.006,0.18,0.1,Saludo genérico impersonal,0.015
834,luis.perez@mail.com,Invitación: Taller sobre Arquitectura Cliente-Servidor,0,Ninguno (Legítimo),BAJO - Correo Legítimo,0,Ninguno (Legítimo),0.05,0.006,0.136,0.0,Ninguno,0.092
835,sofia.morales@servicio-cliente.com,Resumen semanal de actividades del equipo Recursos Humanos,0,Ninguno (Legítimo),BAJO - Correo Legítimo,0,Ninguno (Legítimo),0.111,0.006,0.311,0.0,Ninguno,0.065
836,notificaciones-cloudservices@verificate-ahora-login.org,Factura vencida #63545 - Notificación final de cobro judicial,1,Fake Invoice / Malware Attachment,CRÍTICO - Phishing Confirmado (Cuarentena),1,Fake Invoice / Malware Attachment,0.756,0.986,0.54,0.69,"Archivo adjunto ejecutable o empaquetado de riesgo (.exe, .zip, .js, etc.); Amenaza legal o cobro de facturas: cobro judicial, factura vencida; Saludo genérico impersonal",0.926
837,roberto.perez@empresa.com,Informe mensual de rendimiento de la plataforma,0,Ninguno (Legítimo),BAJO - Correo Legítimo,0,Ninguno (Legítimo),0.071,0.005,0.126,0.1,Saludo genérico impersonal,0.05
838,roberto.ramirez@empresa.com,Consulta sobre la entrega del módulo HTML5 Semántico,0,Ninguno (Legítimo),BAJO - Correo Legítimo,0,Ninguno (Legítimo),0.094,0.006,0.262,0.0,Ninguno,0.08
839,notificaciones-megamarket@verificate-ahora-login.org,Solicitud urgente de transferencia de fondos - Confidencial,1,Spear Phishing / CEO Fraud,CRÍTICO - Phishing Confirmado (Cuarentena),1,Spear Phishing / CEO Fraud,0.681,0.987,0.676,0.2,Urgencia/Amenaza de bloqueo: urgente; Patrón de Spear Phishing / CEO Fraud: confidencial,0.942
840,soporte@logistica-express-rastreo.info,Solicitud urgente de transferencia de fondos - Confidencial,1,Spear Phishing / CEO Fraud,CRÍTICO - Phishing Confirmado (Cuarentena),1,Spear Phishing / CEO Fraud,0.744,0.987,0.676,0.45,"Dominio sospechoso con TLD de alto riesgo (.xyz, .tk, .top, etc.); Urgencia/Amenaza de bloqueo: urgente; Patrón de Spear Phishing / CEO Fraud: confidencial",0.939
841,diego.ramirez@servicio-cliente.com,Informe mensual de rendimiento de la plataforma,0,Ninguno (Legítimo),BAJO - Correo Legítimo,0,Ninguno (Legítimo),0.046,0.006,0.124,0.0,Ninguno,0.1
842,carlos.castro@bancorivera.com,Consulta sobre la entrega del módulo Arquitectura Cliente-Servidor,0,Ninguno (Legítimo),BAJO - Correo Legítimo,0,Ninguno (Legítimo),0.083,0.004,0.232,0.0,Ninguno,0.134
843,ana.martinez@empresa.com,Reunión de seguimiento - Proyecto Diseño UX/UI,0,Ninguno (Legítimo),BAJO - Correo Legítimo,0,Ninguno (Legítimo),0.112,0.007,0.311,0.0,Ninguno,0.03
844,soporte@actualiza-credenciales-pagos.net,Notificación de entrega fallida - Su paquete #41859 requiere pago de arancel,1,Package Delivery Scam,CRÍTICO - Phishing Confirmado (Cuarentena),1,Package Delivery Scam,0.66,0.986,0.366,0.55,"Dominio sospechoso con TLD de alto riesgo (.xyz, .tk, .top, etc.); Solicitud de credenciales/acceso: credenciales; Fraude de paquetería o aduanas: numero de rastreo; Saludo genérico impersonal",0.816
845,fernando.sanchez@gobierno.gob.ec,Informe mensual de rendimiento de la plataforma,0,Ninguno (Legítimo),BAJO - Correo Legítimo,0,Ninguno (Legítimo),0.121,0.006,0.266,0.1,Saludo genérico impersonal,0.031
846,soporte@techcorp-admin-portal.tk,Notificación de entrega fallida - Su paquete #30749 requiere pago de arancel,1,Package Delivery Scam,ALTO - Probable Phishing (Bloqueo Preventivo),1,Package Delivery Scam,0.635,0.986,0.366,0.45,"Dominio sospechoso con TLD de alto riesgo (.xyz, .tk, .top, etc.); Fraude de paquetería o aduanas: numero de rastreo; Saludo genérico impersonal",0.87
847,soporte@soporte-urgente-banco.xyz,Factura vencida #93461 - Notificación final de cobro judicial,1,Fake Invoice / Malware Attachment,CRÍTICO - Phishing Confirmado (Cuarentena),1,Fake Invoice / Malware Attachment,0.818,0.986,0.54,0.94,"Dominio sospechoso con TLD de alto riesgo (.xyz, .tk, .top, etc.); Archivo adjunto ejecutable o empaquetado de riesgo (.exe, .zip, .js, etc.); Amenaza legal o cobro de facturas: cobro judicial, factura vencida; Saludo genérico impersonal",0.903
848,notificaciones-cloudservices@verificate-ahora-login.org,Factura vencida #32335 - Notificación final de cobro judicial,1,Fake Invoice / Malware Attachment,CRÍTICO - Phishing Confirmado (Cuarentena),1,Fake Invoice / Malware Attachment,0.756,0.986,0.54,0.69,"Archivo adjunto ejecutable o empaquetado de riesgo (.exe, .zip, .js, etc.); Amenaza legal o cobro de facturas: cobro judicial, factura vencida; Saludo genérico impersonal",0.945
849,elena.rios@servicio-cliente.com,Recordatorio: Mantenimiento programado de Servidor Node.js,0,Ninguno (Legítimo),BAJO - Correo Legítimo,0,Ninguno (Legítimo),0.066,0.006,0.183,0.0,Ninguno,0.039
850,notificaciones-banconacional@verificate-ahora-login.org,Factura vencida #93707 - Notificación final de cobro judicial,1,Fake Invoice / Malware Attachment,CRÍTICO - Phishing Confirmado (Cuarentena),1,Fake Invoice / Malware Attachment,0.756,0.985,0.54,0.69,"Archivo adjunto ejecutable o empaquetado de riesgo (.exe, .zip, .js, etc.); Amenaza legal o cobro de facturas: cobro judicial, factura vencida; Saludo genérico impersonal",0.973
851,roberto.vargas@empresa.edu.ec,Confirmación de registro al evento Plataforma Web,0,Ninguno (Legítimo),BAJO - Correo Legítimo,0,Ninguno (Legítimo),0.082,0.006,0.226,0.0,Ninguno,0.083
852,notificaciones-logisticaexpress@banc0-verificacion-segura.com,Solicitud urgente de transferencia de fondos - Confidencial,1,Spear Phishing / CEO Fraud,CRÍTICO - Phishing Confirmado (Cuarentena),1,Spear Phishing / CEO Fraud,0.681,0.987,0.676,0.2,Urgencia/Amenaza de bloqueo: urgente; Patrón de Spear Phishing / CEO Fraud: confidencial,0.796
853,soporte@actualiza-credenciales-pagos.net,Solicitud urgente de transferencia de fondos - Confidencial,1,Spear Phishing / CEO Fraud,CRÍTICO - Phishing Confirmado (Cuarentena),1,Spear Phishing / CEO Fraud,0.744,0.987,0.676,0.45,"Dominio sospechoso con TLD de alto riesgo (.xyz, .tk, .top, etc.); Urgencia/Amenaza de bloqueo: urgente; Patrón de Spear Phishing / CEO Fraud: confidencial",0.871
854,maria.torres@empresa.edu.ec,Informe mensual de rendimiento de la plataforma,0,Ninguno (Legítimo),BAJO - Correo Legítimo,0,Ninguno (Legítimo),0.087,0.006,0.241,0.0,Ninguno,0.09
855,carlos.martinez@empresa.com,Solicitud de revisión de código - Pull Request #377,0,Ninguno (Legítimo),BAJO - Correo Legítimo,0,Ninguno (Legítimo),0.053,0.007,0.143,0.0,Ninguno,0.05
856,sofia.vargas@servicio-cliente.com,Factura de servicio #874 de Septiembre,0,Ninguno (Legítimo),BAJO - Correo Legítimo,0,Ninguno (Legítimo),0.109,0.007,0.233,0.1,Saludo genérico impersonal,0.079
857,soporte@techcorp-admin-portal.tk,Notificación de entrega fallida - Su paquete #80594 requiere pago de arancel,1,Package Delivery Scam,ALTO - Probable Phishing (Bloqueo Preventivo),1,Package Delivery Scam,0.635,0.986,0.366,0.45,"Dominio sospechoso con TLD de alto riesgo (.xyz, .tk, .top, etc.); Fraude de paquetería o aduanas: numero de rastreo; Saludo genérico impersonal",0.817
858,notificaciones-globalnet@techcorp-admin-portal.tk,URGENTE: Suspención temporal de su cuenta bancaria por actividad sospechosa,1,Credential Harvesting,CRÍTICO - Phishing Confirmado (Cuarentena),1,Credential Harvesting,0.885,0.987,0.758,0.9,"Protocolo HTTP no seguro (inseguro para credenciales/pagos); Dominio sospechoso con TLD de alto riesgo (.xyz, .tk, .top, etc.); Urgencia/Amenaza de bloqueo: actividad sospechosa, bloqueada, inmediatamente; Solicitud de credenciales/acceso: portal de verificacion; Saludo genérico impersonal",0.872
859,notificaciones-plataformaeducativa@verificate-ahora-login.org,Notificación de entrega fallida - Su paquete #72098 requiere pago de arancel,1,Package Delivery Scam,ALTO - Probable Phishing (Bloqueo Preventivo),1,Package Delivery Scam,0.573,0.986,0.368,0.2,Fraude de paquetería o aduanas: numero de rastreo; Saludo genérico impersonal,0.843
860,gabriel.castro@mail.com,Confirmación de registro al evento Auditoría de Seguridad,0,Ninguno (Legítimo),BAJO - Correo Legítimo,0,Ninguno (Legítimo),0.097,0.006,0.199,0.1,Saludo genérico impersonal,0.018
861,carlos.rios@logisticaexpress.com,Resumen semanal de actividades del equipo Desarrollo,0,Ninguno (Legítimo),BAJO - Correo Legítimo,0,Ninguno (Legítimo),0.068,0.006,0.115,0.1,Saludo genérico impersonal,0.121
862,fernando.rodriguez@empresa.edu.ec,Resumen semanal de actividades del equipo Desarrollo,0,Ninguno (Legítimo),BAJO - Correo Legítimo,0,Ninguno (Legítimo),0.067,0.005,0.115,0.1,Saludo genérico impersonal,0.106
863,ana.rodriguez@bancorivera.com,Confirmación de registro al evento Integración API REST,0,Ninguno (Legítimo),BAJO - Correo Legítimo,0,Ninguno (Legítimo),0.096,0.006,0.195,0.1,Saludo genérico impersonal,0.029
864,sofia.ramirez@logisticaexpress.com,Minuta de la reunión de planificación del sprint #190,0,Ninguno (Legítimo),BAJO - Correo Legítimo,0,Ninguno (Legítimo),0.062,0.005,0.172,0.0,Ninguno,0.088
865,gabriel.rios@mail.com,Informe mensual de rendimiento de la plataforma,0,Ninguno (Legítimo),BAJO - Correo Legítimo,0,Ninguno (Legítimo),0.071,0.005,0.126,0.1,Saludo genérico impersonal,0.061
866,soporte@banc0-verificacion-segura.com,Solicitud urgente de transferencia de fondos - Confidencial,1,Spear Phishing / CEO Fraud,CRÍTICO - Phishing Confirmado (Cuarentena),1,Spear Phishing / CEO Fraud,0.681,0.987,0.676,0.2,Urgencia/Amenaza de bloqueo: urgente; Patrón de Spear Phishing / CEO Fraud: confidencial,0.917
867,ana.morales@mail.com,Minuta de la reunión de planificación del sprint #603,0,Ninguno (Legítimo),BAJO - Correo Legítimo,0,Ninguno (Legítimo),0.112,0.007,0.311,0.0,Ninguno,0.089
868,andres.ramirez@logisticaexpress.com,Factura de servicio #885 de Diciembre,0,Ninguno (Legítimo),BAJO - Correo Legítimo,0,Ninguno (Legítimo),0.121,0.008,0.266,0.1,Saludo genérico impersonal,0.101
869,soporte@logistica-express-rastreo.info,URGENTE: Suspención temporal de su cuenta bancaria por actividad sospechosa,1,Credential Harvesting,CRÍTICO - Phishing Confirmado (Cuarentena),1,Credential Harvesting,0.883,0.987,0.752,0.9,"Protocolo HTTP no seguro (inseguro para credenciales/pagos); Dominio sospechoso con TLD de alto riesgo (.xyz, .tk, .top, etc.); Urgencia/Amenaza de bloqueo: actividad sospechosa, bloqueada, inmediatamente; Solicitud de credenciales/acceso: portal de verificacion; Saludo genérico impersonal",0.966
870,notificaciones-cloudservices@verificate-ahora-login.org,Solicitud urgente de transferencia de fondos - Confidencial,1,Spear Phishing / CEO Fraud,CRÍTICO - Phishing Confirmado (Cuarentena),1,Spear Phishing / CEO Fraud,0.681,0.987,0.676,0.2,Urgencia/Amenaza de bloqueo: urgente; Patrón de Spear Phishing / CEO Fraud: confidencial,0.891
871,soporte@soporte-urgente-banco.xyz,Solicitud urgente de transferencia de fondos - Confidencial,1,Spear Phishing / CEO Fraud,CRÍTICO - Phishing Confirmado (Cuarentena),1,Spear Phishing / CEO Fraud,0.744,0.987,0.676,0.45,"Dominio sospechoso con TLD de alto riesgo (.xyz, .tk, .top, etc.); Urgencia/Amenaza de bloqueo: urgente; Patrón de Spear Phishing / CEO Fraud: confidencial",0.882
872,gabriel.perez@logisticaexpress.com,Resumen semanal de actividades del equipo Infraestructura,0,Ninguno (Legítimo),BAJO - Correo Legítimo,0,Ninguno (Legítimo),0.066,0.006,0.183,0.0,Ninguno,0.014
873,diego.fernandez@bancorivera.com,Informe mensual de rendimiento de la plataforma,0,Ninguno (Legítimo),BAJO - Correo Legítimo,0,Ninguno (Legítimo),0.113,0.006,0.315,0.0,Ninguno,0.023
874,notificaciones-cloudservices@logistica-express-rastreo.info,URGENTE: Suspención temporal de su cuenta bancaria por actividad sospechosa,1,Credential Harvesting,CRÍTICO - Phishing Confirmado (Cuarentena),1,Credential Harvesting,0.883,0.987,0.752,0.9,"Protocolo HTTP no seguro (inseguro para credenciales/pagos); Dominio sospechoso con TLD de alto riesgo (.xyz, .tk, .top, etc.); Urgencia/Amenaza de bloqueo: actividad sospechosa, bloqueada, inmediatamente; Solicitud de credenciales/acceso: portal de verificacion; Saludo genérico impersonal",0.894
875,soporte@banc0-verificacion-segura.com,Su contraseña de correo expira hoy - Conserve su acceso,1,Password Reset / Tech Support Scam,CRÍTICO - Phishing Confirmado (Cuarentena),1,Password Reset / Tech Support Scam,0.666,0.987,0.56,0.3,"Solicitud de credenciales/acceso: contrasena, credenciales; Saludo genérico impersonal",0.941
876,valentina.rios@gobierno.gob.ec,Resumen semanal de actividades del equipo Desarrollo,0,Ninguno (Legítimo),BAJO - Correo Legítimo,0,Ninguno (Legítimo),0.066,0.006,0.182,0.0,Ninguno,0.016
877,jorge.castro@servicio-cliente.com,Reunión de seguimiento - Proyecto Integración API REST,0,Ninguno (Legítimo),BAJO - Correo Legítimo,0,Ninguno (Legítimo),0.067,0.005,0.115,0.1,Saludo genérico impersonal,0.125
878,lucia.rodriguez@techcorp.com,Reunión de seguimiento - Proyecto Migración a la Nube,0,Ninguno (Legítimo),BAJO - Correo Legítimo,0,Ninguno (Legítimo),0.045,0.004,0.123,0.0,Ninguno,0.055
879,valentina.gomez@empresa.com,Solicitud de revisión de código - Pull Request #839,0,Ninguno (Legítimo),BAJO - Correo Legítimo,0,Ninguno (Legítimo),0.089,0.006,0.248,0.0,Ninguno,0.136
880,soporte@logistica-express-rastreo.info,Su contraseña de correo expira hoy - Conserve su acceso,1,Password Reset / Tech Support Scam,CRÍTICO - Phishing Confirmado (Cuarentena),1,Password Reset / Tech Support Scam,0.705,0.987,0.493,0.55,"Dominio sospechoso con TLD de alto riesgo (.xyz, .tk, .top, etc.); Solicitud de credenciales/acceso: contrasena, credenciales; Saludo genérico impersonal",0.89
881,camila.torres@logisticaexpress.com,Recordatorio: Mantenimiento programado de Base de Datos,0,Ninguno (Legítimo),BAJO - Correo Legítimo,0,Ninguno (Legítimo),0.134,0.006,0.376,0.0,Ninguno,0.114
882,fernando.lopez@gobierno.gob.ec,Confirmación de registro al evento Diseño UX/UI,0,Ninguno (Legítimo),BAJO - Correo Legítimo,0,Ninguno (Legítimo),0.096,0.006,0.195,0.1,Saludo genérico impersonal,0.062
883,notificaciones-techcorp@actualiza-credenciales-pagos.net,Solicitud urgente de transferencia de fondos - Confidencial,1,Spear Phishing / CEO Fraud,CRÍTICO - Phishing Confirmado (Cuarentena),1,Spear Phishing / CEO Fraud,0.744,0.987,0.676,0.45,"Dominio sospechoso con TLD de alto riesgo (.xyz, .tk, .top, etc.); Urgencia/Amenaza de bloqueo: urgente; Patrón de Spear Phishing / CEO Fraud: confidencial",0.922
884,notificaciones-globalnet@seguridad-cuenta-alert.online,Factura vencida #55075 - Notificación final de cobro judicial,1,Fake Invoice / Malware Attachment,CRÍTICO - Phishing Confirmado (Cuarentena),1,Fake Invoice / Malware Attachment,0.756,0.986,0.54,0.69,"Archivo adjunto ejecutable o empaquetado de riesgo (.exe, .zip, .js, etc.); Amenaza legal o cobro de facturas: cobro judicial, factura vencida; Saludo genérico impersonal",0.97
885,andres.rodriguez@gobierno.gob.ec,Minuta de la reunión de planificación del sprint #445,0,Ninguno (Legítimo),BAJO - Correo Legítimo,0,Ninguno (Legítimo),0.046,0.007,0.124,0.0,Ninguno,0.074
886,soporte@techcorp-admin-portal.tk,Factura vencida #13331 - Notificación final de cobro judicial,1,Fake Invoice / Malware Attachment,CRÍTICO - Phishing Confirmado (Cuarentena),1,Fake Invoice / Malware Attachment,0.818,0.986,0.54,0.94,"Dominio sospechoso con TLD de alto riesgo (.xyz, .tk, .top, etc.); Archivo adjunto ejecutable o empaquetado de riesgo (.exe, .zip, .js, etc.); Amenaza legal o cobro de facturas: cobro judicial, factura vencida; Saludo genérico impersonal",0.987
887,sofia.torres@empresa.com,Minuta de la reunión de planificación del sprint #184,0,Ninguno (Legítimo),BAJO - Correo Legítimo,0,Ninguno (Legítimo),0.121,0.006,0.266,0.1,Saludo genérico impersonal,0.128
888,notificaciones-banconacional@seguridad-cuenta-alert.online,Su contraseña de correo expira hoy - Conserve su acceso,1,Password Reset / Tech Support Scam,CRÍTICO - Phishing Confirmado (Cuarentena),1,Password Reset / Tech Support Scam,0.669,0.987,0.57,0.3,"Solicitud de credenciales/acceso: contrasena, credenciales; Saludo genérico impersonal",0.874
889,notificaciones-globalnet@techcorp-admin-portal.tk,Solicitud urgente de transferencia de fondos - Confidencial,1,Spear Phishing / CEO Fraud,CRÍTICO - Phishing Confirmado (Cuarentena),1,Spear Phishing / CEO Fraud,0.744,0.987,0.676,0.45,"Dominio sospechoso con TLD de alto riesgo (.xyz, .tk, .top, etc.); Urgencia/Amenaza de bloqueo: urgente; Patrón de Spear Phishing / CEO Fraud: confidencial",0.908
890,notificaciones-plataformaeducativa@soporte-urgente-banco.xyz,Factura vencida #61088 - Notificación final de cobro judicial,1,Fake Invoice / Malware Attachment,CRÍTICO - Phishing Confirmado (Cuarentena),1,Fake Invoice / Malware Attachment,0.818,0.985,0.54,0.94,"Dominio sospechoso con TLD de alto riesgo (.xyz, .tk, .top, etc.); Archivo adjunto ejecutable o empaquetado de riesgo (.exe, .zip, .js, etc.); Amenaza legal o cobro de facturas: cobro judicial, factura vencida; Saludo genérico impersonal",0.931
891,soporte@techcorp-admin-portal.tk,Solicitud urgente de transferencia de fondos - Confidencial,1,Spear Phishing / CEO Fraud,CRÍTICO - Phishing Confirmado (Cuarentena),1,Spear Phishing / CEO Fraud,0.744,0.987,0.676,0.45,"Dominio sospechoso con TLD de alto riesgo (.xyz, .tk, .top, etc.); Urgencia/Amenaza de bloqueo: urgente; Patrón de Spear Phishing / CEO Fraud: confidencial",0.85
892,soporte@logistica-express-rastreo.info,Factura vencida #87518 - Notificación final de cobro judicial,1,Fake Invoice / Malware Attachment,CRÍTICO - Phishing Confirmado (Cuarentena),1,Fake Invoice / Malware Attachment,0.818,0.986,0.54,0.94,"Dominio sospechoso con TLD de alto riesgo (.xyz, .tk, .top, etc.); Archivo adjunto ejecutable o empaquetado de riesgo (.exe, .zip, .js, etc.); Amenaza legal o cobro de facturas: cobro judicial, factura vencida; Saludo genérico impersonal",0.919
893,notificaciones-logisticaexpress@logistica-express-rastreo.info,Solicitud urgente de transferencia de fondos - Confidencial,1,Spear Phishing / CEO Fraud,CRÍTICO - Phishing Confirmado (Cuarentena),1,Spear Phishing / CEO Fraud,0.744,0.987,0.676,0.45,"Dominio sospechoso con TLD de alto riesgo (.xyz, .tk, .top, etc.); Urgencia/Amenaza de bloqueo: urgente; Patrón de Spear Phishing / CEO Fraud: confidencial",0.782
894,notificaciones-logisticaexpress@techcorp-admin-portal.tk,Solicitud urgente de transferencia de fondos - Confidencial,1,Spear Phishing / CEO Fraud,CRÍTICO - Phishing Confirmado (Cuarentena),1,Spear Phishing / CEO Fraud,0.744,0.987,0.676,0.45,"Dominio sospechoso con TLD de alto riesgo (.xyz, .tk, .top, etc.); Urgencia/Amenaza de bloqueo: urgente; Patrón de Spear Phishing / CEO Fraud: confidencial",0.872
895,roberto.rios@gobierno.gob.ec,Factura de servicio #741 de Mayo,0,Ninguno (Legítimo),BAJO - Correo Legítimo,0,Ninguno (Legítimo),0.121,0.007,0.266,0.1,Saludo genérico impersonal,0.083
896,notificaciones-servipagos@logistica-express-rastreo.info,Factura vencida #17425 - Notificación final de cobro judicial,1,Fake Invoice / Malware Attachment,CRÍTICO - Phishing Confirmado (Cuarentena),1,Fake Invoice / Malware Attachment,0.818,0.986,0.54,0.94,"Dominio sospechoso con TLD de alto riesgo (.xyz, .tk, .top, etc.); Archivo adjunto ejecutable o empaquetado de riesgo (.exe, .zip, .js, etc.); Amenaza legal o cobro de facturas: cobro judicial, factura vencida; Saludo genérico impersonal",0.911
897,lucia.rodriguez@bancorivera.com,Factura de servicio #830 de Octubre,0,Ninguno (Legítimo),BAJO - Correo Legítimo,0,Ninguno (Legítimo),0.109,0.007,0.233,0.1,Saludo genérico impersonal,0.103
898,notificaciones-servipagos@verificate-ahora-login.org,URGENTE: Suspención temporal de su cuenta bancaria por actividad sospechosa,1,Credential Harvesting,CRÍTICO - Phishing Confirmado (Cuarentena),1,Credential Harvesting,0.82,0.987,0.752,0.65,"Protocolo HTTP no seguro (inseguro para credenciales/pagos); Urgencia/Amenaza de bloqueo: actividad sospechosa, bloqueada, inmediatamente; Solicitud de credenciales/acceso: portal de verificacion; Saludo genérico impersonal",0.866
899,ana.sanchez@servicio-cliente.com,Informe mensual de rendimiento de la plataforma,0,Ninguno (Legítimo),BAJO - Correo Legítimo,0,Ninguno (Legítimo),0.113,0.006,0.315,0.0,Ninguno,0.04
900,soporte@techcorp-admin-portal.tk,URGENTE: Suspención temporal de su cuenta bancaria por actividad sospechosa,1,Credential Harvesting,CRÍTICO - Phishing Confirmado (Cuarentena),1,Credential Harvesting,0.885,0.987,0.758,0.9,"Protocolo HTTP no seguro (inseguro para credenciales/pagos); Dominio sospechoso con TLD de alto riesgo (.xyz, .tk, .top, etc.); Urgencia/Amenaza de bloqueo: actividad sospechosa, bloqueada, inmediatamente; Solicitud de credenciales/acceso: portal de verificacion; Saludo genérico impersonal",0.946
901,gabriel.torres@gobierno.gob.ec,Recordatorio: Mantenimiento programado de API REST,0,Ninguno (Legítimo),BAJO - Correo Legítimo,0,Ninguno (Legítimo),0.119,0.006,0.263,0.1,Saludo genérico impersonal,0.128
902,maria.castro@empresa.edu.ec,Consulta sobre la entrega del módulo Arquitectura Cliente-Servidor,0,Ninguno (Legítimo),BAJO - Correo Legítimo,0,Ninguno (Legítimo),0.108,0.005,0.304,0.0,Ninguno,0.13
903,elena.sanchez@bancorivera.com,Factura de servicio #294 de Septiembre,0,Ninguno (Legítimo),BAJO - Correo Legítimo,0,Ninguno (Legítimo),0.121,0.007,0.266,0.1,Saludo genérico impersonal,0.066
904,fernando.lopez@mail.com,Minuta de la reunión de planificación del sprint #462,0,Ninguno (Legítimo),BAJO - Correo Legítimo,0,Ninguno (Legítimo),0.062,0.006,0.171,0.0,Ninguno,0.096
905,patricia.morales@techcorp.com,Invitación: Taller sobre CSS Responsivo,0,Ninguno (Legítimo),BAJO - Correo Legítimo,0,Ninguno (Legítimo),0.064,0.007,0.104,0.1,Saludo genérico impersonal,0.101
906,soporte@logistica-express-rastreo.info,Factura vencida #82918 - Notificación final de cobro judicial,1,Fake Invoice / Malware Attachment,CRÍTICO - Phishing Confirmado (Cuarentena),1,Fake Invoice / Malware Attachment,0.818,0.986,0.54,0.94,"Dominio sospechoso con TLD de alto riesgo (.xyz, .tk, .top, etc.); Archivo adjunto ejecutable o empaquetado de riesgo (.exe, .zip, .js, etc.); Amenaza legal o cobro de facturas: cobro judicial, factura vencida; Saludo genérico impersonal",0.973
907,lucia.mendoza@gobierno.gob.ec,Consulta sobre la entrega del módulo CSS Responsivo,0,Ninguno (Legítimo),BAJO - Correo Legítimo,0,Ninguno (Legítimo),0.126,0.005,0.353,0.0,Ninguno,0.144
908,notificaciones-globalnet@soporte-urgente-banco.xyz,Su contraseña de correo expira hoy - Conserve su acceso,1,Password Reset / Tech Support Scam,CRÍTICO - Phishing Confirmado (Cuarentena),1,Password Reset / Tech Support Scam,0.749,0.987,0.561,0.63,"Dominio sospechoso con TLD de alto riesgo (.xyz, .tk, .top, etc.); Urgencia/Amenaza de bloqueo: urgente; Solicitud de credenciales/acceso: contrasena, credenciales; Saludo genérico impersonal",0.928
909,andres.ramirez@servicio-cliente.com,Informe mensual de rendimiento de la plataforma,0,Ninguno (Legítimo),BAJO - Correo Legítimo,0,Ninguno (Legítimo),0.072,0.006,0.126,0.1,Saludo genérico impersonal,0.088
910,notificaciones-logisticaexpress@techcorp-admin-portal.tk,URGENTE: Suspención temporal de su cuenta bancaria por actividad sospechosa,1,Credential Harvesting,CRÍTICO - Phishing Confirmado (Cuarentena),1,Credential Harvesting,0.885,0.987,0.758,0.9,"Protocolo HTTP no seguro (inseguro para credenciales/pagos); Dominio sospechoso con TLD de alto riesgo (.xyz, .tk, .top, etc.); Urgencia/Amenaza de bloqueo: actividad sospechosa, bloqueada, inmediatamente; Solicitud de credenciales/acceso: portal de verificacion; Saludo genérico impersonal",0.952
911,andres.martinez@gobierno.gob.ec,Confirmación de registro al evento Integración API REST,0,Ninguno (Legítimo),BAJO - Correo Legítimo,0,Ninguno (Legítimo),0.082,0.006,0.226,0.0,Ninguno,0.054
912,notificaciones-plataformaeducativa@verificate-ahora-login.org,URGENTE: Suspención temporal de su cuenta bancaria por actividad sospechosa,1,Credential Harvesting,CRÍTICO - Phishing Confirmado (Cuarentena),1,Credential Harvesting,0.82,0.987,0.752,0.65,"Protocolo HTTP no seguro (inseguro para credenciales/pagos); Urgencia/Amenaza de bloqueo: actividad sospechosa, bloqueada, inmediatamente; Solicitud de credenciales/acceso: portal de verificacion; Saludo genérico impersonal",0.953
913,notificaciones-servipagos@soporte-urgente-banco.xyz,URGENTE: Suspención temporal de su cuenta bancaria por actividad sospechosa,1,Credential Harvesting,CRÍTICO - Phishing Confirmado (Cuarentena),1,Password Reset / Tech Support Scam,0.88,0.987,0.742,0.9,"Protocolo HTTP no seguro (inseguro para credenciales/pagos); Dominio sospechoso con TLD de alto riesgo (.xyz, .tk, .top, etc.); Urgencia/Amenaza de bloqueo: actividad sospechosa, bloqueada, inmediatamente; Solicitud de credenciales/acceso: portal de verificacion; Saludo genérico impersonal",0.93
914,jorge.rios@mail.com,Recordatorio: Mantenimiento programado de Base de Datos,0,Ninguno (Legítimo),BAJO - Correo Legítimo,0,Ninguno (Legítimo),0.09,0.006,0.18,0.1,Saludo genérico impersonal,0.023
915,soporte@logistica-express-rastreo.info,Notificación de entrega fallida - Su paquete #22324 requiere pago de arancel,1,Package Delivery Scam,ALTO - Probable Phishing (Bloqueo Preventivo),1,Package Delivery Scam,0.636,0.986,0.368,0.45,"Dominio sospechoso con TLD de alto riesgo (.xyz, .tk, .top, etc.); Fraude de paquetería o aduanas: numero de rastreo; Saludo genérico impersonal",0.897
916,carlos.gomez@mail.com,Consulta sobre la entrega del módulo WCAG 2.2 y ARIA,0,Ninguno (Legítimo),BAJO - Correo Legítimo,0,Ninguno (Legítimo),0.15,0.005,0.35,0.1,Saludo genérico impersonal,0.099
917,lucia.ramirez@techcorp.com,Informe mensual de rendimiento de la plataforma,0,Ninguno (Legítimo),BAJO - Correo Legítimo,0,Ninguno (Legítimo),0.046,0.006,0.124,0.0,Ninguno,0.015
918,elena.ramirez@techcorp.com,Factura de servicio #609 de Junio,0,Ninguno (Legítimo),BAJO - Correo Legítimo,0,Ninguno (Legítimo),0.109,0.006,0.233,0.1,Saludo genérico impersonal,0.14
919,gabriel.perez@mail.com,Recordatorio: Mantenimiento programado de Servicio de Autenticación,0,Ninguno (Legítimo),BAJO - Correo Legítimo,0,Ninguno (Legítimo),0.109,0.005,0.306,0.0,Ninguno,0.138
920,gabriel.morales@empresa.com,Minuta de la reunión de planificación del sprint #758,0,Ninguno (Legítimo),BAJO - Correo Legítimo,0,Ninguno (Legítimo),0.121,0.007,0.266,0.1,Saludo genérico impersonal,0.051
921,carlos.torres@empresa.edu.ec,Confirmación de registro al evento Diseño UX/UI,0,Ninguno (Legítimo),BAJO - Correo Legítimo,0,Ninguno (Legítimo),0.094,0.005,0.262,0.0,Ninguno,0.118
922,elena.vargas@mail.com,Reunión de seguimiento - Proyecto Plataforma Web,0,Ninguno (Legítimo),BAJO - Correo Legítimo,0,Ninguno (Legítimo),0.066,0.004,0.183,0.0,Ninguno,0.145
923,notificaciones-megamarket@actualiza-credenciales-pagos.net,URGENTE: Suspención temporal de su cuenta bancaria por actividad sospechosa,1,Credential Harvesting,CRÍTICO - Phishing Confirmado (Cuarentena),1,Credential Harvesting,0.912,0.987,0.762,1.0,"Protocolo HTTP no seguro (inseguro para credenciales/pagos); Dominio sospechoso con TLD de alto riesgo (.xyz, .tk, .top, etc.); Urgencia/Amenaza de bloqueo: actividad sospechosa, bloqueada, inmediatamente; Solicitud de credenciales/acceso: portal de verificacion, credenciales; Saludo genérico impersonal",0.975
924,ana.fernandez@logisticaexpress.com,Factura de servicio #397 de Julio,0,Ninguno (Legítimo),BAJO - Correo Legítimo,0,Ninguno (Legítimo),0.121,0.008,0.266,0.1,Saludo genérico impersonal,0.062
925,fernando.fernandez@gobierno.gob.ec,Resumen semanal de actividades del equipo Soporte Técnico,0,Ninguno (Legítimo),BAJO - Correo Legítimo,0,Ninguno (Legítimo),0.129,0.006,0.291,0.1,Saludo genérico impersonal,0.049
926,ana.castro@servicio-cliente.com,Recordatorio: Mantenimiento programado de Servidor Node.js,0,Ninguno (Legítimo),BAJO - Correo Legítimo,0,Ninguno (Legítimo),0.068,0.006,0.115,0.1,Saludo genérico impersonal,0.019
927,sofia.rios@gobierno.gob.ec,Factura de servicio #879 de Septiembre,0,Ninguno (Legítimo),BAJO - Correo Legítimo,0,Ninguno (Legítimo),0.109,0.006,0.233,0.1,Saludo genérico impersonal,0.038
928,patricia.gomez@empresa.com,Recordatorio: Mantenimiento programado de Servicio de Autenticación,0,Ninguno (Legítimo),BAJO - Correo Legítimo,0,Ninguno (Legítimo),0.069,0.005,0.119,0.1,Saludo genérico impersonal,0.113
929,gabriel.gomez@bancorivera.com,Recordatorio: Mantenimiento programado de API REST,0,Ninguno (Legítimo),BAJO - Correo Legítimo,0,Ninguno (Legítimo),0.109,0.006,0.306,0.0,Ninguno,0.065
930,soporte@soporte-urgente-banco.xyz,Solicitud urgente de transferencia de fondos - Confidencial,1,Spear Phishing / CEO Fraud,CRÍTICO - Phishing Confirmado (Cuarentena),1,Spear Phishing / CEO Fraud,0.744,0.987,0.676,0.45,"Dominio sospechoso con TLD de alto riesgo (.xyz, .tk, .top, etc.); Urgencia/Amenaza de bloqueo: urgente; Patrón de Spear Phishing / CEO Fraud: confidencial",0.855
931,jorge.morales@mail.com,Reunión de seguimiento - Proyecto Plataforma Web,0,Ninguno (Legítimo),BAJO - Correo Legítimo,0,Ninguno (Legítimo),0.119,0.005,0.263,0.1,Saludo genérico impersonal,0.111
932,carlos.fernandez@bancorivera.com,Solicitud de revisión de código - Pull Request #159,0,Ninguno (Legítimo),BAJO - Correo Legítimo,0,Ninguno (Legítimo),0.109,0.006,0.306,0.0,Ninguno,0.089
933,notificaciones-megamarket@techcorp-admin-portal.tk,Factura vencida #41151 - Notificación final de cobro judicial,1,Fake Invoice / Malware Attachment,CRÍTICO - Phishing Confirmado (Cuarentena),1,Fake Invoice / Malware Attachment,0.818,0.986,0.54,0.94,"Dominio sospechoso con TLD de alto riesgo (.xyz, .tk, .top, etc.); Archivo adjunto ejecutable o empaquetado de riesgo (.exe, .zip, .js, etc.); Amenaza legal o cobro de facturas: cobro judicial, factura vencida; Saludo genérico impersonal",0.918
934,patricia.lopez@gobierno.gob.ec,Recordatorio: Mantenimiento programado de API REST,0,Ninguno (Legítimo),BAJO - Correo Legítimo,0,Ninguno (Legítimo),0.066,0.006,0.183,0.0,Ninguno,0.03
935,lucia.perez@empresa.com,Consulta sobre la entrega del módulo Arquitectura Cliente-Servidor,0,Ninguno (Legítimo),BAJO - Correo Legítimo,0,Ninguno (Legítimo),0.083,0.004,0.232,0.0,Ninguno,0.057
936,diego.ramirez@logisticaexpress.com,Solicitud de revisión de código - Pull Request #472,0,Ninguno (Legítimo),BAJO - Correo Legítimo,0,Ninguno (Legítimo),0.065,0.006,0.18,0.0,Ninguno,0.04
937,notificaciones-cloudservices@actualiza-credenciales-pagos.net,URGENTE: Suspención temporal de su cuenta bancaria por actividad sospechosa,1,Credential Harvesting,CRÍTICO - Phishing Confirmado (Cuarentena),1,Credential Harvesting,0.912,0.987,0.762,1.0,"Protocolo HTTP no seguro (inseguro para credenciales/pagos); Dominio sospechoso con TLD de alto riesgo (.xyz, .tk, .top, etc.); Urgencia/Amenaza de bloqueo: actividad sospechosa, bloqueada, inmediatamente; Solicitud de credenciales/acceso: portal de verificacion, credenciales; Saludo genérico impersonal",0.872
938,diego.fernandez@techcorp.com,Invitación: Taller sobre CSS Responsivo,0,Ninguno (Legítimo),BAJO - Correo Legítimo,0,Ninguno (Legítimo),0.119,0.005,0.262,0.1,Saludo genérico impersonal,0.068
939,maria.mendoza@empresa.edu.ec,Factura de servicio #121 de Junio,0,Ninguno (Legítimo),BAJO - Correo Legítimo,0,Ninguno (Legítimo),0.091,0.007,0.252,0.0,Ninguno,0.038
940,soporte@seguridad-cuenta-alert.online,Su contraseña de correo expira hoy - Conserve su acceso,1,Password Reset / Tech Support Scam,CRÍTICO - Phishing Confirmado (Cuarentena),1,Password Reset / Tech Support Scam,0.669,0.987,0.57,0.3,"Solicitud de credenciales/acceso: contrasena, credenciales; Saludo genérico impersonal",0.846
941,soporte@verificate-ahora-login.org,URGENTE: Suspención temporal de su cuenta bancaria por actividad sospechosa,1,Credential Harvesting,CRÍTICO - Phishing Confirmado (Cuarentena),1,Credential Harvesting,0.82,0.987,0.752,0.65,"Protocolo HTTP no seguro (inseguro para credenciales/pagos); Urgencia/Amenaza de bloqueo: actividad sospechosa, bloqueada, inmediatamente; Solicitud de credenciales/acceso: portal de verificacion; Saludo genérico impersonal",0.927
942,andres.rodriguez@bancorivera.com,Recordatorio: Mantenimiento programado de Servicio de Autenticación,0,Ninguno (Legítimo),BAJO - Correo Legítimo,0,Ninguno (Legítimo),0.052,0.005,0.143,0.0,Ninguno,0.106
943,camila.vargas@mail.com,Confirmación de registro al evento Auditoría de Seguridad,0,Ninguno (Legítimo),BAJO - Correo Legítimo,0,Ninguno (Legítimo),0.117,0.006,0.328,0.0,Ninguno,0.105
944,lucia.ramirez@servicio-cliente.com,Reunión de seguimiento - Proyecto Integración API REST,0,Ninguno (Legítimo),BAJO - Correo Legítimo,0,Ninguno (Legítimo),0.119,0.005,0.263,0.1,Saludo genérico impersonal,0.082
945,patricia.castro@gobierno.gob.ec,Invitación: Taller sobre JavaScript Moderno ES6+,0,Ninguno (Legítimo),BAJO - Correo Legítimo,0,Ninguno (Legítimo),0.064,0.006,0.104,0.1,Saludo genérico impersonal,0.102
946,sofia.fernandez@logisticaexpress.com,Informe mensual de rendimiento de la plataforma,0,Ninguno (Legítimo),BAJO - Correo Legítimo,0,Ninguno (Legítimo),0.062,0.005,0.172,0.0,Ninguno,0.122
947,fernando.morales@logisticaexpress.com,Informe mensual de rendimiento de la plataforma,0,Ninguno (Legítimo),BAJO - Correo Legítimo,0,Ninguno (Legítimo),0.062,0.006,0.171,0.0,Ninguno,0.131
948,elena.sanchez@empresa.edu.ec,Recordatorio: Mantenimiento programado de Servidor Node.js,0,Ninguno (Legítimo),BAJO - Correo Legítimo,0,Ninguno (Legítimo),0.114,0.005,0.319,0.0,Ninguno,0.113
949,gabriel.mendoza@empresa.edu.ec,Solicitud de revisión de código - Pull Request #224,0,Ninguno (Legítimo),BAJO - Correo Legítimo,0,Ninguno (Legítimo),0.109,0.006,0.306,0.0,Ninguno,0.111
950,soporte@soporte-urgente-banco.xyz,Factura vencida #91979 - Notificación final de cobro judicial,1,Fake Invoice / Malware Attachment,CRÍTICO - Phishing Confirmado (Cuarentena),1,Fake Invoice / Malware Attachment,0.818,0.986,0.54,0.94,"Dominio sospechoso con TLD de alto riesgo (.xyz, .tk, .top, etc.); Archivo adjunto ejecutable o empaquetado de riesgo (.exe, .zip, .js, etc.); Amenaza legal o cobro de facturas: cobro judicial, factura vencida; Saludo genérico impersonal",0.902
951,andres.lopez@bancorivera.com,Factura de servicio #280 de Octubre,0,Ninguno (Legítimo),BAJO - Correo Legítimo,0,Ninguno (Legítimo),0.121,0.007,0.266,0.1,Saludo genérico impersonal,0.108
952,patricia.lopez@empresa.com,Solicitud de revisión de código - Pull Request #403,0,Ninguno (Legítimo),BAJO - Correo Legítimo,0,Ninguno (Legítimo),0.066,0.006,0.182,0.0,Ninguno,0.125
953,luis.gomez@empresa.edu.ec,Informe mensual de rendimiento de la plataforma,0,Ninguno (Legítimo),BAJO - Correo Legítimo,0,Ninguno (Legítimo),0.072,0.006,0.126,0.1,Saludo genérico impersonal,0.012
954,fernando.castro@mail.com,Informe mensual de rendimiento de la plataforma,0,Ninguno (Legítimo),BAJO - Correo Legítimo,0,Ninguno (Legítimo),0.062,0.006,0.171,0.0,Ninguno,0.086
955,valentina.torres@servicio-cliente.com,Confirmación de registro al evento Diseño UX/UI,0,Ninguno (Legítimo),BAJO - Correo Legítimo,0,Ninguno (Legítimo),0.147,0.006,0.343,0.1,Saludo genérico impersonal,0.113
956,roberto.sanchez@bancorivera.com,Consulta sobre la entrega del módulo CSS Responsivo,0,Ninguno (Legítimo),BAJO - Correo Legítimo,0,Ninguno (Legítimo),0.128,0.005,0.36,0.0,Ninguno,0.065
957,soporte@soporte-urgente-banco.xyz,Solicitud urgente de transferencia de fondos - Confidencial,1,Spear Phishing / CEO Fraud,CRÍTICO - Phishing Confirmado (Cuarentena),1,Spear Phishing / CEO Fraud,0.744,0.987,0.676,0.45,"Dominio sospechoso con TLD de alto riesgo (.xyz, .tk, .top, etc.); Urgencia/Amenaza de bloqueo: urgente; Patrón de Spear Phishing / CEO Fraud: confidencial",0.863
958,lucia.rodriguez@empresa.edu.ec,Confirmación de registro al evento Diseño UX/UI,0,Ninguno (Legítimo),BAJO - Correo Legítimo,0,Ninguno (Legítimo),0.082,0.006,0.226,0.0,Ninguno,0.142
959,gabriel.vargas@gobierno.gob.ec,Solicitud de revisión de código - Pull Request #539,0,Ninguno (Legítimo),BAJO - Correo Legítimo,0,Ninguno (Legítimo),0.089,0.006,0.248,0.0,Ninguno,0.111
960,andres.sanchez@empresa.com,Resumen semanal de actividades del equipo Soporte Técnico,0,Ninguno (Legítimo),BAJO - Correo Legítimo,0,Ninguno (Legítimo),0.103,0.007,0.287,0.0,Ninguno,0.058
961,patricia.rios@logisticaexpress.com,Informe mensual de rendimiento de la plataforma,0,Ninguno (Legítimo),BAJO - Correo Legítimo,0,Ninguno (Legítimo),0.072,0.006,0.126,0.1,Saludo genérico impersonal,0.115
962,luis.torres@empresa.com,Resumen semanal de actividades del equipo Desarrollo,0,Ninguno (Legítimo),BAJO - Correo Legítimo,0,Ninguno (Legítimo),0.119,0.006,0.263,0.1,Saludo genérico impersonal,0.041
963,notificaciones-cloudservices@soporte-urgente-banco.xyz,Notificación de entrega fallida - Su paquete #73530 requiere pago de arancel,1,Package Delivery Scam,CRÍTICO - Phishing Confirmado (Cuarentena),1,Package Delivery Scam,0.71,0.986,0.523,0.53,"Dominio sospechoso con TLD de alto riesgo (.xyz, .tk, .top, etc.); Urgencia/Amenaza de bloqueo: urgente; Fraude de paquetería o aduanas: numero de rastreo; Saludo genérico impersonal",0.886
964,diego.morales@gobierno.gob.ec,Resumen semanal de actividades del equipo Ciberseguridad,0,Ninguno (Legítimo),BAJO - Correo Legítimo,0,Ninguno (Legítimo),0.119,0.006,0.263,0.1,Saludo genérico impersonal,0.03
965,notificaciones-megamarket@seguridad-cuenta-alert.online,Factura vencida #29348 - Notificación final de cobro judicial,1,Fake Invoice / Malware Attachment,CRÍTICO - Phishing Confirmado (Cuarentena),1,Fake Invoice / Malware Attachment,0.756,0.986,0.54,0.69,"Archivo adjunto ejecutable o empaquetado de riesgo (.exe, .zip, .js, etc.); Amenaza legal o cobro de facturas: cobro judicial, factura vencida; Saludo genérico impersonal",0.941
966,diego.castro@servicio-cliente.com,Invitación: Taller sobre CSS Responsivo,0,Ninguno (Legítimo),BAJO - Correo Legítimo,0,Ninguno (Legítimo),0.113,0.004,0.317,0.0,Ninguno,0.131
967,carlos.vargas@empresa.com,Confirmación de registro al evento Migración a la Nube,0,Ninguno (Legítimo),BAJO - Correo Legítimo,0,Ninguno (Legítimo),0.073,0.006,0.203,0.0,Ninguno,0.116
968,notificaciones-servipagos@actualiza-credenciales-pagos.net,URGENTE: Suspención temporal de su cuenta bancaria por actividad sospechosa,1,Credential Harvesting,CRÍTICO - Phishing Confirmado (Cuarentena),1,Credential Harvesting,0.912,0.987,0.762,1.0,"Protocolo HTTP no seguro (inseguro para credenciales/pagos); Dominio sospechoso con TLD de alto riesgo (.xyz, .tk, .top, etc.); Urgencia/Amenaza de bloqueo: actividad sospechosa, bloqueada, inmediatamente; Solicitud de credenciales/acceso: portal de verificacion, credenciales; Saludo genérico impersonal",0.982
969,soporte@seguridad-cuenta-alert.online,Notificación de entrega fallida - Su paquete #19119 requiere pago de arancel,1,Package Delivery Scam,ALTO - Probable Phishing (Bloqueo Preventivo),1,Package Delivery Scam,0.6,0.986,0.446,0.2,Fraude de paquetería o aduanas: numero de rastreo; Saludo genérico impersonal,0.81
970,andres.lopez@empresa.edu.ec,Invitación: Taller sobre HTML5 Semántico,0,Ninguno (Legítimo),BAJO - Correo Legítimo,0,Ninguno (Legítimo),0.119,0.005,0.262,0.1,Saludo genérico impersonal,0.077
971,soporte@logistica-express-rastreo.info,Notificación de entrega fallida - Su paquete #93142 requiere pago de arancel,1,Package Delivery Scam,ALTO - Probable Phishing (Bloqueo Preventivo),1,Package Delivery Scam,0.636,0.986,0.368,0.45,"Dominio sospechoso con TLD de alto riesgo (.xyz, .tk, .top, etc.); Fraude de paquetería o aduanas: numero de rastreo; Saludo genérico impersonal",0.922
972,ana.perez@logisticaexpress.com,Solicitud de revisión de código - Pull Request #603,0,Ninguno (Legítimo),BAJO - Correo Legítimo,0,Ninguno (Legítimo),0.052,0.006,0.143,0.0,Ninguno,0.136
973,soporte@verificate-ahora-login.org,Notificación de entrega fallida - Su paquete #59060 requiere pago de arancel,1,Package Delivery Scam,ALTO - Probable Phishing (Bloqueo Preventivo),1,Package Delivery Scam,0.573,0.986,0.368,0.2,Fraude de paquetería o aduanas: numero de rastreo; Saludo genérico impersonal,0.832
974,maria.vargas@gobierno.gob.ec,Informe mensual de rendimiento de la plataforma,0,Ninguno (Legítimo),BAJO - Correo Legítimo,0,Ninguno (Legítimo),0.112,0.005,0.315,0.0,Ninguno,0.016
975,diego.ramirez@gobierno.gob.ec,Confirmación de registro al evento Plataforma Web,0,Ninguno (Legítimo),BAJO - Correo Legítimo,0,Ninguno (Legítimo),0.139,0.006,0.391,0.0,Ninguno,0.053
976,notificaciones-techcorp@logistica-express-rastreo.info,Notificación de entrega fallida - Su paquete #61216 requiere pago de arancel,1,Package Delivery Scam,ALTO - Probable Phishing (Bloqueo Preventivo),1,Package Delivery Scam,0.636,0.986,0.368,0.45,"Dominio sospechoso con TLD de alto riesgo (.xyz, .tk, .top, etc.); Fraude de paquetería o aduanas: numero de rastreo; Saludo genérico impersonal",0.877
977,carlos.rios@bancorivera.com,Solicitud de revisión de código - Pull Request #151,0,Ninguno (Legítimo),BAJO - Correo Legítimo,0,Ninguno (Legítimo),0.069,0.006,0.119,0.1,Saludo genérico impersonal,0.112
978,valentina.castro@mail.com,Factura de servicio #386 de Febrero,0,Ninguno (Legítimo),BAJO - Correo Legítimo,0,Ninguno (Legítimo),0.091,0.007,0.252,0.0,Ninguno,0.03
979,carlos.rodriguez@empresa.edu.ec,Resumen semanal de actividades del equipo Ciberseguridad,0,Ninguno (Legítimo),BAJO - Correo Legítimo,0,Ninguno (Legítimo),0.053,0.006,0.146,0.0,Ninguno,0.077
980,carlos.gomez@servicio-cliente.com,Consulta sobre la entrega del módulo Arquitectura Cliente-Servidor,0,Ninguno (Legítimo),BAJO - Correo Legítimo,0,Ninguno (Legítimo),0.127,0.005,0.357,0.0,Ninguno,0.102
981,carlos.vargas@gobierno.gob.ec,Resumen semanal de actividades del equipo Recursos Humanos,0,Ninguno (Legítimo),BAJO - Correo Legítimo,0,Ninguno (Legítimo),0.053,0.006,0.146,0.0,Ninguno,0.143
982,lucia.torres@servicio-cliente.com,Minuta de la reunión de planificación del sprint #267,0,Ninguno (Legítimo),BAJO - Correo Legítimo,0,Ninguno (Legítimo),0.087,0.006,0.241,0.0,Ninguno,0.067
983,jorge.rios@servicio-cliente.com,Minuta de la reunión de planificación del sprint #517,0,Ninguno (Legítimo),BAJO - Correo Legítimo,0,Ninguno (Legítimo),0.121,0.006,0.266,0.1,Saludo genérico impersonal,0.057
984,jorge.ramirez@mail.com,Minuta de la reunión de planificación del sprint #747,0,Ninguno (Legítimo),BAJO - Correo Legítimo,0,Ninguno (Legítimo),0.072,0.006,0.126,0.1,Saludo genérico impersonal,0.021
985,carlos.martinez@techcorp.com,Resumen semanal de actividades del equipo Ciberseguridad,0,Ninguno (Legítimo),BAJO - Correo Legítimo,0,Ninguno (Legítimo),0.066,0.006,0.183,0.0,Ninguno,0.087
986,valentina.castro@empresa.edu.ec,Resumen semanal de actividades del equipo Desarrollo,0,Ninguno (Legítimo),BAJO - Correo Legítimo,0,Ninguno (Legítimo),0.111,0.006,0.311,0.0,Ninguno,0.079
987,sofia.rios@logisticaexpress.com,Minuta de la reunión de planificación del sprint #753,0,Ninguno (Legítimo),BAJO - Correo Legítimo,0,Ninguno (Legítimo),0.062,0.005,0.172,0.0,Ninguno,0.027
988,soporte@logistica-express-rastreo.info,URGENTE: Suspención temporal de su cuenta bancaria por actividad sospechosa,1,Credential Harvesting,CRÍTICO - Phishing Confirmado (Cuarentena),1,Credential Harvesting,0.883,0.987,0.752,0.9,"Protocolo HTTP no seguro (inseguro para credenciales/pagos); Dominio sospechoso con TLD de alto riesgo (.xyz, .tk, .top, etc.); Urgencia/Amenaza de bloqueo: actividad sospechosa, bloqueada, inmediatamente; Solicitud de credenciales/acceso: portal de verificacion; Saludo genérico impersonal",0.934
989,ana.vargas@servicio-cliente.com,Reunión de seguimiento - Proyecto Auditoría de Seguridad,0,Ninguno (Legítimo),BAJO - Correo Legítimo,0,Ninguno (Legítimo),0.069,0.005,0.119,0.1,Saludo genérico impersonal,0.131
990,camila.gomez@empresa.com,Reunión de seguimiento - Proyecto Plataforma Web,0,Ninguno (Legítimo),BAJO - Correo Legítimo,0,Ninguno (Legítimo),0.111,0.006,0.311,0.0,Ninguno,0.044
991,patricia.ramirez@servicio-cliente.com,Reunión de seguimiento - Proyecto Auditoría de Seguridad,0,Ninguno (Legítimo),BAJO - Correo Legítimo,0,Ninguno (Legítimo),0.069,0.005,0.119,0.1,Saludo genérico impersonal,0.023
992,andres.martinez@empresa.com,Minuta de la reunión de planificación del sprint #769,0,Ninguno (Legítimo),BAJO - Correo Legítimo,0,Ninguno (Legítimo),0.121,0.007,0.266,0.1,Saludo genérico impersonal,0.136
993,soporte@banc0-verificacion-segura.com,Factura vencida #30289 - Notificación final de cobro judicial,1,Fake Invoice / Malware Attachment,CRÍTICO - Phishing Confirmado (Cuarentena),1,Fake Invoice / Malware Attachment,0.756,0.986,0.54,0.69,"Archivo adjunto ejecutable o empaquetado de riesgo (.exe, .zip, .js, etc.); Amenaza legal o cobro de facturas: cobro judicial, factura vencida; Saludo genérico impersonal",0.933
994,soporte@actualiza-credenciales-pagos.net,Solicitud urgente de transferencia de fondos - Confidencial,1,Spear Phishing / CEO Fraud,CRÍTICO - Phishing Confirmado (Cuarentena),1,Spear Phishing / CEO Fraud,0.744,0.987,0.676,0.45,"Dominio sospechoso con TLD de alto riesgo (.xyz, .tk, .top, etc.); Urgencia/Amenaza de bloqueo: urgente; Patrón de Spear Phishing / CEO Fraud: confidencial",0.856
995,carlos.torres@servicio-cliente.com,Confirmación de registro al evento Diseño UX/UI,0,Ninguno (Legítimo),BAJO - Correo Legítimo,0,Ninguno (Legítimo),0.096,0.006,0.195,0.1,Saludo genérico impersonal,0.076
996,soporte@techcorp-admin-portal.tk,Notificación de entrega fallida - Su paquete #56876 requiere pago de arancel,1,Package Delivery Scam,ALTO - Probable Phishing (Bloqueo Preventivo),1,Package Delivery Scam,0.635,0.986,0.366,0.45,"Dominio sospechoso con TLD de alto riesgo (.xyz, .tk, .top, etc.); Fraude de paquetería o aduanas: numero de rastreo; Saludo genérico impersonal",0.947
997,elena.vargas@logisticaexpress.com,Informe mensual de rendimiento de la plataforma,0,Ninguno (Legítimo),BAJO - Correo Legítimo,0,Ninguno (Legítimo),0.121,0.006,0.266,0.1,Saludo genérico impersonal,0.091
998,soporte@techcorp-admin-portal.tk,Solicitud urgente de transferencia de fondos - Confidencial,1,Spear Phishing / CEO Fraud,CRÍTICO - Phishing Confirmado (Cuarentena),1,Spear Phishing / CEO Fraud,0.744,0.987,0.676,0.45,"Dominio sospechoso con TLD de alto riesgo (.xyz, .tk, .top, etc.); Urgencia/Amenaza de bloqueo: urgente; Patrón de Spear Phishing / CEO Fraud: confidencial",0.867
999,soporte@actualiza-credenciales-pagos.net,Notificación de entrega fallida - Su paquete #72965 requiere pago de arancel,1,Package Delivery Scam,CRÍTICO - Phishing Confirmado (Cuarentena),1,Package Delivery Scam,0.66,0.986,0.366,0.55,"Dominio sospechoso con TLD de alto riesgo (.xyz, .tk, .top, etc.); Solicitud de credenciales/acceso: credenciales; Fraude de paquetería o aduanas: numero de rastreo; Saludo genérico impersonal",0.876
1000,jorge.vargas@techcorp.com,Minuta de la reunión de planificación del sprint #248,0,Ninguno (Legítimo),BAJO - Correo Legítimo,0,Ninguno (Legítimo),0.121,0.007,0.266,0.1,Saludo genérico impersonal,0.098
1001,valentina.gomez@empresa.com,Reunión de seguimiento - Proyecto Auditoría de Seguridad,0,Ninguno (Legítimo),BAJO - Correo Legítimo,0,Ninguno (Legítimo),0.066,0.005,0.182,0.0,Ninguno,0.065
1002,elena.perez@gobierno.gob.ec,Informe mensual de rendimiento de la plataforma,0,Ninguno (Legítimo),BAJO - Correo Legítimo,0,Ninguno (Legítimo),0.046,0.006,0.124,0.0,Ninguno,0.022
1003,roberto.martinez@servicio-cliente.com,Confirmación de registro al evento Integración API REST,0,Ninguno (Legítimo),BAJO - Correo Legítimo,0,Ninguno (Legítimo),0.082,0.006,0.226,0.0,Ninguno,0.078
1004,luis.castro@servicio-cliente.com,Confirmación de registro al evento Integración API REST,0,Ninguno (Legítimo),BAJO - Correo Legítimo,0,Ninguno (Legítimo),0.094,0.005,0.263,0.0,Ninguno,0.141
1005,patricia.ramirez@logisticaexpress.com,Confirmación de registro al evento Migración a la Nube,0,Ninguno (Legítimo),BAJO - Correo Legítimo,0,Ninguno (Legítimo),0.073,0.006,0.203,0.0,Ninguno,0.069
1006,gabriel.perez@servicio-cliente.com,Solicitud de revisión de código - Pull Request #632,0,Ninguno (Legítimo),BAJO - Correo Legítimo,0,Ninguno (Legítimo),0.053,0.007,0.143,0.0,Ninguno,0.121
1007,roberto.torres@gobierno.gob.ec,Solicitud de revisión de código - Pull Request #570,0,Ninguno (Legítimo),BAJO - Correo Legítimo,0,Ninguno (Legítimo),0.109,0.006,0.306,0.0,Ninguno,0.045
1008,fernando.torres@servicio-cliente.com,Minuta de la reunión de planificación del sprint #697,0,Ninguno (Legítimo),BAJO - Correo Legítimo,0,Ninguno (Legítimo),0.111,0.006,0.311,0.0,Ninguno,0.147
1009,roberto.sanchez@empresa.edu.ec,Recordatorio: Mantenimiento programado de Servidor Node.js,0,Ninguno (Legítimo),BAJO - Correo Legítimo,0,Ninguno (Legítimo),0.067,0.007,0.183,0.0,Ninguno,0.025
1010,ana.gomez@empresa.edu.ec,Confirmación de registro al evento Auditoría de Seguridad,0,Ninguno (Legítimo),BAJO - Correo Legítimo,0,Ninguno (Legítimo),0.148,0.007,0.343,0.1,Saludo genérico impersonal,0.097
1011,jorge.gomez@mail.com,Resumen semanal de actividades del equipo Infraestructura,0,Ninguno (Legítimo),BAJO - Correo Legítimo,0,Ninguno (Legítimo),0.053,0.006,0.146,0.0,Ninguno,0.114
1012,valentina.perez@logisticaexpress.com,Informe mensual de rendimiento de la plataforma,0,Ninguno (Legítimo),BAJO - Correo Legítimo,0,Ninguno (Legítimo),0.114,0.006,0.319,0.0,Ninguno,0.043
1013,notificaciones-plataformaeducativa@banc0-verificacion-segura.com,Solicitud urgente de transferencia de fondos - Confidencial,1,Spear Phishing / CEO Fraud,CRÍTICO - Phishing Confirmado (Cuarentena),1,Spear Phishing / CEO Fraud,0.681,0.987,0.676,0.2,Urgencia/Amenaza de bloqueo: urgente; Patrón de Spear Phishing / CEO Fraud: confidencial,0.855
1014,diego.vargas@servicio-cliente.com,Consulta sobre la entrega del módulo JavaScript Moderno ES6+,0,Ninguno (Legítimo),BAJO - Correo Legítimo,0,Ninguno (Legítimo),0.094,0.007,0.262,0.0,Ninguno,0.096
1015,roberto.lopez@empresa.com,Resumen semanal de actividades del equipo Ciberseguridad,0,Ninguno (Legítimo),BAJO - Correo Legítimo,0,Ninguno (Legítimo),0.066,0.006,0.182,0.0,Ninguno,0.136
1016,andres.castro@bancorivera.com,Consulta sobre la entrega del módulo JavaScript Moderno ES6+,0,Ninguno (Legítimo),BAJO - Correo Legítimo,0,Ninguno (Legítimo),0.125,0.006,0.279,0.1,Saludo genérico impersonal,0.111
1017,fernando.sanchez@gobierno.gob.ec,Informe mensual de rendimiento de la plataforma,0,Ninguno (Legítimo),BAJO - Correo Legítimo,0,Ninguno (Legítimo),0.087,0.006,0.241,0.0,Ninguno,0.017
1018,soporte@banc0-verificacion-segura.com,Notificación de entrega fallida - Su paquete #78846 requiere pago de arancel,1,Package Delivery Scam,ALTO - Probable Phishing (Bloqueo Preventivo),1,Package Delivery Scam,0.599,0.986,0.441,0.2,Fraude de paquetería o aduanas: numero de rastreo; Saludo genérico impersonal,0.847
1019,elena.morales@empresa.edu.ec,Resumen semanal de actividades del equipo Recursos Humanos,0,Ninguno (Legítimo),BAJO - Correo Legítimo,0,Ninguno (Legítimo),0.119,0.006,0.263,0.1,Saludo genérico impersonal,0.05
1020,luis.rodriguez@empresa.edu.ec,Invitación: Taller sobre WCAG 2.2 y ARIA,0,Ninguno (Legítimo),BAJO - Correo Legítimo,0,Ninguno (Legítimo),0.065,0.004,0.182,0.0,Ninguno,0.111
1021,soporte@verificate-ahora-login.org,Notificación de entrega fallida - Su paquete #12715 requiere pago de arancel,1,Package Delivery Scam,ALTO - Probable Phishing (Bloqueo Preventivo),1,Package Delivery Scam,0.573,0.986,0.368,0.2,Fraude de paquetería o aduanas: numero de rastreo; Saludo genérico impersonal,0.827
1022,andres.perez@servicio-cliente.com,Recordatorio: Mantenimiento programado de Base de Datos,0,Ninguno (Legítimo),BAJO - Correo Legítimo,0,Ninguno (Legítimo),0.134,0.006,0.376,0.0,Ninguno,0.148
1023,notificaciones-megamarket@verificate-ahora-login.org,Su contraseña de correo expira hoy - Conserve su acceso,1,Password Reset / Tech Support Scam,ALTO - Probable Phishing (Bloqueo Preventivo),1,Password Reset / Tech Support Scam,0.642,0.986,0.493,0.3,"Solicitud de credenciales/acceso: contrasena, credenciales; Saludo genérico impersonal",0.961
1024,valentina.lopez@servicio-cliente.com,Recordatorio: Mantenimiento programado de Servidor Node.js,0,Ninguno (Legítimo),BAJO - Correo Legítimo,0,Ninguno (Legítimo),0.067,0.007,0.183,0.0,Ninguno,0.026
1025,gabriel.torres@logisticaexpress.com,Reunión de seguimiento - Proyecto Diseño UX/UI,0,Ninguno (Legítimo),BAJO - Correo Legítimo,0,Ninguno (Legítimo),0.119,0.005,0.263,0.1,Saludo genérico impersonal,0.101
1026,notificaciones-megamarket@logistica-express-rastreo.info,Notificación de entrega fallida - Su paquete #62329 requiere pago de arancel,1,Package Delivery Scam,ALTO - Probable Phishing (Bloqueo Preventivo),1,Package Delivery Scam,0.636,0.986,0.368,0.45,"Dominio sospechoso con TLD de alto riesgo (.xyz, .tk, .top, etc.); Fraude de paquetería o aduanas: numero de rastreo; Saludo genérico impersonal",0.859
1027,soporte@soporte-urgente-banco.xyz,URGENTE: Suspención temporal de su cuenta bancaria por actividad sospechosa,1,Credential Harvesting,CRÍTICO - Phishing Confirmado (Cuarentena),1,Password Reset / Tech Support Scam,0.88,0.987,0.742,0.9,"Protocolo HTTP no seguro (inseguro para credenciales/pagos); Dominio sospechoso con TLD de alto riesgo (.xyz, .tk, .top, etc.); Urgencia/Amenaza de bloqueo: actividad sospechosa, bloqueada, inmediatamente; Solicitud de credenciales/acceso: portal de verificacion; Saludo genérico impersonal",0.977
1028,ana.rios@servicio-cliente.com,Factura de servicio #460 de Marzo,0,Ninguno (Legítimo),BAJO - Correo Legítimo,0,Ninguno (Legítimo),0.147,0.007,0.413,0.0,Ninguno,0.149
1029,soporte@actualiza-credenciales-pagos.net,Su contraseña de correo expira hoy - Conserve su acceso,1,Password Reset / Tech Support Scam,CRÍTICO - Phishing Confirmado (Cuarentena),1,Password Reset / Tech Support Scam,0.703,0.987,0.487,0.55,"Dominio sospechoso con TLD de alto riesgo (.xyz, .tk, .top, etc.); Solicitud de credenciales/acceso: contrasena, credenciales; Saludo genérico impersonal",0.881
1030,ana.mendoza@empresa.edu.ec,Informe mensual de rendimiento de la plataforma,0,Ninguno (Legítimo),BAJO - Correo Legítimo,0,Ninguno (Legítimo),0.045,0.005,0.124,0.0,Ninguno,0.081
1031,fernando.lopez@techcorp.com,Resumen semanal de actividades del equipo Soporte Técnico,0,Ninguno (Legítimo),BAJO - Correo Legítimo,0,Ninguno (Legítimo),0.143,0.006,0.401,0.0,Ninguno,0.016
1032,notificaciones-plataformaeducativa@seguridad-cuenta-alert.online,Factura vencida #29876 - Notificación final de cobro judicial,1,Fake Invoice / Malware Attachment,CRÍTICO - Phishing Confirmado (Cuarentena),1,Fake Invoice / Malware Attachment,0.756,0.986,0.54,0.69,"Archivo adjunto ejecutable o empaquetado de riesgo (.exe, .zip, .js, etc.); Amenaza legal o cobro de facturas: cobro judicial, factura vencida; Saludo genérico impersonal",0.908
1033,fernando.castro@servicio-cliente.com,Factura de servicio #324 de Febrero,0,Ninguno (Legítimo),BAJO - Correo Legítimo,0,Ninguno (Legítimo),0.109,0.007,0.233,0.1,Saludo genérico impersonal,0.124
1034,gabriel.morales@techcorp.com,Solicitud de revisión de código - Pull Request #632,0,Ninguno (Legítimo),BAJO - Correo Legítimo,0,Ninguno (Legítimo),0.069,0.006,0.119,0.1,Saludo genérico impersonal,0.078
1035,ana.ramirez@gobierno.gob.ec,Invitación: Taller sobre WCAG 2.2 y ARIA,0,Ninguno (Legítimo),BAJO - Correo Legítimo,0,Ninguno (Legítimo),0.064,0.006,0.104,0.1,Saludo genérico impersonal,0.137
1036,valentina.ramirez@mail.com,Invitación: Taller sobre CSS Responsivo,0,Ninguno (Legítimo),BAJO - Correo Legítimo,0,Ninguno (Legítimo),0.115,0.004,0.324,0.0,Ninguno,0.071
1037,lucia.rodriguez@gobierno.gob.ec,Resumen semanal de actividades del equipo Soporte Técnico,0,Ninguno (Legítimo),BAJO - Correo Legítimo,0,Ninguno (Legítimo),0.151,0.007,0.352,0.1,Saludo genérico impersonal,0.05
1038,roberto.rios@empresa.edu.ec,Factura de servicio #184 de Julio,0,Ninguno (Legítimo),BAJO - Correo Legítimo,0,Ninguno (Legítimo),0.109,0.007,0.233,0.1,Saludo genérico impersonal,0.136
1039,camila.lopez@bancorivera.com,Recordatorio: Mantenimiento programado de Servidor Node.js,0,Ninguno (Legítimo),BAJO - Correo Legítimo,0,Ninguno (Legítimo),0.067,0.007,0.183,0.0,Ninguno,0.056
1040,notificaciones-plataformaeducativa@seguridad-cuenta-alert.online,Solicitud urgente de transferencia de fondos - Confidencial,1,Spear Phishing / CEO Fraud,CRÍTICO - Phishing Confirmado (Cuarentena),1,Spear Phishing / CEO Fraud,0.681,0.987,0.676,0.2,Urgencia/Amenaza de bloqueo: urgente; Patrón de Spear Phishing / CEO Fraud: confidencial,0.863
1041,soporte@banc0-verificacion-segura.com,Solicitud urgente de transferencia de fondos - Confidencial,1,Spear Phishing / CEO Fraud,CRÍTICO - Phishing Confirmado (Cuarentena),1,Spear Phishing / CEO Fraud,0.681,0.987,0.676,0.2,Urgencia/Amenaza de bloqueo: urgente; Patrón de Spear Phishing / CEO Fraud: confidencial,0.912
1042,ana.fernandez@mail.com,Recordatorio: Mantenimiento programado de API REST,0,Ninguno (Legítimo),BAJO - Correo Legítimo,0,Ninguno (Legítimo),0.066,0.006,0.183,0.0,Ninguno,0.101
1043,diego.perez@servicio-cliente.com,Recordatorio: Mantenimiento programado de Servidor Node.js,0,Ninguno (Legítimo),BAJO - Correo Legítimo,0,Ninguno (Legítimo),0.114,0.005,0.319,0.0,Ninguno,0.031
1044,gabriel.ramirez@logisticaexpress.com,Informe mensual de rendimiento de la plataforma,0,Ninguno (Legítimo),BAJO - Correo Legítimo,0,Ninguno (Legítimo),0.113,0.006,0.315,0.0,Ninguno,0.061
1045,roberto.lopez@servicio-cliente.com,Informe mensual de rendimiento de la plataforma,0,Ninguno (Legítimo),BAJO - Correo Legítimo,0,Ninguno (Legítimo),0.071,0.005,0.126,0.1,Saludo genérico impersonal,0.102
1046,fernando.fernandez@empresa.edu.ec,Informe mensual de rendimiento de la plataforma,0,Ninguno (Legítimo),BAJO - Correo Legítimo,0,Ninguno (Legítimo),0.046,0.006,0.124,0.0,Ninguno,0.095
1047,lucia.castro@mail.com,Solicitud de revisión de código - Pull Request #481,0,Ninguno (Legítimo),BAJO - Correo Legítimo,0,Ninguno (Legítimo),0.12,0.008,0.263,0.1,Saludo genérico impersonal,0.04
1048,diego.fernandez@bancorivera.com,Informe mensual de rendimiento de la plataforma,0,Ninguno (Legítimo),BAJO - Correo Legítimo,0,Ninguno (Legítimo),0.113,0.006,0.315,0.0,Ninguno,0.05
1049,notificaciones-globalnet@verificate-ahora-login.org,Factura vencida #84959 - Notificación final de cobro judicial,1,Fake Invoice / Malware Attachment,CRÍTICO - Phishing Confirmado (Cuarentena),1,Fake Invoice / Malware Attachment,0.756,0.986,0.54,0.69,"Archivo adjunto ejecutable o empaquetado de riesgo (.exe, .zip, .js, etc.); Amenaza legal o cobro de facturas: cobro judicial, factura vencida; Saludo genérico impersonal",0.972
1050,soporte@soporte-urgente-banco.xyz,Su contraseña de correo expira hoy - Conserve su acceso,1,Password Reset / Tech Support Scam,CRÍTICO - Phishing Confirmado (Cuarentena),1,Password Reset / Tech Support Scam,0.749,0.987,0.561,0.63,"Dominio sospechoso con TLD de alto riesgo (.xyz, .tk, .top, etc.); Urgencia/Amenaza de bloqueo: urgente; Solicitud de credenciales/acceso: contrasena, credenciales; Saludo genérico impersonal",0.854
1051,soporte@banc0-verificacion-segura.com,URGENTE: Suspención temporal de su cuenta bancaria por actividad sospechosa,1,Credential Harvesting,CRÍTICO - Phishing Confirmado (Cuarentena),1,Credential Harvesting,0.825,0.986,0.766,0.65,"Protocolo HTTP no seguro (inseguro para credenciales/pagos); Urgencia/Amenaza de bloqueo: actividad sospechosa, bloqueada, inmediatamente; Solicitud de credenciales/acceso: portal de verificacion; Saludo genérico impersonal",0.972
1052,sofia.mendoza@empresa.edu.ec,Resumen semanal de actividades del equipo Recursos Humanos,0,Ninguno (Legítimo),BAJO - Correo Legítimo,0,Ninguno (Legítimo),0.119,0.006,0.263,0.1,Saludo genérico impersonal,0.012
1053,maria.lopez@gobierno.gob.ec,Recordatorio: Mantenimiento programado de Servicio de Autenticación,0,Ninguno (Legítimo),BAJO - Correo Legítimo,0,Ninguno (Legítimo),0.119,0.005,0.263,0.1,Saludo genérico impersonal,0.112
1054,maria.rios@bancorivera.com,Resumen semanal de actividades del equipo Soporte Técnico,0,Ninguno (Legítimo),BAJO - Correo Legítimo,0,Ninguno (Legítimo),0.143,0.006,0.402,0.0,Ninguno,0.08
1055,luis.sanchez@empresa.edu.ec,Confirmación de registro al evento Diseño UX/UI,0,Ninguno (Legítimo),BAJO - Correo Legítimo,0,Ninguno (Legítimo),0.139,0.006,0.391,0.0,Ninguno,0.149
1056,soporte@soporte-urgente-banco.xyz,URGENTE: Suspención temporal de su cuenta bancaria por actividad sospechosa,1,Credential Harvesting,CRÍTICO - Phishing Confirmado (Cuarentena),1,Password Reset / Tech Support Scam,0.88,0.987,0.742,0.9,"Protocolo HTTP no seguro (inseguro para credenciales/pagos); Dominio sospechoso con TLD de alto riesgo (.xyz, .tk, .top, etc.); Urgencia/Amenaza de bloqueo: actividad sospechosa, bloqueada, inmediatamente; Solicitud de credenciales/acceso: portal de verificacion; Saludo genérico impersonal",0.922
1057,luis.castro@logisticaexpress.com,Informe mensual de rendimiento de la plataforma,0,Ninguno (Legítimo),BAJO - Correo Legítimo,0,Ninguno (Legítimo),0.113,0.006,0.315,0.0,Ninguno,0.015
1058,notificaciones-cloudservices@logistica-express-rastreo.info,Notificación de entrega fallida - Su paquete #10974 requiere pago de arancel,1,Package Delivery Scam,ALTO - Probable Phishing (Bloqueo Preventivo),1,Package Delivery Scam,0.636,0.986,0.368,0.45,"Dominio sospechoso con TLD de alto riesgo (.xyz, .tk, .top, etc.); Fraude de paquetería o aduanas: numero de rastreo; Saludo genérico impersonal",0.814
1059,camila.torres@mail.com,Factura de servicio #739 de Septiembre,0,Ninguno (Legítimo),BAJO - Correo Legítimo,0,Ninguno (Legítimo),0.109,0.006,0.233,0.1,Saludo genérico impersonal,0.051
1060,roberto.lopez@gobierno.gob.ec,Confirmación de registro al evento Diseño UX/UI,0,Ninguno (Legítimo),BAJO - Correo Legítimo,0,Ninguno (Legítimo),0.094,0.005,0.263,0.0,Ninguno,0.113
1061,jorge.morales@empresa.edu.ec,Confirmación de registro al evento Plataforma Web,0,Ninguno (Legítimo),BAJO - Correo Legítimo,0,Ninguno (Legítimo),0.147,0.006,0.343,0.1,Saludo genérico impersonal,0.091
1062,luis.mendoza@gobierno.gob.ec,Minuta de la reunión de planificación del sprint #773,0,Ninguno (Legítimo),BAJO - Correo Legítimo,0,Ninguno (Legítimo),0.072,0.006,0.126,0.1,Saludo genérico impersonal,0.023
1063,carlos.rodriguez@servicio-cliente.com,Reunión de seguimiento - Proyecto Auditoría de Seguridad,0,Ninguno (Legítimo),BAJO - Correo Legítimo,0,Ninguno (Legítimo),0.052,0.005,0.143,0.0,Ninguno,0.142
1064,maria.vargas@bancorivera.com,Informe mensual de rendimiento de la plataforma,0,Ninguno (Legítimo),BAJO - Correo Legítimo,0,Ninguno (Legítimo),0.046,0.006,0.124,0.0,Ninguno,0.133
1065,ana.fernandez@logisticaexpress.com,Solicitud de revisión de código - Pull Request #782,0,Ninguno (Legítimo),BAJO - Correo Legítimo,0,Ninguno (Legítimo),0.069,0.006,0.119,0.1,Saludo genérico impersonal,0.146
1066,valentina.martinez@servicio-cliente.com,Reunión de seguimiento - Proyecto Diseño UX/UI,0,Ninguno (Legítimo),BAJO - Correo Legítimo,0,Ninguno (Legítimo),0.119,0.005,0.263,0.1,Saludo genérico impersonal,0.091
1067,patricia.perez@bancorivera.com,Factura de servicio #800 de Febrero,0,Ninguno (Legítimo),BAJO - Correo Legítimo,0,Ninguno (Legítimo),0.074,0.007,0.204,0.0,Ninguno,0.01
1068,notificaciones-techcorp@logistica-express-rastreo.info,Solicitud urgente de transferencia de fondos - Confidencial,1,Spear Phishing / CEO Fraud,CRÍTICO - Phishing Confirmado (Cuarentena),1,Spear Phishing / CEO Fraud,0.744,0.987,0.676,0.45,"Dominio sospechoso con TLD de alto riesgo (.xyz, .tk, .top, etc.); Urgencia/Amenaza de bloqueo: urgente; Patrón de Spear Phishing / CEO Fraud: confidencial",0.914
1069,andres.vargas@logisticaexpress.com,Recordatorio: Mantenimiento programado de Base de Datos,0,Ninguno (Legítimo),BAJO - Correo Legítimo,0,Ninguno (Legítimo),0.09,0.006,0.18,0.1,Saludo genérico impersonal,0.143
1070,ana.mendoza@bancorivera.com,Informe mensual de rendimiento de la plataforma,0,Ninguno (Legítimo),BAJO - Correo Legítimo,0,Ninguno (Legítimo),0.121,0.006,0.266,0.1,Saludo genérico impersonal,0.05
1071,soporte@soporte-urgente-banco.xyz,Notificación de entrega fallida - Su paquete #94443 requiere pago de arancel,1,Package Delivery Scam,CRÍTICO - Phishing Confirmado (Cuarentena),1,Package Delivery Scam,0.71,0.986,0.523,0.53,"Dominio sospechoso con TLD de alto riesgo (.xyz, .tk, .top, etc.); Urgencia/Amenaza de bloqueo: urgente; Fraude de paquetería o aduanas: numero de rastreo; Saludo genérico impersonal",0.91
1072,notificaciones-banconacional@logistica-express-rastreo.info,Solicitud urgente de transferencia de fondos - Confidencial,1,Spear Phishing / CEO Fraud,CRÍTICO - Phishing Confirmado (Cuarentena),1,Spear Phishing / CEO Fraud,0.744,0.987,0.676,0.45,"Dominio sospechoso con TLD de alto riesgo (.xyz, .tk, .top, etc.); Urgencia/Amenaza de bloqueo: urgente; Patrón de Spear Phishing / CEO Fraud: confidencial",0.89
1073,lucia.morales@gobierno.gob.ec,Factura de servicio #378 de Febrero,0,Ninguno (Legítimo),BAJO - Correo Legítimo,0,Ninguno (Legítimo),0.074,0.007,0.204,0.0,Ninguno,0.144
1074,notificaciones-techcorp@verificate-ahora-login.org,Factura vencida #10441 - Notificación final de cobro judicial,1,Fake Invoice / Malware Attachment,CRÍTICO - Phishing Confirmado (Cuarentena),1,Fake Invoice / Malware Attachment,0.756,0.986,0.54,0.69,"Archivo adjunto ejecutable o empaquetado de riesgo (.exe, .zip, .js, etc.); Amenaza legal o cobro de facturas: cobro judicial, factura vencida; Saludo genérico impersonal",0.916
1075,diego.lopez@empresa.edu.ec,Invitación: Taller sobre JavaScript Moderno ES6+,0,Ninguno (Legítimo),BAJO - Correo Legítimo,0,Ninguno (Legítimo),0.064,0.006,0.104,0.1,Saludo genérico impersonal,0.104
1076,camila.ramirez@logisticaexpress.com,Resumen semanal de actividades del equipo Soporte Técnico,0,Ninguno (Legítimo),BAJO - Correo Legítimo,0,Ninguno (Legítimo),0.103,0.006,0.287,0.0,Ninguno,0.057
1077,soporte@logistica-express-rastreo.info,Solicitud urgente de transferencia de fondos - Confidencial,1,Spear Phishing / CEO Fraud,CRÍTICO - Phishing Confirmado (Cuarentena),1,Spear Phishing / CEO Fraud,0.744,0.987,0.676,0.45,"Dominio sospechoso con TLD de alto riesgo (.xyz, .tk, .top, etc.); Urgencia/Amenaza de bloqueo: urgente; Patrón de Spear Phishing / CEO Fraud: confidencial",0.871
1078,patricia.castro@logisticaexpress.com,Resumen semanal de actividades del equipo Desarrollo,0,Ninguno (Legítimo),BAJO - Correo Legítimo,0,Ninguno (Legítimo),0.068,0.006,0.115,0.1,Saludo genérico impersonal,0.027
1079,notificaciones-servipagos@verificate-ahora-login.org,Solicitud urgente de transferencia de fondos - Confidencial,1,Spear Phishing / CEO Fraud,CRÍTICO - Phishing Confirmado (Cuarentena),1,Spear Phishing / CEO Fraud,0.681,0.987,0.676,0.2,Urgencia/Amenaza de bloqueo: urgente; Patrón de Spear Phishing / CEO Fraud: confidencial,0.914
1080,elena.vargas@bancorivera.com,Informe mensual de rendimiento de la plataforma,0,Ninguno (Legítimo),BAJO - Correo Legítimo,0,Ninguno (Legítimo),0.046,0.006,0.124,0.0,Ninguno,0.092
1081,lucia.mendoza@servicio-cliente.com,Minuta de la reunión de planificación del sprint #812,0,Ninguno (Legítimo),BAJO - Correo Legítimo,0,Ninguno (Legítimo),0.062,0.005,0.172,0.0,Ninguno,0.037
1082,diego.lopez@gobierno.gob.ec,Informe mensual de rendimiento de la plataforma,0,Ninguno (Legítimo),BAJO - Correo Legítimo,0,Ninguno (Legítimo),0.121,0.006,0.266,0.1,Saludo genérico impersonal,0.061
1083,elena.torres@empresa.com,Reunión de seguimiento - Proyecto Auditoría de Seguridad,0,Ninguno (Legítimo),BAJO - Correo Legítimo,0,Ninguno (Legítimo),0.111,0.007,0.308,0.0,Ninguno,0.117
1084,notificaciones-cloudservices@soporte-urgente-banco.xyz,Solicitud urgente de transferencia de fondos - Confidencial,1,Spear Phishing / CEO Fraud,CRÍTICO - Phishing Confirmado (Cuarentena),1,Spear Phishing / CEO Fraud,0.744,0.987,0.676,0.45,"Dominio sospechoso con TLD de alto riesgo (.xyz, .tk, .top, etc.); Urgencia/Amenaza de bloqueo: urgente; Patrón de Spear Phishing / CEO Fraud: confidencial",0.807
1085,elena.ramirez@servicio-cliente.com,Invitación: Taller sobre WCAG 2.2 y ARIA,0,Ninguno (Legítimo),BAJO - Correo Legítimo,0,Ninguno (Legítimo),0.064,0.006,0.104,0.1,Saludo genérico impersonal,0.051
1086,ana.perez@empresa.edu.ec,Minuta de la reunión de planificación del sprint #590,0,Ninguno (Legítimo),BAJO - Correo Legítimo,0,Ninguno (Legítimo),0.121,0.006,0.266,0.1,Saludo genérico impersonal,0.085
1087,soporte@verificate-ahora-login.org,Solicitud urgente de transferencia de fondos - Confidencial,1,Spear Phishing / CEO Fraud,CRÍTICO - Phishing Confirmado (Cuarentena),1,Spear Phishing / CEO Fraud,0.681,0.986,0.676,0.2,Urgencia/Amenaza de bloqueo: urgente; Patrón de Spear Phishing / CEO Fraud: confidencial,0.871
1088,soporte@logistica-express-rastreo.info,URGENTE: Suspención temporal de su cuenta bancaria por actividad sospechosa,1,Credential Harvesting,CRÍTICO - Phishing Confirmado (Cuarentena),1,Credential Harvesting,0.883,0.987,0.752,0.9,"Protocolo HTTP no seguro (inseguro para credenciales/pagos); Dominio sospechoso con TLD de alto riesgo (.xyz, .tk, .top, etc.); Urgencia/Amenaza de bloqueo: actividad sospechosa, bloqueada, inmediatamente; Solicitud de credenciales/acceso: portal de verificacion; Saludo genérico impersonal",0.961
1089,luis.fernandez@empresa.edu.ec,Confirmación de registro al evento Migración a la Nube,0,Ninguno (Legítimo),BAJO - Correo Legítimo,0,Ninguno (Legítimo),0.144,0.007,0.403,0.0,Ninguno,0.119
1090,elena.mendoza@empresa.edu.ec,Factura de servicio #804 de Septiembre,0,Ninguno (Legítimo),BAJO - Correo Legítimo,0,Ninguno (Legítimo),0.091,0.006,0.252,0.0,Ninguno,0.018
1091,roberto.vargas@empresa.edu.ec,Minuta de la reunión de planificación del sprint #761,0,Ninguno (Legítimo),BAJO - Correo Legítimo,0,Ninguno (Legítimo),0.046,0.006,0.124,0.0,Ninguno,0.124
1092,luis.lopez@techcorp.com,Invitación: Taller sobre HTML5 Semántico,0,Ninguno (Legítimo),BAJO - Correo Legítimo,0,Ninguno (Legítimo),0.113,0.004,0.317,0.0,Ninguno,0.081
1093,patricia.fernandez@mail.com,Confirmación de registro al evento Auditoría de Seguridad,0,Ninguno (Legítimo),BAJO - Correo Legítimo,0,Ninguno (Legítimo),0.097,0.006,0.199,0.1,Saludo genérico impersonal,0.063
1094,soporte@soporte-urgente-banco.xyz,Notificación de entrega fallida - Su paquete #96681 requiere pago de arancel,1,Package Delivery Scam,CRÍTICO - Phishing Confirmado (Cuarentena),1,Package Delivery Scam,0.71,0.986,0.523,0.53,"Dominio sospechoso con TLD de alto riesgo (.xyz, .tk, .top, etc.); Urgencia/Amenaza de bloqueo: urgente; Fraude de paquetería o aduanas: numero de rastreo; Saludo genérico impersonal",0.931
1095,ana.fernandez@logisticaexpress.com,Resumen semanal de actividades del equipo Recursos Humanos,0,Ninguno (Legítimo),BAJO - Correo Legítimo,0,Ninguno (Legítimo),0.111,0.006,0.311,0.0,Ninguno,0.118
1096,fernando.mendoza@bancorivera.com,Factura de servicio #986 de Septiembre,0,Ninguno (Legítimo),BAJO - Correo Legítimo,0,Ninguno (Legítimo),0.146,0.006,0.411,0.0,Ninguno,0.047
1097,diego.fernandez@logisticaexpress.com,Minuta de la reunión de planificación del sprint #763,0,Ninguno (Legítimo),BAJO - Correo Legítimo,0,Ninguno (Legítimo),0.113,0.006,0.315,0.0,Ninguno,0.03
1098,valentina.martinez@techcorp.com,Reunión de seguimiento - Proyecto Diseño UX/UI,0,Ninguno (Legítimo),BAJO - Correo Legítimo,0,Ninguno (Legítimo),0.119,0.005,0.263,0.1,Saludo genérico impersonal,0.025
1099,roberto.martinez@empresa.com,Recordatorio: Mantenimiento programado de Servidor Node.js,0,Ninguno (Legítimo),BAJO - Correo Legítimo,0,Ninguno (Legítimo),0.119,0.006,0.263,0.1,Saludo genérico impersonal,0.111
1100,luis.torres@empresa.com,Invitación: Taller sobre JavaScript Moderno ES6+,0,Ninguno (Legítimo),BAJO - Correo Legítimo,0,Ninguno (Legítimo),0.111,0.005,0.311,0.0,Ninguno,0.062
1101,gabriel.castro@techcorp.com,Informe mensual de rendimiento de la plataforma,0,Ninguno (Legítimo),BAJO - Correo Legítimo,0,Ninguno (Legítimo),0.113,0.006,0.315,0.0,Ninguno,0.149
1102,notificaciones-logisticaexpress@seguridad-cuenta-alert.online,Solicitud urgente de transferencia de fondos - Confidencial,1,Spear Phishing / CEO Fraud,CRÍTICO - Phishing Confirmado (Cuarentena),1,Spear Phishing / CEO Fraud,0.681,0.987,0.676,0.2,Urgencia/Amenaza de bloqueo: urgente; Patrón de Spear Phishing / CEO Fraud: confidencial,0.93
1103,notificaciones-megamarket@banc0-verificacion-segura.com,URGENTE: Suspención temporal de su cuenta bancaria por actividad sospechosa,1,Credential Harvesting,CRÍTICO - Phishing Confirmado (Cuarentena),1,Credential Harvesting,0.825,0.986,0.766,0.65,"Protocolo HTTP no seguro (inseguro para credenciales/pagos); Urgencia/Amenaza de bloqueo: actividad sospechosa, bloqueada, inmediatamente; Solicitud de credenciales/acceso: portal de verificacion; Saludo genérico impersonal",0.951
1104,diego.torres@logisticaexpress.com,Recordatorio: Mantenimiento programado de Servidor Node.js,0,Ninguno (Legítimo),BAJO - Correo Legítimo,0,Ninguno (Legítimo),0.109,0.006,0.306,0.0,Ninguno,0.144
1105,roberto.rodriguez@servicio-cliente.com,Minuta de la reunión de planificación del sprint #978,0,Ninguno (Legítimo),BAJO - Correo Legítimo,0,Ninguno (Legítimo),0.121,0.007,0.266,0.1,Saludo genérico impersonal,0.125
1106,maria.morales@techcorp.com,Solicitud de revisión de código - Pull Request #636,0,Ninguno (Legítimo),BAJO - Correo Legítimo,0,Ninguno (Legítimo),0.069,0.006,0.119,0.1,Saludo genérico impersonal,0.047
1107,soporte@soporte-urgente-banco.xyz,Factura vencida #89920 - Notificación final de cobro judicial,1,Fake Invoice / Malware Attachment,CRÍTICO - Phishing Confirmado (Cuarentena),1,Fake Invoice / Malware Attachment,0.818,0.986,0.54,0.94,"Dominio sospechoso con TLD de alto riesgo (.xyz, .tk, .top, etc.); Archivo adjunto ejecutable o empaquetado de riesgo (.exe, .zip, .js, etc.); Amenaza legal o cobro de facturas: cobro judicial, factura vencida; Saludo genérico impersonal",0.886
1108,soporte@actualiza-credenciales-pagos.net,Solicitud urgente de transferencia de fondos - Confidencial,1,Spear Phishing / CEO Fraud,CRÍTICO - Phishing Confirmado (Cuarentena),1,Spear Phishing / CEO Fraud,0.744,0.987,0.676,0.45,"Dominio sospechoso con TLD de alto riesgo (.xyz, .tk, .top, etc.); Urgencia/Amenaza de bloqueo: urgente; Patrón de Spear Phishing / CEO Fraud: confidencial",0.784
1109,soporte@verificate-ahora-login.org,Solicitud urgente de transferencia de fondos - Confidencial,1,Spear Phishing / CEO Fraud,CRÍTICO - Phishing Confirmado (Cuarentena),1,Spear Phishing / CEO Fraud,0.681,0.987,0.676,0.2,Urgencia/Amenaza de bloqueo: urgente; Patrón de Spear Phishing / CEO Fraud: confidencial,0.857
1110,sofia.lopez@empresa.com,Reunión de seguimiento - Proyecto Auditoría de Seguridad,0,Ninguno (Legítimo),BAJO - Correo Legítimo,0,Ninguno (Legítimo),0.069,0.005,0.119,0.1,Saludo genérico impersonal,0.07
1111,valentina.mendoza@bancorivera.com,Reunión de seguimiento - Proyecto Plataforma Web,0,Ninguno (Legítimo),BAJO - Correo Legítimo,0,Ninguno (Legítimo),0.067,0.004,0.115,0.1,Saludo genérico impersonal,0.134
1112,notificaciones-servipagos@soporte-urgente-banco.xyz,URGENTE: Suspención temporal de su cuenta bancaria por actividad sospechosa,1,Credential Harvesting,CRÍTICO - Phishing Confirmado (Cuarentena),1,Password Reset / Tech Support Scam,0.88,0.987,0.742,0.9,"Protocolo HTTP no seguro (inseguro para credenciales/pagos); Dominio sospechoso con TLD de alto riesgo (.xyz, .tk, .top, etc.); Urgencia/Amenaza de bloqueo: actividad sospechosa, bloqueada, inmediatamente; Solicitud de credenciales/acceso: portal de verificacion; Saludo genérico impersonal",0.957
1113,notificaciones-plataformaeducativa@verificate-ahora-login.org,Su contraseña de correo expira hoy - Conserve su acceso,1,Password Reset / Tech Support Scam,ALTO - Probable Phishing (Bloqueo Preventivo),1,Password Reset / Tech Support Scam,0.642,0.987,0.493,0.3,"Solicitud de credenciales/acceso: contrasena, credenciales; Saludo genérico impersonal",0.893
1114,fernando.martinez@bancorivera.com,Factura de servicio #347 de Agosto,0,Ninguno (Legítimo),BAJO - Correo Legítimo,0,Ninguno (Legítimo),0.121,0.008,0.266,0.1,Saludo genérico impersonal,0.058
1115,notificaciones-cloudservices@actualiza-credenciales-pagos.net,Solicitud urgente de transferencia de fondos - Confidencial,1,Spear Phishing / CEO Fraud,CRÍTICO - Phishing Confirmado (Cuarentena),1,Spear Phishing / CEO Fraud,0.744,0.987,0.676,0.45,"Dominio sospechoso con TLD de alto riesgo (.xyz, .tk, .top, etc.); Urgencia/Amenaza de bloqueo: urgente; Patrón de Spear Phishing / CEO Fraud: confidencial",0.801
1116,notificaciones-servipagos@soporte-urgente-banco.xyz,Su contraseña de correo expira hoy - Conserve su acceso,1,Password Reset / Tech Support Scam,CRÍTICO - Phishing Confirmado (Cuarentena),1,Password Reset / Tech Support Scam,0.749,0.987,0.561,0.63,"Dominio sospechoso con TLD de alto riesgo (.xyz, .tk, .top, etc.); Urgencia/Amenaza de bloqueo: urgente; Solicitud de credenciales/acceso: contrasena, credenciales; Saludo genérico impersonal",0.863
1117,notificaciones-plataformaeducativa@seguridad-cuenta-alert.online,Factura vencida #88361 - Notificación final de cobro judicial,1,Fake Invoice / Malware Attachment,CRÍTICO - Phishing Confirmado (Cuarentena),1,Fake Invoice / Malware Attachment,0.756,0.986,0.54,0.69,"Archivo adjunto ejecutable o empaquetado de riesgo (.exe, .zip, .js, etc.); Amenaza legal o cobro de facturas: cobro judicial, factura vencida; Saludo genérico impersonal",0.943
1118,jorge.morales@mail.com,Solicitud de revisión de código - Pull Request #493,0,Ninguno (Legítimo),BAJO - Correo Legítimo,0,Ninguno (Legítimo),0.109,0.006,0.306,0.0,Ninguno,0.051
1119,maria.lopez@logisticaexpress.com,Invitación: Taller sobre Arquitectura Cliente-Servidor,0,Ninguno (Legítimo),BAJO - Correo Legítimo,0,Ninguno (Legítimo),0.115,0.004,0.324,0.0,Ninguno,0.067
1120,andres.mendoza@empresa.com,Reunión de seguimiento - Proyecto Diseño UX/UI,0,Ninguno (Legítimo),BAJO - Correo Legítimo,0,Ninguno (Legítimo),0.119,0.005,0.263,0.1,Saludo genérico impersonal,0.083
1121,notificaciones-banconacional@actualiza-credenciales-pagos.net,Su contraseña de correo expira hoy - Conserve su acceso,1,Password Reset / Tech Support Scam,CRÍTICO - Phishing Confirmado (Cuarentena),1,Password Reset / Tech Support Scam,0.702,0.986,0.487,0.55,"Dominio sospechoso con TLD de alto riesgo (.xyz, .tk, .top, etc.); Solicitud de credenciales/acceso: contrasena, credenciales; Saludo genérico impersonal",0.967
1122,gabriel.gomez@techcorp.com,Consulta sobre la entrega del módulo WCAG 2.2 y ARIA,0,Ninguno (Legítimo),BAJO - Correo Legítimo,0,Ninguno (Legítimo),0.108,0.005,0.304,0.0,Ninguno,0.023
1123,diego.gomez@servicio-cliente.com,Consulta sobre la entrega del módulo CSS Responsivo,0,Ninguno (Legítimo),BAJO - Correo Legítimo,0,Ninguno (Legítimo),0.128,0.005,0.36,0.0,Ninguno,0.045
1124,notificaciones-banconacional@soporte-urgente-banco.xyz,Su contraseña de correo expira hoy - Conserve su acceso,1,Password Reset / Tech Support Scam,CRÍTICO - Phishing Confirmado (Cuarentena),1,Password Reset / Tech Support Scam,0.749,0.987,0.561,0.63,"Dominio sospechoso con TLD de alto riesgo (.xyz, .tk, .top, etc.); Urgencia/Amenaza de bloqueo: urgente; Solicitud de credenciales/acceso: contrasena, credenciales; Saludo genérico impersonal",0.945
1125,notificaciones-servipagos@logistica-express-rastreo.info,Su contraseña de correo expira hoy - Conserve su acceso,1,Password Reset / Tech Support Scam,CRÍTICO - Phishing Confirmado (Cuarentena),1,Password Reset / Tech Support Scam,0.705,0.987,0.493,0.55,"Dominio sospechoso con TLD de alto riesgo (.xyz, .tk, .top, etc.); Solicitud de credenciales/acceso: contrasena, credenciales; Saludo genérico impersonal",0.838
1126,diego.rios@mail.com,Reunión de seguimiento - Proyecto Plataforma Web,0,Ninguno (Legítimo),BAJO - Correo Legítimo,0,Ninguno (Legítimo),0.066,0.004,0.183,0.0,Ninguno,0.021
1127,elena.rios@logisticaexpress.com,Solicitud de revisión de código - Pull Request #553,0,Ninguno (Legítimo),BAJO - Correo Legítimo,0,Ninguno (Legítimo),0.066,0.006,0.182,0.0,Ninguno,0.048
1128,ana.castro@servicio-cliente.com,Recordatorio: Mantenimiento programado de Base de Datos,0,Ninguno (Legítimo),BAJO - Correo Legítimo,0,Ninguno (Legítimo),0.084,0.007,0.231,0.0,Ninguno,0.013
1129,elena.ramirez@empresa.edu.ec,Invitación: Taller sobre WCAG 2.2 y ARIA,0,Ninguno (Legítimo),BAJO - Correo Legítimo,0,Ninguno (Legítimo),0.119,0.005,0.262,0.1,Saludo genérico impersonal,0.038
1130,soporte@soporte-urgente-banco.xyz,Solicitud urgente de transferencia de fondos - Confidencial,1,Spear Phishing / CEO Fraud,CRÍTICO - Phishing Confirmado (Cuarentena),1,Spear Phishing / CEO Fraud,0.744,0.986,0.676,0.45,"Dominio sospechoso con TLD de alto riesgo (.xyz, .tk, .top, etc.); Urgencia/Amenaza de bloqueo: urgente; Patrón de Spear Phishing / CEO Fraud: confidencial",0.938
1131,carlos.fernandez@empresa.edu.ec,Resumen semanal de actividades del equipo Infraestructura,0,Ninguno (Legítimo),BAJO - Correo Legítimo,0,Ninguno (Legítimo),0.068,0.006,0.115,0.1,Saludo genérico impersonal,0.086
1132,luis.vargas@gobierno.gob.ec,Invitación: Taller sobre HTML5 Semántico,0,Ninguno (Legítimo),BAJO - Correo Legítimo,0,Ninguno (Legítimo),0.113,0.005,0.317,0.0,Ninguno,0.03
1133,sofia.gomez@logisticaexpress.com,Informe mensual de rendimiento de la plataforma,0,Ninguno (Legítimo),BAJO - Correo Legítimo,0,Ninguno (Legítimo),0.111,0.006,0.311,0.0,Ninguno,0.14
1134,carlos.rios@techcorp.com,Factura de servicio #999 de Noviembre,0,Ninguno (Legítimo),BAJO - Correo Legítimo,0,Ninguno (Legítimo),0.121,0.008,0.266,0.1,Saludo genérico impersonal,0.047
1135,andres.perez@empresa.com,Resumen semanal de actividades del equipo Recursos Humanos,0,Ninguno (Legítimo),BAJO - Correo Legítimo,0,Ninguno (Legítimo),0.053,0.006,0.146,0.0,Ninguno,0.105
1136,soporte@logistica-express-rastreo.info,URGENTE: Suspención temporal de su cuenta bancaria por actividad sospechosa,1,Credential Harvesting,CRÍTICO - Phishing Confirmado (Cuarentena),1,Credential Harvesting,0.883,0.987,0.752,0.9,"Protocolo HTTP no seguro (inseguro para credenciales/pagos); Dominio sospechoso con TLD de alto riesgo (.xyz, .tk, .top, etc.); Urgencia/Amenaza de bloqueo: actividad sospechosa, bloqueada, inmediatamente; Solicitud de credenciales/acceso: portal de verificacion; Saludo genérico impersonal",0.98
1137,notificaciones-techcorp@logistica-express-rastreo.info,Solicitud urgente de transferencia de fondos - Confidencial,1,Spear Phishing / CEO Fraud,CRÍTICO - Phishing Confirmado (Cuarentena),1,Spear Phishing / CEO Fraud,0.744,0.987,0.676,0.45,"Dominio sospechoso con TLD de alto riesgo (.xyz, .tk, .top, etc.); Urgencia/Amenaza de bloqueo: urgente; Patrón de Spear Phishing / CEO Fraud: confidencial",0.783
1138,elena.perez@mail.com,Confirmación de registro al evento Migración a la Nube,0,Ninguno (Legítimo),BAJO - Correo Legítimo,0,Ninguno (Legítimo),0.09,0.005,0.252,0.0,Ninguno,0.085
1139,luis.morales@techcorp.com,Factura de servicio #684 de Octubre,0,Ninguno (Legítimo),BAJO - Correo Legítimo,0,Ninguno (Legítimo),0.146,0.006,0.411,0.0,Ninguno,0.088
1140,carlos.lopez@techcorp.com,Reunión de seguimiento - Proyecto Auditoría de Seguridad,0,Ninguno (Legítimo),BAJO - Correo Legítimo,0,Ninguno (Legítimo),0.052,0.005,0.143,0.0,Ninguno,0.11
1141,notificaciones-servipagos@verificate-ahora-login.org,Su contraseña de correo expira hoy - Conserve su acceso,1,Password Reset / Tech Support Scam,ALTO - Probable Phishing (Bloqueo Preventivo),1,Password Reset / Tech Support Scam,0.642,0.987,0.493,0.3,"Solicitud de credenciales/acceso: contrasena, credenciales; Saludo genérico impersonal",0.863
1142,andres.rodriguez@mail.com,Recordatorio: Mantenimiento programado de Servicio de Autenticación,0,Ninguno (Legítimo),BAJO - Correo Legítimo,0,Ninguno (Legítimo),0.119,0.005,0.263,0.1,Saludo genérico impersonal,0.085
1143,luis.ramirez@empresa.edu.ec,Informe mensual de rendimiento de la plataforma,0,Ninguno (Legítimo),BAJO - Correo Legítimo,0,Ninguno (Legítimo),0.121,0.006,0.266,0.1,Saludo genérico impersonal,0.13
1144,jorge.sanchez@logisticaexpress.com,Informe mensual de rendimiento de la plataforma,0,Ninguno (Legítimo),BAJO - Correo Legítimo,0,Ninguno (Legítimo),0.071,0.005,0.126,0.1,Saludo genérico impersonal,0.1
1145,carlos.vargas@mail.com,Consulta sobre la entrega del módulo JavaScript Moderno ES6+,0,Ninguno (Legítimo),BAJO - Correo Legítimo,0,Ninguno (Legítimo),0.127,0.005,0.357,0.0,Ninguno,0.104
1146,soporte@soporte-urgente-banco.xyz,Notificación de entrega fallida - Su paquete #33927 requiere pago de arancel,1,Package Delivery Scam,CRÍTICO - Phishing Confirmado (Cuarentena),1,Package Delivery Scam,0.71,0.986,0.523,0.53,"Dominio sospechoso con TLD de alto riesgo (.xyz, .tk, .top, etc.); Urgencia/Amenaza de bloqueo: urgente; Fraude de paquetería o aduanas: numero de rastreo; Saludo genérico impersonal",0.863
1147,notificaciones-logisticaexpress@techcorp-admin-portal.tk,Solicitud urgente de transferencia de fondos - Confidencial,1,Spear Phishing / CEO Fraud,CRÍTICO - Phishing Confirmado (Cuarentena),1,Spear Phishing / CEO Fraud,0.744,0.987,0.676,0.45,"Dominio sospechoso con TLD de alto riesgo (.xyz, .tk, .top, etc.); Urgencia/Amenaza de bloqueo: urgente; Patrón de Spear Phishing / CEO Fraud: confidencial",0.921
1148,soporte@soporte-urgente-banco.xyz,Solicitud urgente de transferencia de fondos - Confidencial,1,Spear Phishing / CEO Fraud,CRÍTICO - Phishing Confirmado (Cuarentena),1,Spear Phishing / CEO Fraud,0.744,0.987,0.676,0.45,"Dominio sospechoso con TLD de alto riesgo (.xyz, .tk, .top, etc.); Urgencia/Amenaza de bloqueo: urgente; Patrón de Spear Phishing / CEO Fraud: confidencial",0.909
1149,elena.fernandez@logisticaexpress.com,Resumen semanal de actividades del equipo Desarrollo,0,Ninguno (Legítimo),BAJO - Correo Legítimo,0,Ninguno (Legítimo),0.053,0.006,0.146,0.0,Ninguno,0.025
1150,fernando.fernandez@mail.com,Reunión de seguimiento - Proyecto Auditoría de Seguridad,0,Ninguno (Legítimo),BAJO - Correo Legítimo,0,Ninguno (Legítimo),0.111,0.007,0.308,0.0,Ninguno,0.037
1151,camila.ramirez@servicio-cliente.com,Recordatorio: Mantenimiento programado de API REST,0,Ninguno (Legítimo),BAJO - Correo Legítimo,0,Ninguno (Legítimo),0.066,0.006,0.183,0.0,Ninguno,0.121
1152,soporte@soporte-urgente-banco.xyz,Notificación de entrega fallida - Su paquete #69464 requiere pago de arancel,1,Package Delivery Scam,CRÍTICO - Phishing Confirmado (Cuarentena),1,Package Delivery Scam,0.71,0.986,0.523,0.53,"Dominio sospechoso con TLD de alto riesgo (.xyz, .tk, .top, etc.); Urgencia/Amenaza de bloqueo: urgente; Fraude de paquetería o aduanas: numero de rastreo; Saludo genérico impersonal",0.852
1153,soporte@logistica-express-rastreo.info,Factura vencida #78750 - Notificación final de cobro judicial,1,Fake Invoice / Malware Attachment,CRÍTICO - Phishing Confirmado (Cuarentena),1,Fake Invoice / Malware Attachment,0.818,0.986,0.54,0.94,"Dominio sospechoso con TLD de alto riesgo (.xyz, .tk, .top, etc.); Archivo adjunto ejecutable o empaquetado de riesgo (.exe, .zip, .js, etc.); Amenaza legal o cobro de facturas: cobro judicial, factura vencida; Saludo genérico impersonal",0.927
1154,maria.martinez@empresa.edu.ec,Reunión de seguimiento - Proyecto Auditoría de Seguridad,0,Ninguno (Legítimo),BAJO - Correo Legítimo,0,Ninguno (Legítimo),0.052,0.005,0.143,0.0,Ninguno,0.143
1155,soporte@techcorp-admin-portal.tk,Su contraseña de correo expira hoy - Conserve su acceso,1,Password Reset / Tech Support Scam,CRÍTICO - Phishing Confirmado (Cuarentena),1,Password Reset / Tech Support Scam,0.702,0.986,0.486,0.55,"Dominio sospechoso con TLD de alto riesgo (.xyz, .tk, .top, etc.); Solicitud de credenciales/acceso: contrasena, credenciales; Saludo genérico impersonal",0.874
1156,soporte@soporte-urgente-banco.xyz,Solicitud urgente de transferencia de fondos - Confidencial,1,Spear Phishing / CEO Fraud,CRÍTICO - Phishing Confirmado (Cuarentena),1,Spear Phishing / CEO Fraud,0.744,0.987,0.676,0.45,"Dominio sospechoso con TLD de alto riesgo (.xyz, .tk, .top, etc.); Urgencia/Amenaza de bloqueo: urgente; Patrón de Spear Phishing / CEO Fraud: confidencial",0.942
1157,andres.martinez@gobierno.gob.ec,Recordatorio: Mantenimiento programado de API REST,0,Ninguno (Legítimo),BAJO - Correo Legítimo,0,Ninguno (Legítimo),0.066,0.006,0.183,0.0,Ninguno,0.113
1158,sofia.ramirez@empresa.edu.ec,Factura de servicio #931 de Enero,0,Ninguno (Legítimo),BAJO - Correo Legítimo,0,Ninguno (Legítimo),0.147,0.007,0.411,0.0,Ninguno,0.016
1159,luis.perez@techcorp.com,Factura de servicio #918 de Enero,0,Ninguno (Legítimo),BAJO - Correo Legítimo,0,Ninguno (Legítimo),0.091,0.007,0.252,0.0,Ninguno,0.058
1160,notificaciones-logisticaexpress@soporte-urgente-banco.xyz,URGENTE: Suspención temporal de su cuenta bancaria por actividad sospechosa,1,Credential Harvesting,CRÍTICO - Phishing Confirmado (Cuarentena),1,Password Reset / Tech Support Scam,0.88,0.987,0.742,0.9,"Protocolo HTTP no seguro (inseguro para credenciales/pagos); Dominio sospechoso con TLD de alto riesgo (.xyz, .tk, .top, etc.); Urgencia/Amenaza de bloqueo: actividad sospechosa, bloqueada, inmediatamente; Solicitud de credenciales/acceso: portal de verificacion; Saludo genérico impersonal",0.923
1161,patricia.fernandez@servicio-cliente.com,Informe mensual de rendimiento de la plataforma,0,Ninguno (Legítimo),BAJO - Correo Legítimo,0,Ninguno (Legítimo),0.087,0.006,0.241,0.0,Ninguno,0.128
1162,luis.morales@logisticaexpress.com,Recordatorio: Mantenimiento programado de Base de Datos,0,Ninguno (Legítimo),BAJO - Correo Legítimo,0,Ninguno (Legítimo),0.142,0.006,0.327,0.1,Saludo genérico impersonal,0.038
1163,notificaciones-servipagos@logistica-express-rastreo.info,URGENTE: Suspención temporal de su cuenta bancaria por actividad sospechosa,1,Credential Harvesting,CRÍTICO - Phishing Confirmado (Cuarentena),1,Credential Harvesting,0.883,0.987,0.752,0.9,"Protocolo HTTP no seguro (inseguro para credenciales/pagos); Dominio sospechoso con TLD de alto riesgo (.xyz, .tk, .top, etc.); Urgencia/Amenaza de bloqueo: actividad sospechosa, bloqueada, inmediatamente; Solicitud de credenciales/acceso: portal de verificacion; Saludo genérico impersonal",0.908
1164,elena.mendoza@servicio-cliente.com,Consulta sobre la entrega del módulo Arquitectura Cliente-Servidor,0,Ninguno (Legítimo),BAJO - Correo Legítimo,0,Ninguno (Legítimo),0.125,0.006,0.279,0.1,Saludo genérico impersonal,0.075
1165,soporte@actualiza-credenciales-pagos.net,Factura vencida #84870 - Notificación final de cobro judicial,1,Fake Invoice / Malware Attachment,CRÍTICO - Phishing Confirmado (Cuarentena),1,Fake Invoice / Malware Attachment,0.818,0.986,0.54,0.94,"Dominio sospechoso con TLD de alto riesgo (.xyz, .tk, .top, etc.); Archivo adjunto ejecutable o empaquetado de riesgo (.exe, .zip, .js, etc.); Amenaza legal o cobro de facturas: cobro judicial, factura vencida; Saludo genérico impersonal",0.948
1166,maria.fernandez@bancorivera.com,Minuta de la reunión de planificación del sprint #989,0,Ninguno (Legítimo),BAJO - Correo Legítimo,0,Ninguno (Legítimo),0.114,0.006,0.319,0.0,Ninguno,0.074
1167,notificaciones-techcorp@actualiza-credenciales-pagos.net,Notificación de entrega fallida - Su paquete #32615 requiere pago de arancel,1,Package Delivery Scam,CRÍTICO - Phishing Confirmado (Cuarentena),1,Package Delivery Scam,0.66,0.986,0.366,0.55,"Dominio sospechoso con TLD de alto riesgo (.xyz, .tk, .top, etc.); Solicitud de credenciales/acceso: credenciales; Fraude de paquetería o aduanas: numero de rastreo; Saludo genérico impersonal",0.891
1168,gabriel.vargas@empresa.edu.ec,Invitación: Taller sobre WCAG 2.2 y ARIA,0,Ninguno (Legítimo),BAJO - Correo Legítimo,0,Ninguno (Legítimo),0.089,0.005,0.249,0.0,Ninguno,0.101
1169,fernando.fernandez@empresa.edu.ec,Informe mensual de rendimiento de la plataforma,0,Ninguno (Legítimo),BAJO - Correo Legítimo,0,Ninguno (Legítimo),0.087,0.006,0.241,0.0,Ninguno,0.045
1170,notificaciones-techcorp@techcorp-admin-portal.tk,Su contraseña de correo expira hoy - Conserve su acceso,1,Password Reset / Tech Support Scam,CRÍTICO - Phishing Confirmado (Cuarentena),1,Password Reset / Tech Support Scam,0.702,0.986,0.486,0.55,"Dominio sospechoso con TLD de alto riesgo (.xyz, .tk, .top, etc.); Solicitud de credenciales/acceso: contrasena, credenciales; Saludo genérico impersonal",0.911
1171,andres.rodriguez@techcorp.com,Reunión de seguimiento - Proyecto Migración a la Nube,0,Ninguno (Legítimo),BAJO - Correo Legítimo,0,Ninguno (Legítimo),0.116,0.007,0.323,0.0,Ninguno,0.04
1172,carlos.mendoza@empresa.edu.ec,Recordatorio: Mantenimiento programado de Servidor Node.js,0,Ninguno (Legítimo),BAJO - Correo Legítimo,0,Ninguno (Legítimo),0.119,0.006,0.263,0.1,Saludo genérico impersonal,0.015
1173,notificaciones-cloudservices@techcorp-admin-portal.tk,Notificación de entrega fallida - Su paquete #37601 requiere pago de arancel,1,Package Delivery Scam,ALTO - Probable Phishing (Bloqueo Preventivo),1,Package Delivery Scam,0.635,0.986,0.366,0.45,"Dominio sospechoso con TLD de alto riesgo (.xyz, .tk, .top, etc.); Fraude de paquetería o aduanas: numero de rastreo; Saludo genérico impersonal",0.857
1174,soporte@banc0-verificacion-segura.com,Solicitud urgente de transferencia de fondos - Confidencial,1,Spear Phishing / CEO Fraud,CRÍTICO - Phishing Confirmado (Cuarentena),1,Spear Phishing / CEO Fraud,0.681,0.986,0.676,0.2,Urgencia/Amenaza de bloqueo: urgente; Patrón de Spear Phishing / CEO Fraud: confidencial,0.846
1175,notificaciones-globalnet@soporte-urgente-banco.xyz,URGENTE: Suspención temporal de su cuenta bancaria por actividad sospechosa,1,Credential Harvesting,CRÍTICO - Phishing Confirmado (Cuarentena),1,Password Reset / Tech Support Scam,0.88,0.987,0.742,0.9,"Protocolo HTTP no seguro (inseguro para credenciales/pagos); Dominio sospechoso con TLD de alto riesgo (.xyz, .tk, .top, etc.); Urgencia/Amenaza de bloqueo: actividad sospechosa, bloqueada, inmediatamente; Solicitud de credenciales/acceso: portal de verificacion; Saludo genérico impersonal",0.93
1176,lucia.vargas@bancorivera.com,Factura de servicio #410 de Abril,0,Ninguno (Legítimo),BAJO - Correo Legítimo,0,Ninguno (Legítimo),0.147,0.008,0.411,0.0,Ninguno,0.096
1177,soporte@techcorp-admin-portal.tk,Solicitud urgente de transferencia de fondos - Confidencial,1,Spear Phishing / CEO Fraud,CRÍTICO - Phishing Confirmado (Cuarentena),1,Spear Phishing / CEO Fraud,0.744,0.987,0.676,0.45,"Dominio sospechoso con TLD de alto riesgo (.xyz, .tk, .top, etc.); Urgencia/Amenaza de bloqueo: urgente; Patrón de Spear Phishing / CEO Fraud: confidencial",0.944
1178,notificaciones-servipagos@actualiza-credenciales-pagos.net,URGENTE: Suspención temporal de su cuenta bancaria por actividad sospechosa,1,Credential Harvesting,CRÍTICO - Phishing Confirmado (Cuarentena),1,Credential Harvesting,0.912,0.987,0.762,1.0,"Protocolo HTTP no seguro (inseguro para credenciales/pagos); Dominio sospechoso con TLD de alto riesgo (.xyz, .tk, .top, etc.); Urgencia/Amenaza de bloqueo: actividad sospechosa, bloqueada, inmediatamente; Solicitud de credenciales/acceso: portal de verificacion, credenciales; Saludo genérico impersonal",0.979
1179,luis.rodriguez@empresa.edu.ec,Consulta sobre la entrega del módulo CSS Responsivo,0,Ninguno (Legítimo),BAJO - Correo Legítimo,0,Ninguno (Legítimo),0.094,0.006,0.262,0.0,Ninguno,0.111
1180,diego.gomez@gobierno.gob.ec,Solicitud de revisión de código - Pull Request #297,0,Ninguno (Legítimo),BAJO - Correo Legítimo,0,Ninguno (Legítimo),0.109,0.006,0.306,0.0,Ninguno,0.102
1181,elena.rodriguez@empresa.edu.ec,Invitación: Taller sobre Arquitectura Cliente-Servidor,0,Ninguno (Legítimo),BAJO - Correo Legítimo,0,Ninguno (Legítimo),0.05,0.006,0.136,0.0,Ninguno,0.103
1182,carlos.rios@logisticaexpress.com,Confirmación de registro al evento Diseño UX/UI,0,Ninguno (Legítimo),BAJO - Correo Legítimo,0,Ninguno (Legítimo),0.082,0.006,0.226,0.0,Ninguno,0.093
1183,soporte@actualiza-credenciales-pagos.net,URGENTE: Suspención temporal de su cuenta bancaria por actividad sospechosa,1,Credential Harvesting,CRÍTICO - Phishing Confirmado (Cuarentena),1,Credential Harvesting,0.912,0.987,0.762,1.0,"Protocolo HTTP no seguro (inseguro para credenciales/pagos); Dominio sospechoso con TLD de alto riesgo (.xyz, .tk, .top, etc.); Urgencia/Amenaza de bloqueo: actividad sospechosa, bloqueada, inmediatamente; Solicitud de credenciales/acceso: portal de verificacion, credenciales; Saludo genérico impersonal",0.877
1184,jorge.perez@bancorivera.com,Invitación: Taller sobre HTML5 Semántico,0,Ninguno (Legítimo),BAJO - Correo Legítimo,0,Ninguno (Legítimo),0.064,0.006,0.104,0.1,Saludo genérico impersonal,0.027
1185,elena.ramirez@bancorivera.com,Informe mensual de rendimiento de la plataforma,0,Ninguno (Legítimo),BAJO - Correo Legítimo,0,Ninguno (Legítimo),0.071,0.005,0.126,0.1,Saludo genérico impersonal,0.042
1186,soporte@seguridad-cuenta-alert.online,Notificación de entrega fallida - Su paquete #30787 requiere pago de arancel,1,Package Delivery Scam,ALTO - Probable Phishing (Bloqueo Preventivo),1,Package Delivery Scam,0.6,0.986,0.446,0.2,Fraude de paquetería o aduanas: numero de rastreo; Saludo genérico impersonal,0.914
1187,soporte@logistica-express-rastreo.info,Factura vencida #83980 - Notificación final de cobro judicial,1,Fake Invoice / Malware Attachment,CRÍTICO - Phishing Confirmado (Cuarentena),1,Fake Invoice / Malware Attachment,0.818,0.986,0.54,0.94,"Dominio sospechoso con TLD de alto riesgo (.xyz, .tk, .top, etc.); Archivo adjunto ejecutable o empaquetado de riesgo (.exe, .zip, .js, etc.); Amenaza legal o cobro de facturas: cobro judicial, factura vencida; Saludo genérico impersonal",0.978
1188,notificaciones-techcorp@soporte-urgente-banco.xyz,Notificación de entrega fallida - Su paquete #65727 requiere pago de arancel,1,Package Delivery Scam,CRÍTICO - Phishing Confirmado (Cuarentena),1,Package Delivery Scam,0.71,0.986,0.523,0.53,"Dominio sospechoso con TLD de alto riesgo (.xyz, .tk, .top, etc.); Urgencia/Amenaza de bloqueo: urgente; Fraude de paquetería o aduanas: numero de rastreo; Saludo genérico impersonal",0.84
1189,maria.gomez@bancorivera.com,Factura de servicio #916 de Enero,0,Ninguno (Legítimo),BAJO - Correo Legítimo,0,Ninguno (Legítimo),0.11,0.008,0.233,0.1,Saludo genérico impersonal,0.088
1190,notificaciones-banconacional@verificate-ahora-login.org,Factura vencida #15586 - Notificación final de cobro judicial,1,Fake Invoice / Malware Attachment,CRÍTICO - Phishing Confirmado (Cuarentena),1,Fake Invoice / Malware Attachment,0.756,0.986,0.54,0.69,"Archivo adjunto ejecutable o empaquetado de riesgo (.exe, .zip, .js, etc.); Amenaza legal o cobro de facturas: cobro judicial, factura vencida; Saludo genérico impersonal",0.969
1191,maria.sanchez@bancorivera.com,Informe mensual de rendimiento de la plataforma,0,Ninguno (Legítimo),BAJO - Correo Legítimo,0,Ninguno (Legítimo),0.114,0.006,0.319,0.0,Ninguno,0.045
1192,lucia.morales@gobierno.gob.ec,Informe mensual de rendimiento de la plataforma,0,Ninguno (Legítimo),BAJO - Correo Legítimo,0,Ninguno (Legítimo),0.121,0.007,0.266,0.1,Saludo genérico impersonal,0.013
1193,valentina.ramirez@gobierno.gob.ec,Informe mensual de rendimiento de la plataforma,0,Ninguno (Legítimo),BAJO - Correo Legítimo,0,Ninguno (Legítimo),0.121,0.006,0.266,0.1,Saludo genérico impersonal,0.095
1194,notificaciones-servipagos@banc0-verificacion-segura.com,Solicitud urgente de transferencia de fondos - Confidencial,1,Spear Phishing / CEO Fraud,CRÍTICO - Phishing Confirmado (Cuarentena),1,Spear Phishing / CEO Fraud,0.681,0.987,0.676,0.2,Urgencia/Amenaza de bloqueo: urgente; Patrón de Spear Phishing / CEO Fraud: confidencial,0.921
1195,roberto.fernandez@empresa.com,Factura de servicio #418 de Febrero,0,Ninguno (Legítimo),BAJO - Correo Legítimo,0,Ninguno (Legítimo),0.147,0.007,0.413,0.0,Ninguno,0.073
1196,fernando.ramirez@logisticaexpress.com,Minuta de la reunión de planificación del sprint #886,0,Ninguno (Legítimo),BAJO - Correo Legítimo,0,Ninguno (Legítimo),0.063,0.006,0.172,0.0,Ninguno,0.045
1197,ana.mendoza@gobierno.gob.ec,Solicitud de revisión de código - Pull Request #941,0,Ninguno (Legítimo),BAJO - Correo Legítimo,0,Ninguno (Legítimo),0.109,0.006,0.306,0.0,Ninguno,0.038
1198,maria.fernandez@empresa.com,Factura de servicio #252 de Agosto,0,Ninguno (Legítimo),BAJO - Correo Legítimo,0,Ninguno (Legítimo),0.109,0.007,0.233,0.1,Saludo genérico impersonal,0.09
1199,notificaciones-logisticaexpress@techcorp-admin-portal.tk,Su contraseña de correo expira hoy - Conserve su acceso,1,Password Reset / Tech Support Scam,CRÍTICO - Phishing Confirmado (Cuarentena),1,Password Reset / Tech Support Scam,0.702,0.987,0.486,0.55,"Dominio sospechoso con TLD de alto riesgo (.xyz, .tk, .top, etc.); Solicitud de credenciales/acceso: contrasena, credenciales; Saludo genérico impersonal",0.957
1200,elena.fernandez@techcorp.com,Reunión de seguimiento - Proyecto Diseño UX/UI,0,Ninguno (Legítimo),BAJO - Correo Legítimo,0,Ninguno (Legítimo),0.112,0.007,0.311,0.0,Ninguno,0.022
1201,notificaciones-megamarket@soporte-urgente-banco.xyz,Solicitud urgente de transferencia de fondos - Confidencial,1,Spear Phishing / CEO Fraud,CRÍTICO - Phishing Confirmado (Cuarentena),1,Spear Phishing / CEO Fraud,0.744,0.987,0.676,0.45,"Dominio sospechoso con TLD de alto riesgo (.xyz, .tk, .top, etc.); Urgencia/Amenaza de bloqueo: urgente; Patrón de Spear Phishing / CEO Fraud: confidencial",0.933
1202,soporte@verificate-ahora-login.org,URGENTE: Suspención temporal de su cuenta bancaria por actividad sospechosa,1,Credential Harvesting,CRÍTICO - Phishing Confirmado (Cuarentena),1,Credential Harvesting,0.82,0.987,0.752,0.65,"Protocolo HTTP no seguro (inseguro para credenciales/pagos); Urgencia/Amenaza de bloqueo: actividad sospechosa, bloqueada, inmediatamente; Solicitud de credenciales/acceso: portal de verificacion; Saludo genérico impersonal",0.869
1203,lucia.torres@bancorivera.com,Minuta de la reunión de planificación del sprint #276,0,Ninguno (Legítimo),BAJO - Correo Legítimo,0,Ninguno (Legítimo),0.072,0.006,0.126,0.1,Saludo genérico impersonal,0.076
1204,sofia.ramirez@empresa.com,Factura de servicio #882 de Mayo,0,Ninguno (Legítimo),BAJO - Correo Legítimo,0,Ninguno (Legítimo),0.121,0.007,0.266,0.1,Saludo genérico impersonal,0.094
1205,camila.vargas@bancorivera.com,Invitación: Taller sobre JavaScript Moderno ES6+,0,Ninguno (Legítimo),BAJO - Correo Legítimo,0,Ninguno (Legítimo),0.113,0.004,0.317,0.0,Ninguno,0.121
1206,elena.torres@gobierno.gob.ec,Minuta de la reunión de planificación del sprint #671,0,Ninguno (Legítimo),BAJO - Correo Legítimo,0,Ninguno (Legítimo),0.072,0.006,0.126,0.1,Saludo genérico impersonal,0.091
1207,ana.ramirez@empresa.com,Invitación: Taller sobre Arquitectura Cliente-Servidor,0,Ninguno (Legítimo),BAJO - Correo Legítimo,0,Ninguno (Legítimo),0.066,0.004,0.183,0.0,Ninguno,0.141
1208,andres.gomez@techcorp.com,Minuta de la reunión de planificación del sprint #446,0,Ninguno (Legítimo),BAJO - Correo Legítimo,0,Ninguno (Legítimo),0.046,0.006,0.124,0.0,Ninguno,0.116
1209,fernando.morales@empresa.com,Minuta de la reunión de planificación del sprint #813,0,Ninguno (Legítimo),BAJO - Correo Legítimo,0,Ninguno (Legítimo),0.062,0.005,0.172,0.0,Ninguno,0.065
1210,soporte@seguridad-cuenta-alert.online,Su contraseña de correo expira hoy - Conserve su acceso,1,Password Reset / Tech Support Scam,CRÍTICO - Phishing Confirmado (Cuarentena),1,Password Reset / Tech Support Scam,0.669,0.987,0.57,0.3,"Solicitud de credenciales/acceso: contrasena, credenciales; Saludo genérico impersonal",0.852
1211,diego.castro@empresa.com,Factura de servicio #338 de Junio,0,Ninguno (Legítimo),BAJO - Correo Legítimo,0,Ninguno (Legítimo),0.121,0.007,0.266,0.1,Saludo genérico impersonal,0.147
1212,notificaciones-logisticaexpress@actualiza-credenciales-pagos.net,URGENTE: Suspención temporal de su cuenta bancaria por actividad sospechosa,1,Credential Harvesting,CRÍTICO - Phishing Confirmado (Cuarentena),1,Credential Harvesting,0.912,0.987,0.762,1.0,"Protocolo HTTP no seguro (inseguro para credenciales/pagos); Dominio sospechoso con TLD de alto riesgo (.xyz, .tk, .top, etc.); Urgencia/Amenaza de bloqueo: actividad sospechosa, bloqueada, inmediatamente; Solicitud de credenciales/acceso: portal de verificacion, credenciales; Saludo genérico impersonal",0.919
1213,soporte@techcorp-admin-portal.tk,Solicitud urgente de transferencia de fondos - Confidencial,1,Spear Phishing / CEO Fraud,CRÍTICO - Phishing Confirmado (Cuarentena),1,Spear Phishing / CEO Fraud,0.744,0.987,0.676,0.45,"Dominio sospechoso con TLD de alto riesgo (.xyz, .tk, .top, etc.); Urgencia/Amenaza de bloqueo: urgente; Patrón de Spear Phishing / CEO Fraud: confidencial",0.876
1214,jorge.castro@gobierno.gob.ec,Solicitud de revisión de código - Pull Request #651,0,Ninguno (Legítimo),BAJO - Correo Legítimo,0,Ninguno (Legítimo),0.109,0.006,0.306,0.0,Ninguno,0.131
1215,andres.martinez@empresa.com,Minuta de la reunión de planificación del sprint #968,0,Ninguno (Legítimo),BAJO - Correo Legítimo,0,Ninguno (Legítimo),0.072,0.006,0.126,0.1,Saludo genérico impersonal,0.098
1216,andres.martinez@empresa.com,Solicitud de revisión de código - Pull Request #419,0,Ninguno (Legítimo),BAJO - Correo Legítimo,0,Ninguno (Legítimo),0.066,0.006,0.182,0.0,Ninguno,0.123
1217,soporte@seguridad-cuenta-alert.online,URGENTE: Suspención temporal de su cuenta bancaria por actividad sospechosa,1,Credential Harvesting,CRÍTICO - Phishing Confirmado (Cuarentena),1,Credential Harvesting,0.82,0.986,0.752,0.65,"Protocolo HTTP no seguro (inseguro para credenciales/pagos); Urgencia/Amenaza de bloqueo: actividad sospechosa, bloqueada, inmediatamente; Solicitud de credenciales/acceso: portal de verificacion; Saludo genérico impersonal",0.98
1218,luis.fernandez@bancorivera.com,Resumen semanal de actividades del equipo Infraestructura,0,Ninguno (Legítimo),BAJO - Correo Legítimo,0,Ninguno (Legítimo),0.066,0.006,0.182,0.0,Ninguno,0.045
1219,gabriel.sanchez@bancorivera.com,Consulta sobre la entrega del módulo HTML5 Semántico,0,Ninguno (Legítimo),BAJO - Correo Legítimo,0,Ninguno (Legítimo),0.094,0.006,0.262,0.0,Ninguno,0.052
1220,notificaciones-logisticaexpress@logistica-express-rastreo.info,Notificación de entrega fallida - Su paquete #59157 requiere pago de arancel,1,Package Delivery Scam,ALTO - Probable Phishing (Bloqueo Preventivo),1,Package Delivery Scam,0.636,0.986,0.368,0.45,"Dominio sospechoso con TLD de alto riesgo (.xyz, .tk, .top, etc.); Fraude de paquetería o aduanas: numero de rastreo; Saludo genérico impersonal",0.918
1221,gabriel.mendoza@empresa.com,Invitación: Taller sobre JavaScript Moderno ES6+,0,Ninguno (Legítimo),BAJO - Correo Legítimo,0,Ninguno (Legítimo),0.064,0.006,0.104,0.1,Saludo genérico impersonal,0.116
1222,gabriel.perez@logisticaexpress.com,Minuta de la reunión de planificación del sprint #924,0,Ninguno (Legítimo),BAJO - Correo Legítimo,0,Ninguno (Legítimo),0.062,0.006,0.171,0.0,Ninguno,0.046
1223,gabriel.castro@gobierno.gob.ec,Reunión de seguimiento - Proyecto Diseño UX/UI,0,Ninguno (Legítimo),BAJO - Correo Legítimo,0,Ninguno (Legítimo),0.112,0.007,0.311,0.0,Ninguno,0.107
1224,sofia.lopez@servicio-cliente.com,Consulta sobre la entrega del módulo JavaScript Moderno ES6+,0,Ninguno (Legítimo),BAJO - Correo Legítimo,0,Ninguno (Legítimo),0.094,0.007,0.262,0.0,Ninguno,0.019
1225,notificaciones-logisticaexpress@soporte-urgente-banco.xyz,URGENTE: Suspención temporal de su cuenta bancaria por actividad sospechosa,1,Credential Harvesting,CRÍTICO - Phishing Confirmado (Cuarentena),1,Password Reset / Tech Support Scam,0.88,0.987,0.742,0.9,"Protocolo HTTP no seguro (inseguro para credenciales/pagos); Dominio sospechoso con TLD de alto riesgo (.xyz, .tk, .top, etc.); Urgencia/Amenaza de bloqueo: actividad sospechosa, bloqueada, inmediatamente; Solicitud de credenciales/acceso: portal de verificacion; Saludo genérico impersonal",0.922
1226,roberto.torres@servicio-cliente.com,Minuta de la reunión de planificación del sprint #230,0,Ninguno (Legítimo),BAJO - Correo Legítimo,0,Ninguno (Legítimo),0.087,0.006,0.241,0.0,Ninguno,0.072
1227,fernando.rios@techcorp.com,Consulta sobre la entrega del módulo HTML5 Semántico,0,Ninguno (Legítimo),BAJO - Correo Legítimo,0,Ninguno (Legítimo),0.094,0.007,0.262,0.0,Ninguno,0.045
1228,roberto.rios@bancorivera.com,Informe mensual de rendimiento de la plataforma,0,Ninguno (Legítimo),BAJO - Correo Legítimo,0,Ninguno (Legítimo),0.121,0.006,0.266,0.1,Saludo genérico impersonal,0.053
1229,soporte@banc0-verificacion-segura.com,Notificación de entrega fallida - Su paquete #14120 requiere pago de arancel,1,Package Delivery Scam,ALTO - Probable Phishing (Bloqueo Preventivo),1,Package Delivery Scam,0.599,0.986,0.441,0.2,Fraude de paquetería o aduanas: numero de rastreo; Saludo genérico impersonal,0.904
1230,soporte@banc0-verificacion-segura.com,URGENTE: Suspención temporal de su cuenta bancaria por actividad sospechosa,1,Credential Harvesting,CRÍTICO - Phishing Confirmado (Cuarentena),1,Credential Harvesting,0.825,0.986,0.766,0.65,"Protocolo HTTP no seguro (inseguro para credenciales/pagos); Urgencia/Amenaza de bloqueo: actividad sospechosa, bloqueada, inmediatamente; Solicitud de credenciales/acceso: portal de verificacion; Saludo genérico impersonal",0.95
1231,andres.torres@empresa.com,Resumen semanal de actividades del equipo Infraestructura,0,Ninguno (Legítimo),BAJO - Correo Legítimo,0,Ninguno (Legítimo),0.119,0.006,0.263,0.1,Saludo genérico impersonal,0.131
1232,carlos.vargas@bancorivera.com,Factura de servicio #721 de Junio,0,Ninguno (Legítimo),BAJO - Correo Legítimo,0,Ninguno (Legítimo),0.121,0.008,0.266,0.1,Saludo genérico impersonal,0.015
1233,gabriel.rios@logisticaexpress.com,Invitación: Taller sobre HTML5 Semántico,0,Ninguno (Legítimo),BAJO - Correo Legítimo,0,Ninguno (Legítimo),0.064,0.007,0.104,0.1,Saludo genérico impersonal,0.081
1234,fernando.martinez@mail.com,Invitación: Taller sobre HTML5 Semántico,0,Ninguno (Legítimo),BAJO - Correo Legítimo,0,Ninguno (Legítimo),0.113,0.004,0.317,0.0,Ninguno,0.077
1235,patricia.vargas@empresa.edu.ec,Recordatorio: Mantenimiento programado de API REST,0,Ninguno (Legítimo),BAJO - Correo Legítimo,0,Ninguno (Legítimo),0.067,0.005,0.115,0.1,Saludo genérico impersonal,0.123
1236,sofia.sanchez@servicio-cliente.com,Solicitud de revisión de código - Pull Request #819,0,Ninguno (Legítimo),BAJO - Correo Legítimo,0,Ninguno (Legítimo),0.12,0.007,0.263,0.1,Saludo genérico impersonal,0.046
1237,notificaciones-globalnet@soporte-urgente-banco.xyz,Solicitud urgente de transferencia de fondos - Confidencial,1,Spear Phishing / CEO Fraud,CRÍTICO - Phishing Confirmado (Cuarentena),1,Spear Phishing / CEO Fraud,0.744,0.987,0.676,0.45,"Dominio sospechoso con TLD de alto riesgo (.xyz, .tk, .top, etc.); Urgencia/Amenaza de bloqueo: urgente; Patrón de Spear Phishing / CEO Fraud: confidencial",0.89
1238,jorge.rodriguez@servicio-cliente.com,Reunión de seguimiento - Proyecto Migración a la Nube,0,Ninguno (Legítimo),BAJO - Correo Legítimo,0,Ninguno (Legítimo),0.045,0.004,0.123,0.0,Ninguno,0.139
1239,ana.rios@empresa.edu.ec,Reunión de seguimiento - Proyecto Migración a la Nube,0,Ninguno (Legítimo),BAJO - Correo Legítimo,0,Ninguno (Legítimo),0.045,0.005,0.123,0.0,Ninguno,0.064
1240,roberto.rodriguez@bancorivera.com,Minuta de la reunión de planificación del sprint #185,0,Ninguno (Legítimo),BAJO - Correo Legítimo,0,Ninguno (Legítimo),0.063,0.006,0.172,0.0,Ninguno,0.019
1241,luis.ramirez@bancorivera.com,Informe mensual de rendimiento de la plataforma,0,Ninguno (Legítimo),BAJO - Correo Legítimo,0,Ninguno (Legítimo),0.087,0.006,0.241,0.0,Ninguno,0.067
1242,carlos.torres@empresa.com,Recordatorio: Mantenimiento programado de API REST,0,Ninguno (Legítimo),BAJO - Correo Legítimo,0,Ninguno (Legítimo),0.067,0.005,0.115,0.1,Saludo genérico impersonal,0.127
1243,valentina.martinez@empresa.edu.ec,Factura de servicio #113 de Diciembre,0,Ninguno (Legítimo),BAJO - Correo Legítimo,0,Ninguno (Legítimo),0.147,0.007,0.411,0.0,Ninguno,0.109
1244,gabriel.rodriguez@empresa.com,Solicitud de revisión de código - Pull Request #937,0,Ninguno (Legítimo),BAJO - Correo Legítimo,0,Ninguno (Legítimo),0.053,0.007,0.143,0.0,Ninguno,0.012
1245,sofia.morales@techcorp.com,Consulta sobre la entrega del módulo WCAG 2.2 y ARIA,0,Ninguno (Legítimo),BAJO - Correo Legítimo,0,Ninguno (Legítimo),0.094,0.007,0.262,0.0,Ninguno,0.074
1246,notificaciones-megamarket@verificate-ahora-login.org,Factura vencida #99407 - Notificación final de cobro judicial,1,Fake Invoice / Malware Attachment,CRÍTICO - Phishing Confirmado (Cuarentena),1,Fake Invoice / Malware Attachment,0.756,0.986,0.54,0.69,"Archivo adjunto ejecutable o empaquetado de riesgo (.exe, .zip, .js, etc.); Amenaza legal o cobro de facturas: cobro judicial, factura vencida; Saludo genérico impersonal",0.888
1247,soporte@verificate-ahora-login.org,URGENTE: Suspención temporal de su cuenta bancaria por actividad sospechosa,1,Credential Harvesting,CRÍTICO - Phishing Confirmado (Cuarentena),1,Credential Harvesting,0.82,0.987,0.752,0.65,"Protocolo HTTP no seguro (inseguro para credenciales/pagos); Urgencia/Amenaza de bloqueo: actividad sospechosa, bloqueada, inmediatamente; Solicitud de credenciales/acceso: portal de verificacion; Saludo genérico impersonal",0.933
1248,soporte@seguridad-cuenta-alert.online,Factura vencida #92714 - Notificación final de cobro judicial,1,Fake Invoice / Malware Attachment,CRÍTICO - Phishing Confirmado (Cuarentena),1,Fake Invoice / Malware Attachment,0.756,0.986,0.54,0.69,"Archivo adjunto ejecutable o empaquetado de riesgo (.exe, .zip, .js, etc.); Amenaza legal o cobro de facturas: cobro judicial, factura vencida; Saludo genérico impersonal",0.913
1249,notificaciones-cloudservices@soporte-urgente-banco.xyz,Factura vencida #53989 - Notificación final de cobro judicial,1,Fake Invoice / Malware Attachment,CRÍTICO - Phishing Confirmado (Cuarentena),1,Fake Invoice / Malware Attachment,0.818,0.986,0.54,0.94,"Dominio sospechoso con TLD de alto riesgo (.xyz, .tk, .top, etc.); Archivo adjunto ejecutable o empaquetado de riesgo (.exe, .zip, .js, etc.); Amenaza legal o cobro de facturas: cobro judicial, factura vencida; Saludo genérico impersonal",0.893
1250,roberto.ramirez@techcorp.com,Factura de servicio #198 de Febrero,0,Ninguno (Legítimo),BAJO - Correo Legítimo,0,Ninguno (Legítimo),0.074,0.007,0.204,0.0,Ninguno,0.11
1251,jorge.ramirez@servicio-cliente.com,Confirmación de registro al evento Integración API REST,0,Ninguno (Legítimo),BAJO - Correo Legítimo,0,Ninguno (Legítimo),0.094,0.006,0.262,0.0,Ninguno,0.111
1252,lucia.torres@bancorivera.com,Confirmación de registro al evento Integración API REST,0,Ninguno (Legítimo),BAJO - Correo Legítimo,0,Ninguno (Legítimo),0.147,0.006,0.343,0.1,Saludo genérico impersonal,0.128
1253,luis.vargas@empresa.com,Resumen semanal de actividades del equipo Desarrollo,0,Ninguno (Legítimo),BAJO - Correo Legítimo,0,Ninguno (Legítimo),0.119,0.006,0.263,0.1,Saludo genérico impersonal,0.04
1254,soporte@banc0-verificacion-segura.com,Notificación de entrega fallida - Su paquete #17656 requiere pago de arancel,1,Package Delivery Scam,ALTO - Probable Phishing (Bloqueo Preventivo),1,Package Delivery Scam,0.599,0.986,0.441,0.2,Fraude de paquetería o aduanas: numero de rastreo; Saludo genérico impersonal,0.904
1255,andres.perez@empresa.edu.ec,Recordatorio: Mantenimiento programado de API REST,0,Ninguno (Legítimo),BAJO - Correo Legítimo,0,Ninguno (Legítimo),0.111,0.006,0.311,0.0,Ninguno,0.018
1256,lucia.gomez@techcorp.com,Informe mensual de rendimiento de la plataforma,0,Ninguno (Legítimo),BAJO - Correo Legítimo,0,Ninguno (Legítimo),0.113,0.006,0.315,0.0,Ninguno,0.115
1257,soporte@banc0-verificacion-segura.com,Solicitud urgente de transferencia de fondos - Confidencial,1,Spear Phishing / CEO Fraud,CRÍTICO - Phishing Confirmado (Cuarentena),1,Spear Phishing / CEO Fraud,0.681,0.987,0.676,0.2,Urgencia/Amenaza de bloqueo: urgente; Patrón de Spear Phishing / CEO Fraud: confidencial,0.853
1258,notificaciones-cloudservices@verificate-ahora-login.org,Su contraseña de correo expira hoy - Conserve su acceso,1,Password Reset / Tech Support Scam,ALTO - Probable Phishing (Bloqueo Preventivo),1,Password Reset / Tech Support Scam,0.642,0.987,0.493,0.3,"Solicitud de credenciales/acceso: contrasena, credenciales; Saludo genérico impersonal",0.854
1259,valentina.sanchez@techcorp.com,Solicitud de revisión de código - Pull Request #363,0,Ninguno (Legítimo),BAJO - Correo Legítimo,0,Ninguno (Legítimo),0.11,0.006,0.308,0.0,Ninguno,0.144
1260,luis.perez@empresa.edu.ec,Reunión de seguimiento - Proyecto Auditoría de Seguridad,0,Ninguno (Legítimo),BAJO - Correo Legítimo,0,Ninguno (Legítimo),0.052,0.005,0.143,0.0,Ninguno,0.066
1261,andres.martinez@logisticaexpress.com,Confirmación de registro al evento Migración a la Nube,0,Ninguno (Legítimo),BAJO - Correo Legítimo,0,Ninguno (Legítimo),0.073,0.006,0.203,0.0,Ninguno,0.071
1262,sofia.morales@logisticaexpress.com,Minuta de la reunión de planificación del sprint #410,0,Ninguno (Legítimo),BAJO - Correo Legítimo,0,Ninguno (Legítimo),0.087,0.006,0.241,0.0,Ninguno,0.067
1263,soporte@soporte-urgente-banco.xyz,Factura vencida #16569 - Notificación final de cobro judicial,1,Fake Invoice / Malware Attachment,CRÍTICO - Phishing Confirmado (Cuarentena),1,Fake Invoice / Malware Attachment,0.818,0.986,0.54,0.94,"Dominio sospechoso con TLD de alto riesgo (.xyz, .tk, .top, etc.); Archivo adjunto ejecutable o empaquetado de riesgo (.exe, .zip, .js, etc.); Amenaza legal o cobro de facturas: cobro judicial, factura vencida; Saludo genérico impersonal",0.948
1264,carlos.ramirez@bancorivera.com,Minuta de la reunión de planificación del sprint #441,0,Ninguno (Legítimo),BAJO - Correo Legítimo,0,Ninguno (Legítimo),0.062,0.005,0.172,0.0,Ninguno,0.112
1265,maria.torres@empresa.com,Factura de servicio #715 de Diciembre,0,Ninguno (Legítimo),BAJO - Correo Legítimo,0,Ninguno (Legítimo),0.109,0.007,0.233,0.1,Saludo genérico impersonal,0.105
1266,notificaciones-cloudservices@techcorp-admin-portal.tk,Factura vencida #91393 - Notificación final de cobro judicial,1,Fake Invoice / Malware Attachment,CRÍTICO - Phishing Confirmado (Cuarentena),1,Fake Invoice / Malware Attachment,0.818,0.986,0.54,0.94,"Dominio sospechoso con TLD de alto riesgo (.xyz, .tk, .top, etc.); Archivo adjunto ejecutable o empaquetado de riesgo (.exe, .zip, .js, etc.); Amenaza legal o cobro de facturas: cobro judicial, factura vencida; Saludo genérico impersonal",0.915
1267,jorge.lopez@servicio-cliente.com,Confirmación de registro al evento Integración API REST,0,Ninguno (Legítimo),BAJO - Correo Legítimo,0,Ninguno (Legítimo),0.095,0.005,0.195,0.1,Saludo genérico impersonal,0.116
1268,diego.rios@techcorp.com,Confirmación de registro al evento Integración API REST,0,Ninguno (Legítimo),BAJO - Correo Legítimo,0,Ninguno (Legítimo),0.14,0.007,0.391,0.0,Ninguno,0.071
1269,notificaciones-banconacional@logistica-express-rastreo.info,Solicitud urgente de transferencia de fondos - Confidencial,1,Spear Phishing / CEO Fraud,CRÍTICO - Phishing Confirmado (Cuarentena),1,Spear Phishing / CEO Fraud,0.744,0.987,0.676,0.45,"Dominio sospechoso con TLD de alto riesgo (.xyz, .tk, .top, etc.); Urgencia/Amenaza de bloqueo: urgente; Patrón de Spear Phishing / CEO Fraud: confidencial",0.9
1270,ana.gomez@empresa.com,Invitación: Taller sobre CSS Responsivo,0,Ninguno (Legítimo),BAJO - Correo Legítimo,0,Ninguno (Legítimo),0.05,0.006,0.136,0.0,Ninguno,0.027
1271,soporte@verificate-ahora-login.org,Su contraseña de correo expira hoy - Conserve su acceso,1,Password Reset / Tech Support Scam,ALTO - Probable Phishing (Bloqueo Preventivo),1,Password Reset / Tech Support Scam,0.642,0.987,0.493,0.3,"Solicitud de credenciales/acceso: contrasena, credenciales; Saludo genérico impersonal",0.865
1272,lucia.sanchez@logisticaexpress.com,Confirmación de registro al evento Integración API REST,0,Ninguno (Legítimo),BAJO - Correo Legítimo,0,Ninguno (Legítimo),0.095,0.005,0.195,0.1,Saludo genérico impersonal,0.02
1273,soporte@verificate-ahora-login.org,Factura vencida #66160 - Notificación final de cobro judicial,1,Fake Invoice / Malware Attachment,CRÍTICO - Phishing Confirmado (Cuarentena),1,Fake Invoice / Malware Attachment,0.756,0.986,0.54,0.69,"Archivo adjunto ejecutable o empaquetado de riesgo (.exe, .zip, .js, etc.); Amenaza legal o cobro de facturas: cobro judicial, factura vencida; Saludo genérico impersonal",0.923
1274,jorge.castro@logisticaexpress.com,Resumen semanal de actividades del equipo Infraestructura,0,Ninguno (Legítimo),BAJO - Correo Legítimo,0,Ninguno (Legítimo),0.109,0.006,0.306,0.0,Ninguno,0.065
1275,elena.vargas@mail.com,Reunión de seguimiento - Proyecto Diseño UX/UI,0,Ninguno (Legítimo),BAJO - Correo Legítimo,0,Ninguno (Legítimo),0.119,0.005,0.263,0.1,Saludo genérico impersonal,0.136
1276,soporte@techcorp-admin-portal.tk,Solicitud urgente de transferencia de fondos - Confidencial,1,Spear Phishing / CEO Fraud,CRÍTICO - Phishing Confirmado (Cuarentena),1,Spear Phishing / CEO Fraud,0.744,0.987,0.676,0.45,"Dominio sospechoso con TLD de alto riesgo (.xyz, .tk, .top, etc.); Urgencia/Amenaza de bloqueo: urgente; Patrón de Spear Phishing / CEO Fraud: confidencial",0.818
1277,ana.vargas@empresa.com,Reunión de seguimiento - Proyecto Migración a la Nube,0,Ninguno (Legítimo),BAJO - Correo Legítimo,0,Ninguno (Legítimo),0.12,0.005,0.266,0.1,Saludo genérico impersonal,0.012
1278,patricia.mendoza@techcorp.com,Solicitud de revisión de código - Pull Request #106,0,Ninguno (Legítimo),BAJO - Correo Legítimo,0,Ninguno (Legítimo),0.052,0.006,0.143,0.0,Ninguno,0.121
1279,valentina.martinez@techcorp.com,Consulta sobre la entrega del módulo CSS Responsivo,0,Ninguno (Legítimo),BAJO - Correo Legítimo,0,Ninguno (Legítimo),0.15,0.005,0.35,0.1,Saludo genérico impersonal,0.074
1280,carlos.castro@techcorp.com,Reunión de seguimiento - Proyecto Plataforma Web,0,Ninguno (Legítimo),BAJO - Correo Legítimo,0,Ninguno (Legítimo),0.053,0.005,0.146,0.0,Ninguno,0.011
1281,notificaciones-servipagos@soporte-urgente-banco.xyz,URGENTE: Suspención temporal de su cuenta bancaria por actividad sospechosa,1,Credential Harvesting,CRÍTICO - Phishing Confirmado (Cuarentena),1,Password Reset / Tech Support Scam,0.88,0.987,0.742,0.9,"Protocolo HTTP no seguro (inseguro para credenciales/pagos); Dominio sospechoso con TLD de alto riesgo (.xyz, .tk, .top, etc.); Urgencia/Amenaza de bloqueo: actividad sospechosa, bloqueada, inmediatamente; Solicitud de credenciales/acceso: portal de verificacion; Saludo genérico impersonal",0.977
1282,maria.morales@empresa.com,Resumen semanal de actividades del equipo Recursos Humanos,0,Ninguno (Legítimo),BAJO - Correo Legítimo,0,Ninguno (Legítimo),0.053,0.006,0.146,0.0,Ninguno,0.115
1283,ana.mendoza@mail.com,Resumen semanal de actividades del equipo Desarrollo,0,Ninguno (Legítimo),BAJO - Correo Legítimo,0,Ninguno (Legítimo),0.067,0.005,0.115,0.1,Saludo genérico impersonal,0.095
1284,notificaciones-servipagos@soporte-urgente-banco.xyz,Notificación de entrega fallida - Su paquete #17001 requiere pago de arancel,1,Package Delivery Scam,CRÍTICO - Phishing Confirmado (Cuarentena),1,Package Delivery Scam,0.71,0.986,0.523,0.53,"Dominio sospechoso con TLD de alto riesgo (.xyz, .tk, .top, etc.); Urgencia/Amenaza de bloqueo: urgente; Fraude de paquetería o aduanas: numero de rastreo; Saludo genérico impersonal",0.822
1285,diego.ramirez@gobierno.gob.ec,Minuta de la reunión de planificación del sprint #230,0,Ninguno (Legítimo),BAJO - Correo Legítimo,0,Ninguno (Legítimo),0.114,0.006,0.319,0.0,Ninguno,0.049
1286,maria.rodriguez@empresa.com,Confirmación de registro al evento Integración API REST,0,Ninguno (Legítimo),BAJO - Correo Legítimo,0,Ninguno (Legítimo),0.139,0.006,0.391,0.0,Ninguno,0.028
1287,jorge.castro@servicio-cliente.com,Informe mensual de rendimiento de la plataforma,0,Ninguno (Legítimo),BAJO - Correo Legítimo,0,Ninguno (Legítimo),0.121,0.006,0.266,0.1,Saludo genérico impersonal,0.016
1288,ana.fernandez@gobierno.gob.ec,Consulta sobre la entrega del módulo HTML5 Semántico,0,Ninguno (Legítimo),BAJO - Correo Legítimo,0,Ninguno (Legítimo),0.125,0.006,0.279,0.1,Saludo genérico impersonal,0.074
1289,carlos.vargas@techcorp.com,Solicitud de revisión de código - Pull Request #191,0,Ninguno (Legítimo),BAJO - Correo Legítimo,0,Ninguno (Legítimo),0.052,0.006,0.143,0.0,Ninguno,0.016
1290,fernando.perez@gobierno.gob.ec,Factura de servicio #734 de Octubre,0,Ninguno (Legítimo),BAJO - Correo Legítimo,0,Ninguno (Legítimo),0.146,0.006,0.411,0.0,Ninguno,0.122
1291,notificaciones-cloudservices@logistica-express-rastreo.info,Notificación de entrega fallida - Su paquete #83030 requiere pago de arancel,1,Package Delivery Scam,ALTO - Probable Phishing (Bloqueo Preventivo),1,Package Delivery Scam,0.636,0.986,0.368,0.45,"Dominio sospechoso con TLD de alto riesgo (.xyz, .tk, .top, etc.); Fraude de paquetería o aduanas: numero de rastreo; Saludo genérico impersonal",0.867
1292,roberto.lopez@empresa.edu.ec,Solicitud de revisión de código - Pull Request #624,0,Ninguno (Legítimo),BAJO - Correo Legítimo,0,Ninguno (Legítimo),0.052,0.006,0.143,0.0,Ninguno,0.05
1293,roberto.perez@gobierno.gob.ec,Solicitud de revisión de código - Pull Request #888,0,Ninguno (Legítimo),BAJO - Correo Legítimo,0,Ninguno (Legítimo),0.065,0.006,0.18,0.0,Ninguno,0.101
1294,roberto.lopez@empresa.com,Factura de servicio #190 de Julio,0,Ninguno (Legítimo),BAJO - Correo Legítimo,0,Ninguno (Legítimo),0.121,0.008,0.266,0.1,Saludo genérico impersonal,0.139
1295,maria.vargas@bancorivera.com,Minuta de la reunión de planificación del sprint #852,0,Ninguno (Legítimo),BAJO - Correo Legítimo,0,Ninguno (Legítimo),0.121,0.007,0.266,0.1,Saludo genérico impersonal,0.1
1296,diego.morales@mail.com,Resumen semanal de actividades del equipo Ciberseguridad,0,Ninguno (Legítimo),BAJO - Correo Legítimo,0,Ninguno (Legítimo),0.109,0.006,0.306,0.0,Ninguno,0.061
1297,notificaciones-cloudservices@banc0-verificacion-segura.com,Solicitud urgente de transferencia de fondos - Confidencial,1,Spear Phishing / CEO Fraud,CRÍTICO - Phishing Confirmado (Cuarentena),1,Spear Phishing / CEO Fraud,0.681,0.987,0.676,0.2,Urgencia/Amenaza de bloqueo: urgente; Patrón de Spear Phishing / CEO Fraud: confidencial,0.87
1298,roberto.castro@gobierno.gob.ec,Informe mensual de rendimiento de la plataforma,0,Ninguno (Legítimo),BAJO - Correo Legítimo,0,Ninguno (Legítimo),0.062,0.005,0.172,0.0,Ninguno,0.145
1299,roberto.mendoza@empresa.edu.ec,Consulta sobre la entrega del módulo CSS Responsivo,0,Ninguno (Legítimo),BAJO - Correo Legítimo,0,Ninguno (Legítimo),0.083,0.004,0.233,0.0,Ninguno,0.062
1300,luis.rios@mail.com,Recordatorio: Mantenimiento programado de Base de Datos,0,Ninguno (Legítimo),BAJO - Correo Legítimo,0,Ninguno (Legítimo),0.072,0.007,0.199,0.0,Ninguno,0.063
1301,soporte@logistica-express-rastreo.info,URGENTE: Suspención temporal de su cuenta bancaria por actividad sospechosa,1,Credential Harvesting,CRÍTICO - Phishing Confirmado (Cuarentena),1,Credential Harvesting,0.883,0.987,0.752,0.9,"Protocolo HTTP no seguro (inseguro para credenciales/pagos); Dominio sospechoso con TLD de alto riesgo (.xyz, .tk, .top, etc.); Urgencia/Amenaza de bloqueo: actividad sospechosa, bloqueada, inmediatamente; Solicitud de credenciales/acceso: portal de verificacion; Saludo genérico impersonal",0.959
1302,sofia.gomez@gobierno.gob.ec,Minuta de la reunión de planificación del sprint #697,0,Ninguno (Legítimo),BAJO - Correo Legítimo,0,Ninguno (Legítimo),0.087,0.006,0.241,0.0,Ninguno,0.119
1303,patricia.vargas@servicio-cliente.com,Resumen semanal de actividades del equipo Soporte Técnico,0,Ninguno (Legítimo),BAJO - Correo Legítimo,0,Ninguno (Legítimo),0.09,0.006,0.251,0.0,Ninguno,0.139
1304,soporte@verificate-ahora-login.org,URGENTE: Suspención temporal de su cuenta bancaria por actividad sospechosa,1,Credential Harvesting,CRÍTICO - Phishing Confirmado (Cuarentena),1,Credential Harvesting,0.82,0.987,0.752,0.65,"Protocolo HTTP no seguro (inseguro para credenciales/pagos); Urgencia/Amenaza de bloqueo: actividad sospechosa, bloqueada, inmediatamente; Solicitud de credenciales/acceso: portal de verificacion; Saludo genérico impersonal",0.901
1305,fernando.martinez@servicio-cliente.com,Reunión de seguimiento - Proyecto Diseño UX/UI,0,Ninguno (Legítimo),BAJO - Correo Legítimo,0,Ninguno (Legítimo),0.053,0.005,0.146,0.0,Ninguno,0.068
1306,andres.lopez@empresa.com,Consulta sobre la entrega del módulo Arquitectura Cliente-Servidor,0,Ninguno (Legítimo),BAJO - Correo Legítimo,0,Ninguno (Legítimo),0.126,0.005,0.353,0.0,Ninguno,0.026
1307,andres.morales@empresa.edu.ec,Reunión de seguimiento - Proyecto Auditoría de Seguridad,0,Ninguno (Legítimo),BAJO - Correo Legítimo,0,Ninguno (Legítimo),0.119,0.005,0.263,0.1,Saludo genérico impersonal,0.078
1308,gabriel.torres@logisticaexpress.com,Factura de servicio #535 de Octubre,0,Ninguno (Legítimo),BAJO - Correo Legítimo,0,Ninguno (Legítimo),0.147,0.007,0.411,0.0,Ninguno,0.118
1309,soporte@actualiza-credenciales-pagos.net,URGENTE: Suspención temporal de su cuenta bancaria por actividad sospechosa,1,Credential Harvesting,CRÍTICO - Phishing Confirmado (Cuarentena),1,Credential Harvesting,0.912,0.987,0.762,1.0,"Protocolo HTTP no seguro (inseguro para credenciales/pagos); Dominio sospechoso con TLD de alto riesgo (.xyz, .tk, .top, etc.); Urgencia/Amenaza de bloqueo: actividad sospechosa, bloqueada, inmediatamente; Solicitud de credenciales/acceso: portal de verificacion, credenciales; Saludo genérico impersonal",0.898
1310,elena.ramirez@servicio-cliente.com,Resumen semanal de actividades del equipo Infraestructura,0,Ninguno (Legítimo),BAJO - Correo Legítimo,0,Ninguno (Legítimo),0.119,0.006,0.263,0.1,Saludo genérico impersonal,0.034
1311,carlos.martinez@mail.com,Informe mensual de rendimiento de la plataforma,0,Ninguno (Legítimo),BAJO - Correo Legítimo,0,Ninguno (Legítimo),0.071,0.005,0.126,0.1,Saludo genérico impersonal,0.07
1312,andres.gomez@techcorp.com,Consulta sobre la entrega del módulo HTML5 Semántico,0,Ninguno (Legítimo),BAJO - Correo Legítimo,0,Ninguno (Legítimo),0.127,0.005,0.357,0.0,Ninguno,0.024
1313,elena.castro@empresa.edu.ec,Informe mensual de rendimiento de la plataforma,0,Ninguno (Legítimo),BAJO - Correo Legítimo,0,Ninguno (Legítimo),0.121,0.006,0.266,0.1,Saludo genérico impersonal,0.055
1314,jorge.lopez@bancorivera.com,Factura de servicio #872 de Junio,0,Ninguno (Legítimo),BAJO - Correo Legítimo,0,Ninguno (Legítimo),0.074,0.007,0.204,0.0,Ninguno,0.149
1315,roberto.gomez@empresa.com,Recordatorio: Mantenimiento programado de Base de Datos,0,Ninguno (Legítimo),BAJO - Correo Legítimo,0,Ninguno (Legítimo),0.134,0.006,0.376,0.0,Ninguno,0.136
1316,notificaciones-plataformaeducativa@banc0-verificacion-segura.com,Su contraseña de correo expira hoy - Conserve su acceso,1,Password Reset / Tech Support Scam,CRÍTICO - Phishing Confirmado (Cuarentena),1,Password Reset / Tech Support Scam,0.666,0.987,0.56,0.3,"Solicitud de credenciales/acceso: contrasena, credenciales; Saludo genérico impersonal",0.894
1317,notificaciones-logisticaexpress@seguridad-cuenta-alert.online,Solicitud urgente de transferencia de fondos - Confidencial,1,Spear Phishing / CEO Fraud,CRÍTICO - Phishing Confirmado (Cuarentena),1,Spear Phishing / CEO Fraud,0.681,0.987,0.676,0.2,Urgencia/Amenaza de bloqueo: urgente; Patrón de Spear Phishing / CEO Fraud: confidencial,0.891
1318,elena.fernandez@bancorivera.com,Minuta de la reunión de planificación del sprint #903,0,Ninguno (Legítimo),BAJO - Correo Legítimo,0,Ninguno (Legítimo),0.072,0.006,0.126,0.1,Saludo genérico impersonal,0.102
1319,gabriel.martinez@empresa.edu.ec,Recordatorio: Mantenimiento programado de Servidor Node.js,0,Ninguno (Legítimo),BAJO - Correo Legítimo,0,Ninguno (Legítimo),0.067,0.007,0.183,0.0,Ninguno,0.02
1320,carlos.ramirez@empresa.edu.ec,Solicitud de revisión de código - Pull Request #838,0,Ninguno (Legítimo),BAJO - Correo Legítimo,0,Ninguno (Legítimo),0.069,0.006,0.119,0.1,Saludo genérico impersonal,0.087
1321,jorge.gomez@gobierno.gob.ec,Recordatorio: Mantenimiento programado de Servidor Node.js,0,Ninguno (Legítimo),BAJO - Correo Legítimo,0,Ninguno (Legítimo),0.068,0.006,0.115,0.1,Saludo genérico impersonal,0.023
1322,patricia.mendoza@empresa.com,Solicitud de revisión de código - Pull Request #513,0,Ninguno (Legítimo),BAJO - Correo Legítimo,0,Ninguno (Legítimo),0.053,0.007,0.143,0.0,Ninguno,0.144
1323,patricia.rodriguez@techcorp.com,Recordatorio: Mantenimiento programado de Servicio de Autenticación,0,Ninguno (Legítimo),BAJO - Correo Legítimo,0,Ninguno (Legítimo),0.052,0.005,0.143,0.0,Ninguno,0.145
1324,diego.vargas@gobierno.gob.ec,Resumen semanal de actividades del equipo Ciberseguridad,0,Ninguno (Legítimo),BAJO - Correo Legítimo,0,Ninguno (Legítimo),0.12,0.007,0.263,0.1,Saludo genérico impersonal,0.014
1325,maria.lopez@bancorivera.com,Recordatorio: Mantenimiento programado de API REST,0,Ninguno (Legítimo),BAJO - Correo Legítimo,0,Ninguno (Legítimo),0.068,0.006,0.115,0.1,Saludo genérico impersonal,0.123
1326,soporte@banc0-verificacion-segura.com,Factura vencida #16545 - Notificación final de cobro judicial,1,Fake Invoice / Malware Attachment,CRÍTICO - Phishing Confirmado (Cuarentena),1,Fake Invoice / Malware Attachment,0.756,0.986,0.54,0.69,"Archivo adjunto ejecutable o empaquetado de riesgo (.exe, .zip, .js, etc.); Amenaza legal o cobro de facturas: cobro judicial, factura vencida; Saludo genérico impersonal",0.986
1327,sofia.ramirez@servicio-cliente.com,Solicitud de revisión de código - Pull Request #560,0,Ninguno (Legítimo),BAJO - Correo Legítimo,0,Ninguno (Legítimo),0.065,0.006,0.18,0.0,Ninguno,0.07
1328,patricia.sanchez@mail.com,Resumen semanal de actividades del equipo Ciberseguridad,0,Ninguno (Legítimo),BAJO - Correo Legítimo,0,Ninguno (Legítimo),0.068,0.006,0.115,0.1,Saludo genérico impersonal,0.096
1329,jorge.ramirez@empresa.com,Resumen semanal de actividades del equipo Recursos Humanos,0,Ninguno (Legítimo),BAJO - Correo Legítimo,0,Ninguno (Legítimo),0.114,0.005,0.319,0.0,Ninguno,0.035
1330,diego.fernandez@gobierno.gob.ec,Resumen semanal de actividades del equipo Recursos Humanos,0,Ninguno (Legítimo),BAJO - Correo Legítimo,0,Ninguno (Legítimo),0.053,0.006,0.146,0.0,Ninguno,0.128
1331,valentina.perez@gobierno.gob.ec,Confirmación de registro al evento Auditoría de Seguridad,0,Ninguno (Legítimo),BAJO - Correo Legítimo,0,Ninguno (Legítimo),0.117,0.006,0.328,0.0,Ninguno,0.12
1332,patricia.rios@gobierno.gob.ec,Invitación: Taller sobre JavaScript Moderno ES6+,0,Ninguno (Legítimo),BAJO - Correo Legítimo,0,Ninguno (Legítimo),0.064,0.006,0.104,0.1,Saludo genérico impersonal,0.047
1333,ana.ramirez@mail.com,Minuta de la reunión de planificación del sprint #530,0,Ninguno (Legítimo),BAJO - Correo Legítimo,0,Ninguno (Legítimo),0.046,0.006,0.124,0.0,Ninguno,0.1
1334,maria.gomez@servicio-cliente.com,Recordatorio: Mantenimiento programado de Servicio de Autenticación,0,Ninguno (Legítimo),BAJO - Correo Legítimo,0,Ninguno (Legítimo),0.065,0.006,0.18,0.0,Ninguno,0.052
1335,lucia.sanchez@servicio-cliente.com,Solicitud de revisión de código - Pull Request #235,0,Ninguno (Legítimo),BAJO - Correo Legítimo,0,Ninguno (Legítimo),0.089,0.006,0.248,0.0,Ninguno,0.049
1336,ana.rios@bancorivera.com,Recordatorio: Mantenimiento programado de Base de Datos,0,Ninguno (Legítimo),BAJO - Correo Legítimo,0,Ninguno (Legítimo),0.09,0.006,0.18,0.1,Saludo genérico impersonal,0.057
1337,gabriel.vargas@servicio-cliente.com,Reunión de seguimiento - Proyecto Diseño UX/UI,0,Ninguno (Legítimo),BAJO - Correo Legítimo,0,Ninguno (Legítimo),0.089,0.005,0.249,0.0,Ninguno,0.087
1338,soporte@banc0-verificacion-segura.com,URGENTE: Suspención temporal de su cuenta bancaria por actividad sospechosa,1,Credential Harvesting,CRÍTICO - Phishing Confirmado (Cuarentena),1,Credential Harvesting,0.825,0.986,0.766,0.65,"Protocolo HTTP no seguro (inseguro para credenciales/pagos); Urgencia/Amenaza de bloqueo: actividad sospechosa, bloqueada, inmediatamente; Solicitud de credenciales/acceso: portal de verificacion; Saludo genérico impersonal",0.879
1339,ana.rios@logisticaexpress.com,Resumen semanal de actividades del equipo Ciberseguridad,0,Ninguno (Legítimo),BAJO - Correo Legítimo,0,Ninguno (Legítimo),0.119,0.006,0.263,0.1,Saludo genérico impersonal,0.102
1340,notificaciones-banconacional@seguridad-cuenta-alert.online,Su contraseña de correo expira hoy - Conserve su acceso,1,Password Reset / Tech Support Scam,CRÍTICO - Phishing Confirmado (Cuarentena),1,Password Reset / Tech Support Scam,0.669,0.987,0.57,0.3,"Solicitud de credenciales/acceso: contrasena, credenciales; Saludo genérico impersonal",0.955
1341,jorge.mendoza@empresa.edu.ec,Informe mensual de rendimiento de la plataforma,0,Ninguno (Legítimo),BAJO - Correo Legítimo,0,Ninguno (Legítimo),0.111,0.006,0.311,0.0,Ninguno,0.052
1342,ana.lopez@techcorp.com,Minuta de la reunión de planificación del sprint #724,0,Ninguno (Legítimo),BAJO - Correo Legítimo,0,Ninguno (Legítimo),0.072,0.006,0.126,0.1,Saludo genérico impersonal,0.115
1343,patricia.gomez@techcorp.com,Reunión de seguimiento - Proyecto Auditoría de Seguridad,0,Ninguno (Legítimo),BAJO - Correo Legítimo,0,Ninguno (Legítimo),0.111,0.007,0.308,0.0,Ninguno,0.042
1344,soporte@techcorp-admin-portal.tk,URGENTE: Suspención temporal de su cuenta bancaria por actividad sospechosa,1,Credential Harvesting,CRÍTICO - Phishing Confirmado (Cuarentena),1,Credential Harvesting,0.885,0.987,0.758,0.9,"Protocolo HTTP no seguro (inseguro para credenciales/pagos); Dominio sospechoso con TLD de alto riesgo (.xyz, .tk, .top, etc.); Urgencia/Amenaza de bloqueo: actividad sospechosa, bloqueada, inmediatamente; Solicitud de credenciales/acceso: portal de verificacion; Saludo genérico impersonal",0.964
1345,gabriel.perez@bancorivera.com,Recordatorio: Mantenimiento programado de Servidor Node.js,0,Ninguno (Legítimo),BAJO - Correo Legítimo,0,Ninguno (Legítimo),0.119,0.006,0.263,0.1,Saludo genérico impersonal,0.113
1346,diego.martinez@techcorp.com,Reunión de seguimiento - Proyecto Integración API REST,0,Ninguno (Legítimo),BAJO - Correo Legítimo,0,Ninguno (Legítimo),0.112,0.007,0.311,0.0,Ninguno,0.023
1347,ana.torres@empresa.com,Invitación: Taller sobre Arquitectura Cliente-Servidor,0,Ninguno (Legítimo),BAJO - Correo Legítimo,0,Ninguno (Legítimo),0.064,0.007,0.104,0.1,Saludo genérico impersonal,0.055
1348,notificaciones-globalnet@soporte-urgente-banco.xyz,Factura vencida #93862 - Notificación final de cobro judicial,1,Fake Invoice / Malware Attachment,CRÍTICO - Phishing Confirmado (Cuarentena),1,Fake Invoice / Malware Attachment,0.818,0.986,0.54,0.94,"Dominio sospechoso con TLD de alto riesgo (.xyz, .tk, .top, etc.); Archivo adjunto ejecutable o empaquetado de riesgo (.exe, .zip, .js, etc.); Amenaza legal o cobro de facturas: cobro judicial, factura vencida; Saludo genérico impersonal",0.981
1349,notificaciones-banconacional@actualiza-credenciales-pagos.net,Solicitud urgente de transferencia de fondos - Confidencial,1,Spear Phishing / CEO Fraud,CRÍTICO - Phishing Confirmado (Cuarentena),1,Spear Phishing / CEO Fraud,0.744,0.987,0.676,0.45,"Dominio sospechoso con TLD de alto riesgo (.xyz, .tk, .top, etc.); Urgencia/Amenaza de bloqueo: urgente; Patrón de Spear Phishing / CEO Fraud: confidencial",0.879
1350,jorge.perez@servicio-cliente.com,Resumen semanal de actividades del equipo Infraestructura,0,Ninguno (Legítimo),BAJO - Correo Legítimo,0,Ninguno (Legítimo),0.119,0.006,0.263,0.1,Saludo genérico impersonal,0.022
1351,patricia.castro@mail.com,Minuta de la reunión de planificación del sprint #525,0,Ninguno (Legítimo),BAJO - Correo Legítimo,0,Ninguno (Legítimo),0.072,0.006,0.126,0.1,Saludo genérico impersonal,0.051
1352,notificaciones-logisticaexpress@verificate-ahora-login.org,Su contraseña de correo expira hoy - Conserve su acceso,1,Password Reset / Tech Support Scam,ALTO - Probable Phishing (Bloqueo Preventivo),1,Password Reset / Tech Support Scam,0.642,0.987,0.493,0.3,"Solicitud de credenciales/acceso: contrasena, credenciales; Saludo genérico impersonal",0.847
1353,soporte@logistica-express-rastreo.info,Solicitud urgente de transferencia de fondos - Confidencial,1,Spear Phishing / CEO Fraud,CRÍTICO - Phishing Confirmado (Cuarentena),1,Spear Phishing / CEO Fraud,0.744,0.987,0.676,0.45,"Dominio sospechoso con TLD de alto riesgo (.xyz, .tk, .top, etc.); Urgencia/Amenaza de bloqueo: urgente; Patrón de Spear Phishing / CEO Fraud: confidencial",0.875
1354,notificaciones-plataformaeducativa@logistica-express-rastreo.info,URGENTE: Suspención temporal de su cuenta bancaria por actividad sospechosa,1,Credential Harvesting,CRÍTICO - Phishing Confirmado (Cuarentena),1,Credential Harvesting,0.883,0.987,0.752,0.9,"Protocolo HTTP no seguro (inseguro para credenciales/pagos); Dominio sospechoso con TLD de alto riesgo (.xyz, .tk, .top, etc.); Urgencia/Amenaza de bloqueo: actividad sospechosa, bloqueada, inmediatamente; Solicitud de credenciales/acceso: portal de verificacion; Saludo genérico impersonal",0.946
1355,notificaciones-globalnet@seguridad-cuenta-alert.online,Su contraseña de correo expira hoy - Conserve su acceso,1,Password Reset / Tech Support Scam,CRÍTICO - Phishing Confirmado (Cuarentena),1,Password Reset / Tech Support Scam,0.669,0.986,0.57,0.3,"Solicitud de credenciales/acceso: contrasena, credenciales; Saludo genérico impersonal",0.864
1356,carlos.martinez@servicio-cliente.com,Reunión de seguimiento - Proyecto Migración a la Nube,0,Ninguno (Legítimo),BAJO - Correo Legítimo,0,Ninguno (Legítimo),0.069,0.004,0.122,0.1,Saludo genérico impersonal,0.117
1357,camila.martinez@techcorp.com,Consulta sobre la entrega del módulo CSS Responsivo,0,Ninguno (Legítimo),BAJO - Correo Legítimo,0,Ninguno (Legítimo),0.083,0.004,0.233,0.0,Ninguno,0.036
1358,jorge.gomez@empresa.com,Factura de servicio #508 de Octubre,0,Ninguno (Legítimo),BAJO - Correo Legítimo,0,Ninguno (Legítimo),0.121,0.007,0.266,0.1,Saludo genérico impersonal,0.014
1359,maria.rodriguez@mail.com,Consulta sobre la entrega del módulo CSS Responsivo,0,Ninguno (Legítimo),BAJO - Correo Legítimo,0,Ninguno (Legítimo),0.094,0.006,0.262,0.0,Ninguno,0.066
1360,elena.gomez@empresa.com,Consulta sobre la entrega del módulo JavaScript Moderno ES6+,0,Ninguno (Legítimo),BAJO - Correo Legítimo,0,Ninguno (Legítimo),0.126,0.005,0.353,0.0,Ninguno,0.037
1361,patricia.castro@techcorp.com,Factura de servicio #938 de Marzo,0,Ninguno (Legítimo),BAJO - Correo Legítimo,0,Ninguno (Legítimo),0.147,0.007,0.411,0.0,Ninguno,0.062
1362,notificaciones-megamarket@verificate-ahora-login.org,Factura vencida #64677 - Notificación final de cobro judicial,1,Fake Invoice / Malware Attachment,CRÍTICO - Phishing Confirmado (Cuarentena),1,Fake Invoice / Malware Attachment,0.756,0.986,0.54,0.69,"Archivo adjunto ejecutable o empaquetado de riesgo (.exe, .zip, .js, etc.); Amenaza legal o cobro de facturas: cobro judicial, factura vencida; Saludo genérico impersonal",0.913
1363,notificaciones-techcorp@soporte-urgente-banco.xyz,Factura vencida #50054 - Notificación final de cobro judicial,1,Fake Invoice / Malware Attachment,CRÍTICO - Phishing Confirmado (Cuarentena),1,Fake Invoice / Malware Attachment,0.818,0.986,0.54,0.94,"Dominio sospechoso con TLD de alto riesgo (.xyz, .tk, .top, etc.); Archivo adjunto ejecutable o empaquetado de riesgo (.exe, .zip, .js, etc.); Amenaza legal o cobro de facturas: cobro judicial, factura vencida; Saludo genérico impersonal",0.954
1364,notificaciones-cloudservices@seguridad-cuenta-alert.online,Solicitud urgente de transferencia de fondos - Confidencial,1,Spear Phishing / CEO Fraud,CRÍTICO - Phishing Confirmado (Cuarentena),1,Spear Phishing / CEO Fraud,0.681,0.987,0.676,0.2,Urgencia/Amenaza de bloqueo: urgente; Patrón de Spear Phishing / CEO Fraud: confidencial,0.943
1365,valentina.castro@techcorp.com,Resumen semanal de actividades del equipo Soporte Técnico,0,Ninguno (Legítimo),BAJO - Correo Legítimo,0,Ninguno (Legítimo),0.151,0.007,0.352,0.1,Saludo genérico impersonal,0.021
1366,notificaciones-globalnet@soporte-urgente-banco.xyz,Su contraseña de correo expira hoy - Conserve su acceso,1,Password Reset / Tech Support Scam,CRÍTICO - Phishing Confirmado (Cuarentena),1,Password Reset / Tech Support Scam,0.749,0.987,0.561,0.63,"Dominio sospechoso con TLD de alto riesgo (.xyz, .tk, .top, etc.); Urgencia/Amenaza de bloqueo: urgente; Solicitud de credenciales/acceso: contrasena, credenciales; Saludo genérico impersonal",0.837
1367,andres.lopez@empresa.com,Solicitud de revisión de código - Pull Request #724,0,Ninguno (Legítimo),BAJO - Correo Legítimo,0,Ninguno (Legítimo),0.052,0.006,0.143,0.0,Ninguno,0.024
1368,soporte@actualiza-credenciales-pagos.net,URGENTE: Suspención temporal de su cuenta bancaria por actividad sospechosa,1,Credential Harvesting,CRÍTICO - Phishing Confirmado (Cuarentena),1,Credential Harvesting,0.912,0.987,0.762,1.0,"Protocolo HTTP no seguro (inseguro para credenciales/pagos); Dominio sospechoso con TLD de alto riesgo (.xyz, .tk, .top, etc.); Urgencia/Amenaza de bloqueo: actividad sospechosa, bloqueada, inmediatamente; Solicitud de credenciales/acceso: portal de verificacion, credenciales; Saludo genérico impersonal",0.953
1369,diego.castro@techcorp.com,Minuta de la reunión de planificación del sprint #444,0,Ninguno (Legítimo),BAJO - Correo Legítimo,0,Ninguno (Legítimo),0.114,0.006,0.319,0.0,Ninguno,0.055
1370,notificaciones-cloudservices@techcorp-admin-portal.tk,Su contraseña de correo expira hoy - Conserve su acceso,1,Password Reset / Tech Support Scam,CRÍTICO - Phishing Confirmado (Cuarentena),1,Password Reset / Tech Support Scam,0.702,0.987,0.486,0.55,"Dominio sospechoso con TLD de alto riesgo (.xyz, .tk, .top, etc.); Solicitud de credenciales/acceso: contrasena, credenciales; Saludo genérico impersonal",0.844
1371,roberto.morales@empresa.com,Recordatorio: Mantenimiento programado de Base de Datos,0,Ninguno (Legítimo),BAJO - Correo Legítimo,0,Ninguno (Legítimo),0.072,0.006,0.199,0.0,Ninguno,0.149
1372,notificaciones-plataformaeducativa@seguridad-cuenta-alert.online,Solicitud urgente de transferencia de fondos - Confidencial,1,Spear Phishing / CEO Fraud,CRÍTICO - Phishing Confirmado (Cuarentena),1,Spear Phishing / CEO Fraud,0.681,0.987,0.676,0.2,Urgencia/Amenaza de bloqueo: urgente; Patrón de Spear Phishing / CEO Fraud: confidencial,0.794
1373,andres.rodriguez@logisticaexpress.com,Consulta sobre la entrega del módulo HTML5 Semántico,0,Ninguno (Legítimo),BAJO - Correo Legítimo,0,Ninguno (Legítimo),0.15,0.005,0.35,0.1,Saludo genérico impersonal,0.103
1374,lucia.lopez@servicio-cliente.com,Solicitud de revisión de código - Pull Request #845,0,Ninguno (Legítimo),BAJO - Correo Legítimo,0,Ninguno (Legítimo),0.109,0.006,0.306,0.0,Ninguno,0.067
1375,valentina.mendoza@mail.com,Solicitud de revisión de código - Pull Request #271,0,Ninguno (Legítimo),BAJO - Correo Legítimo,0,Ninguno (Legítimo),0.109,0.006,0.306,0.0,Ninguno,0.097
1376,lucia.ramirez@empresa.com,Solicitud de revisión de código - Pull Request #973,0,Ninguno (Legítimo),BAJO - Correo Legítimo,0,Ninguno (Legítimo),0.069,0.006,0.119,0.1,Saludo genérico impersonal,0.035
1377,roberto.morales@empresa.com,Recordatorio: Mantenimiento programado de Servidor Node.js,0,Ninguno (Legítimo),BAJO - Correo Legítimo,0,Ninguno (Legítimo),0.068,0.006,0.115,0.1,Saludo genérico impersonal,0.039
1378,patricia.ramirez@gobierno.gob.ec,Consulta sobre la entrega del módulo Arquitectura Cliente-Servidor,0,Ninguno (Legítimo),BAJO - Correo Legítimo,0,Ninguno (Legítimo),0.094,0.007,0.262,0.0,Ninguno,0.013
1379,soporte@seguridad-cuenta-alert.online,URGENTE: Suspención temporal de su cuenta bancaria por actividad sospechosa,1,Credential Harvesting,CRÍTICO - Phishing Confirmado (Cuarentena),1,Credential Harvesting,0.82,0.986,0.752,0.65,"Protocolo HTTP no seguro (inseguro para credenciales/pagos); Urgencia/Amenaza de bloqueo: actividad sospechosa, bloqueada, inmediatamente; Solicitud de credenciales/acceso: portal de verificacion; Saludo genérico impersonal",0.929
1380,fernando.morales@mail.com,Solicitud de revisión de código - Pull Request #971,0,Ninguno (Legítimo),BAJO - Correo Legítimo,0,Ninguno (Legítimo),0.053,0.007,0.143,0.0,Ninguno,0.037
1381,patricia.martinez@servicio-cliente.com,Minuta de la reunión de planificación del sprint #745,0,Ninguno (Legítimo),BAJO - Correo Legítimo,0,Ninguno (Legítimo),0.046,0.006,0.124,0.0,Ninguno,0.025
1382,gabriel.gomez@techcorp.com,Minuta de la reunión de planificación del sprint #925,0,Ninguno (Legítimo),BAJO - Correo Legítimo,0,Ninguno (Legítimo),0.113,0.007,0.315,0.0,Ninguno,0.033
1383,notificaciones-banconacional@verificate-ahora-login.org,Su contraseña de correo expira hoy - Conserve su acceso,1,Password Reset / Tech Support Scam,ALTO - Probable Phishing (Bloqueo Preventivo),1,Password Reset / Tech Support Scam,0.642,0.987,0.493,0.3,"Solicitud de credenciales/acceso: contrasena, credenciales; Saludo genérico impersonal",0.847
1384,carlos.morales@logisticaexpress.com,Reunión de seguimiento - Proyecto Diseño UX/UI,0,Ninguno (Legítimo),BAJO - Correo Legítimo,0,Ninguno (Legítimo),0.067,0.004,0.115,0.1,Saludo genérico impersonal,0.047
1385,carlos.lopez@servicio-cliente.com,Confirmación de registro al evento Plataforma Web,0,Ninguno (Legítimo),BAJO - Correo Legítimo,0,Ninguno (Legítimo),0.118,0.006,0.329,0.0,Ninguno,0.111
1386,carlos.sanchez@empresa.com,Invitación: Taller sobre JavaScript Moderno ES6+,0,Ninguno (Legítimo),BAJO - Correo Legítimo,0,Ninguno (Legítimo),0.089,0.004,0.249,0.0,Ninguno,0.07
1387,camila.lopez@empresa.com,Reunión de seguimiento - Proyecto Plataforma Web,0,Ninguno (Legítimo),BAJO - Correo Legítimo,0,Ninguno (Legítimo),0.111,0.006,0.311,0.0,Ninguno,0.017
1388,notificaciones-cloudservices@logistica-express-rastreo.info,Factura vencida #45947 - Notificación final de cobro judicial,1,Fake Invoice / Malware Attachment,CRÍTICO - Phishing Confirmado (Cuarentena),1,Fake Invoice / Malware Attachment,0.818,0.986,0.54,0.94,"Dominio sospechoso con TLD de alto riesgo (.xyz, .tk, .top, etc.); Archivo adjunto ejecutable o empaquetado de riesgo (.exe, .zip, .js, etc.); Amenaza legal o cobro de facturas: cobro judicial, factura vencida; Saludo genérico impersonal",0.941
1389,jorge.mendoza@techcorp.com,Factura de servicio #431 de Marzo,0,Ninguno (Legítimo),BAJO - Correo Legítimo,0,Ninguno (Legítimo),0.091,0.008,0.251,0.0,Ninguno,0.141
1390,gabriel.perez@logisticaexpress.com,Invitación: Taller sobre JavaScript Moderno ES6+,0,Ninguno (Legítimo),BAJO - Correo Legítimo,0,Ninguno (Legítimo),0.064,0.006,0.104,0.1,Saludo genérico impersonal,0.053
1391,notificaciones-globalnet@actualiza-credenciales-pagos.net,Notificación de entrega fallida - Su paquete #22633 requiere pago de arancel,1,Package Delivery Scam,CRÍTICO - Phishing Confirmado (Cuarentena),1,Package Delivery Scam,0.66,0.986,0.366,0.55,"Dominio sospechoso con TLD de alto riesgo (.xyz, .tk, .top, etc.); Solicitud de credenciales/acceso: credenciales; Fraude de paquetería o aduanas: numero de rastreo; Saludo genérico impersonal",0.85
1392,diego.rodriguez@techcorp.com,Solicitud de revisión de código - Pull Request #157,0,Ninguno (Legítimo),BAJO - Correo Legítimo,0,Ninguno (Legítimo),0.12,0.007,0.263,0.1,Saludo genérico impersonal,0.143
1393,andres.torres@techcorp.com,Consulta sobre la entrega del módulo WCAG 2.2 y ARIA,0,Ninguno (Legítimo),BAJO - Correo Legítimo,0,Ninguno (Legítimo),0.094,0.007,0.262,0.0,Ninguno,0.055
1394,elena.vargas@mail.com,Recordatorio: Mantenimiento programado de Servicio de Autenticación,0,Ninguno (Legítimo),BAJO - Correo Legítimo,0,Ninguno (Legítimo),0.065,0.006,0.18,0.0,Ninguno,0.078
1395,ana.sanchez@gobierno.gob.ec,Solicitud de revisión de código - Pull Request #194,0,Ninguno (Legítimo),BAJO - Correo Legítimo,0,Ninguno (Legítimo),0.069,0.006,0.119,0.1,Saludo genérico impersonal,0.042
1396,sofia.rodriguez@servicio-cliente.com,Factura de servicio #464 de Mayo,0,Ninguno (Legítimo),BAJO - Correo Legítimo,0,Ninguno (Legítimo),0.091,0.007,0.251,0.0,Ninguno,0.129
1397,patricia.perez@empresa.edu.ec,Minuta de la reunión de planificación del sprint #322,0,Ninguno (Legítimo),BAJO - Correo Legítimo,0,Ninguno (Legítimo),0.046,0.006,0.124,0.0,Ninguno,0.139
1398,luis.sanchez@techcorp.com,Informe mensual de rendimiento de la plataforma,0,Ninguno (Legítimo),BAJO - Correo Legítimo,0,Ninguno (Legítimo),0.071,0.005,0.126,0.1,Saludo genérico impersonal,0.036
1399,valentina.sanchez@logisticaexpress.com,Confirmación de registro al evento Migración a la Nube,0,Ninguno (Legítimo),BAJO - Correo Legítimo,0,Ninguno (Legítimo),0.073,0.006,0.203,0.0,Ninguno,0.131
1400,roberto.torres@empresa.edu.ec,Informe mensual de rendimiento de la plataforma,0,Ninguno (Legítimo),BAJO - Correo Legítimo,0,Ninguno (Legítimo),0.062,0.006,0.171,0.0,Ninguno,0.041
1401,fernando.sanchez@bancorivera.com,Solicitud de revisión de código - Pull Request #701,0,Ninguno (Legítimo),BAJO - Correo Legítimo,0,Ninguno (Legítimo),0.109,0.006,0.306,0.0,Ninguno,0.085
1402,gabriel.lopez@empresa.edu.ec,Factura de servicio #653 de Marzo,0,Ninguno (Legítimo),BAJO - Correo Legítimo,0,Ninguno (Legítimo),0.091,0.007,0.252,0.0,Ninguno,0.065
1403,lucia.torres@techcorp.com,Minuta de la reunión de planificación del sprint #997,0,Ninguno (Legítimo),BAJO - Correo Legítimo,0,Ninguno (Legítimo),0.046,0.006,0.124,0.0,Ninguno,0.028
1404,luis.torres@servicio-cliente.com,Minuta de la reunión de planificación del sprint #723,0,Ninguno (Legítimo),BAJO - Correo Legítimo,0,Ninguno (Legítimo),0.121,0.006,0.266,0.1,Saludo genérico impersonal,0.1
1405,sofia.martinez@mail.com,Factura de servicio #908 de Marzo,0,Ninguno (Legítimo),BAJO - Correo Legítimo,0,Ninguno (Legítimo),0.075,0.008,0.204,0.0,Ninguno,0.149
1406,carlos.perez@mail.com,Consulta sobre la entrega del módulo HTML5 Semántico,0,Ninguno (Legítimo),BAJO - Correo Legítimo,0,Ninguno (Legítimo),0.094,0.007,0.262,0.0,Ninguno,0.148
1407,carlos.castro@techcorp.com,Factura de servicio #555 de Junio,0,Ninguno (Legítimo),BAJO - Correo Legítimo,0,Ninguno (Legítimo),0.121,0.008,0.266,0.1,Saludo genérico impersonal,0.088
1408,luis.vargas@mail.com,Minuta de la reunión de planificación del sprint #651,0,Ninguno (Legítimo),BAJO - Correo Legítimo,0,Ninguno (Legítimo),0.121,0.006,0.266,0.1,Saludo genérico impersonal,0.104
1409,notificaciones-techcorp@actualiza-credenciales-pagos.net,URGENTE: Suspención temporal de su cuenta bancaria por actividad sospechosa,1,Credential Harvesting,CRÍTICO - Phishing Confirmado (Cuarentena),1,Credential Harvesting,0.912,0.987,0.762,1.0,"Protocolo HTTP no seguro (inseguro para credenciales/pagos); Dominio sospechoso con TLD de alto riesgo (.xyz, .tk, .top, etc.); Urgencia/Amenaza de bloqueo: actividad sospechosa, bloqueada, inmediatamente; Solicitud de credenciales/acceso: portal de verificacion, credenciales; Saludo genérico impersonal",0.988
1410,notificaciones-banconacional@banc0-verificacion-segura.com,Factura vencida #85231 - Notificación final de cobro judicial,1,Fake Invoice / Malware Attachment,CRÍTICO - Phishing Confirmado (Cuarentena),1,Fake Invoice / Malware Attachment,0.756,0.986,0.54,0.69,"Archivo adjunto ejecutable o empaquetado de riesgo (.exe, .zip, .js, etc.); Amenaza legal o cobro de facturas: cobro judicial, factura vencida; Saludo genérico impersonal",0.916
1411,gabriel.gomez@techcorp.com,Invitación: Taller sobre CSS Responsivo,0,Ninguno (Legítimo),BAJO - Correo Legítimo,0,Ninguno (Legítimo),0.05,0.006,0.136,0.0,Ninguno,0.079
1412,lucia.morales@empresa.com,Solicitud de revisión de código - Pull Request #351,0,Ninguno (Legítimo),BAJO - Correo Legítimo,0,Ninguno (Legítimo),0.113,0.006,0.315,0.0,Ninguno,0.098
1413,andres.vargas@logisticaexpress.com,Factura de servicio #766 de Octubre,0,Ninguno (Legítimo),BAJO - Correo Legítimo,0,Ninguno (Legítimo),0.109,0.006,0.233,0.1,Saludo genérico impersonal,0.09
1414,roberto.vargas@bancorivera.com,Recordatorio: Mantenimiento programado de Servicio de Autenticación,0,Ninguno (Legítimo),BAJO - Correo Legítimo,0,Ninguno (Legítimo),0.069,0.005,0.119,0.1,Saludo genérico impersonal,0.014
1415,notificaciones-techcorp@actualiza-credenciales-pagos.net,Notificación de entrega fallida - Su paquete #48664 requiere pago de arancel,1,Package Delivery Scam,CRÍTICO - Phishing Confirmado (Cuarentena),1,Package Delivery Scam,0.66,0.986,0.366,0.55,"Dominio sospechoso con TLD de alto riesgo (.xyz, .tk, .top, etc.); Solicitud de credenciales/acceso: credenciales; Fraude de paquetería o aduanas: numero de rastreo; Saludo genérico impersonal",0.86
1416,notificaciones-cloudservices@techcorp-admin-portal.tk,Su contraseña de correo expira hoy - Conserve su acceso,1,Password Reset / Tech Support Scam,CRÍTICO - Phishing Confirmado (Cuarentena),1,Password Reset / Tech Support Scam,0.702,0.987,0.486,0.55,"Dominio sospechoso con TLD de alto riesgo (.xyz, .tk, .top, etc.); Solicitud de credenciales/acceso: contrasena, credenciales; Saludo genérico impersonal",0.851
1417,ana.sanchez@empresa.edu.ec,Reunión de seguimiento - Proyecto Integración API REST,0,Ninguno (Legítimo),BAJO - Correo Legítimo,0,Ninguno (Legítimo),0.119,0.005,0.263,0.1,Saludo genérico impersonal,0.011
1418,soporte@techcorp-admin-portal.tk,Notificación de entrega fallida - Su paquete #43969 requiere pago de arancel,1,Package Delivery Scam,ALTO - Probable Phishing (Bloqueo Preventivo),1,Package Delivery Scam,0.635,0.987,0.366,0.45,"Dominio sospechoso con TLD de alto riesgo (.xyz, .tk, .top, etc.); Fraude de paquetería o aduanas: numero de rastreo; Saludo genérico impersonal",0.885
1419,ana.fernandez@servicio-cliente.com,Consulta sobre la entrega del módulo HTML5 Semántico,0,Ninguno (Legítimo),BAJO - Correo Legítimo,0,Ninguno (Legítimo),0.094,0.006,0.262,0.0,Ninguno,0.117
1420,notificaciones-servipagos@seguridad-cuenta-alert.online,Notificación de entrega fallida - Su paquete #55954 requiere pago de arancel,1,Package Delivery Scam,ALTO - Probable Phishing (Bloqueo Preventivo),1,Package Delivery Scam,0.6,0.986,0.446,0.2,Fraude de paquetería o aduanas: numero de rastreo; Saludo genérico impersonal,0.838
1421,maria.torres@gobierno.gob.ec,Resumen semanal de actividades del equipo Desarrollo,0,Ninguno (Legítimo),BAJO - Correo Legítimo,0,Ninguno (Legítimo),0.066,0.006,0.183,0.0,Ninguno,0.119
1422,camila.perez@servicio-cliente.com,Informe mensual de rendimiento de la plataforma,0,Ninguno (Legítimo),BAJO - Correo Legítimo,0,Ninguno (Legítimo),0.072,0.006,0.126,0.1,Saludo genérico impersonal,0.05
1423,carlos.ramirez@empresa.edu.ec,Confirmación de registro al evento Integración API REST,0,Ninguno (Legítimo),BAJO - Correo Legítimo,0,Ninguno (Legítimo),0.147,0.006,0.343,0.1,Saludo genérico impersonal,0.065
1424,patricia.rodriguez@bancorivera.com,Confirmación de registro al evento Diseño UX/UI,0,Ninguno (Legítimo),BAJO - Correo Legítimo,0,Ninguno (Legítimo),0.14,0.007,0.391,0.0,Ninguno,0.013
1425,elena.martinez@mail.com,Resumen semanal de actividades del equipo Recursos Humanos,0,Ninguno (Legítimo),BAJO - Correo Legítimo,0,Ninguno (Legítimo),0.053,0.006,0.146,0.0,Ninguno,0.053
1426,carlos.ramirez@servicio-cliente.com,Recordatorio: Mantenimiento programado de Servicio de Autenticación,0,Ninguno (Legítimo),BAJO - Correo Legítimo,0,Ninguno (Legítimo),0.119,0.005,0.263,0.1,Saludo genérico impersonal,0.062
1427,fernando.rios@logisticaexpress.com,Recordatorio: Mantenimiento programado de Servidor Node.js,0,Ninguno (Legítimo),BAJO - Correo Legítimo,0,Ninguno (Legítimo),0.067,0.007,0.183,0.0,Ninguno,0.064
1428,carlos.lopez@empresa.com,Informe mensual de rendimiento de la plataforma,0,Ninguno (Legítimo),BAJO - Correo Legítimo,0,Ninguno (Legítimo),0.046,0.006,0.124,0.0,Ninguno,0.057
1429,diego.fernandez@bancorivera.com,Reunión de seguimiento - Proyecto Diseño UX/UI,0,Ninguno (Legítimo),BAJO - Correo Legítimo,0,Ninguno (Legítimo),0.111,0.006,0.311,0.0,Ninguno,0.079
1430,soporte@verificate-ahora-login.org,Solicitud urgente de transferencia de fondos - Confidencial,1,Spear Phishing / CEO Fraud,CRÍTICO - Phishing Confirmado (Cuarentena),1,Spear Phishing / CEO Fraud,0.681,0.987,0.676,0.2,Urgencia/Amenaza de bloqueo: urgente; Patrón de Spear Phishing / CEO Fraud: confidencial,0.912
1431,roberto.ramirez@bancorivera.com,Minuta de la reunión de planificación del sprint #583,0,Ninguno (Legítimo),BAJO - Correo Legítimo,0,Ninguno (Legítimo),0.113,0.006,0.315,0.0,Ninguno,0.013
1432,camila.rodriguez@techcorp.com,Minuta de la reunión de planificación del sprint #927,0,Ninguno (Legítimo),BAJO - Correo Legítimo,0,Ninguno (Legítimo),0.062,0.005,0.172,0.0,Ninguno,0.044
1433,notificaciones-servipagos@soporte-urgente-banco.xyz,Solicitud urgente de transferencia de fondos - Confidencial,1,Spear Phishing / CEO Fraud,CRÍTICO - Phishing Confirmado (Cuarentena),1,Spear Phishing / CEO Fraud,0.744,0.987,0.676,0.45,"Dominio sospechoso con TLD de alto riesgo (.xyz, .tk, .top, etc.); Urgencia/Amenaza de bloqueo: urgente; Patrón de Spear Phishing / CEO Fraud: confidencial",0.783
1434,jorge.castro@bancorivera.com,Solicitud de revisión de código - Pull Request #378,0,Ninguno (Legítimo),BAJO - Correo Legítimo,0,Ninguno (Legítimo),0.053,0.007,0.143,0.0,Ninguno,0.013
1435,patricia.lopez@servicio-cliente.com,Consulta sobre la entrega del módulo WCAG 2.2 y ARIA,0,Ninguno (Legítimo),BAJO - Correo Legítimo,0,Ninguno (Legítimo),0.15,0.005,0.35,0.1,Saludo genérico impersonal,0.048
1436,ana.lopez@empresa.edu.ec,Factura de servicio #688 de Julio,0,Ninguno (Legítimo),BAJO - Correo Legítimo,0,Ninguno (Legítimo),0.074,0.007,0.204,0.0,Ninguno,0.133
1437,valentina.mendoza@empresa.com,Recordatorio: Mantenimiento programado de Servidor Node.js,0,Ninguno (Legítimo),BAJO - Correo Legítimo,0,Ninguno (Legítimo),0.054,0.007,0.146,0.0,Ninguno,0.048
1438,maria.ramirez@bancorivera.com,Informe mensual de rendimiento de la plataforma,0,Ninguno (Legítimo),BAJO - Correo Legítimo,0,Ninguno (Legítimo),0.087,0.006,0.241,0.0,Ninguno,0.016
1439,diego.mendoza@mail.com,Resumen semanal de actividades del equipo Ciberseguridad,0,Ninguno (Legítimo),BAJO - Correo Legítimo,0,Ninguno (Legítimo),0.111,0.006,0.311,0.0,Ninguno,0.081
1440,soporte@actualiza-credenciales-pagos.net,Factura vencida #29403 - Notificación final de cobro judicial,1,Fake Invoice / Malware Attachment,CRÍTICO - Phishing Confirmado (Cuarentena),1,Fake Invoice / Malware Attachment,0.818,0.986,0.54,0.94,"Dominio sospechoso con TLD de alto riesgo (.xyz, .tk, .top, etc.); Archivo adjunto ejecutable o empaquetado de riesgo (.exe, .zip, .js, etc.); Amenaza legal o cobro de facturas: cobro judicial, factura vencida; Saludo genérico impersonal",0.99
1441,notificaciones-globalnet@soporte-urgente-banco.xyz,Notificación de entrega fallida - Su paquete #10195 requiere pago de arancel,1,Package Delivery Scam,CRÍTICO - Phishing Confirmado (Cuarentena),1,Package Delivery Scam,0.71,0.986,0.523,0.53,"Dominio sospechoso con TLD de alto riesgo (.xyz, .tk, .top, etc.); Urgencia/Amenaza de bloqueo: urgente; Fraude de paquetería o aduanas: numero de rastreo; Saludo genérico impersonal",0.8
1442,notificaciones-servipagos@logistica-express-rastreo.info,Factura vencida #41361 - Notificación final de cobro judicial,1,Fake Invoice / Malware Attachment,CRÍTICO - Phishing Confirmado (Cuarentena),1,Fake Invoice / Malware Attachment,0.818,0.986,0.54,0.94,"Dominio sospechoso con TLD de alto riesgo (.xyz, .tk, .top, etc.); Archivo adjunto ejecutable o empaquetado de riesgo (.exe, .zip, .js, etc.); Amenaza legal o cobro de facturas: cobro judicial, factura vencida; Saludo genérico impersonal",0.88
1443,roberto.mendoza@bancorivera.com,Reunión de seguimiento - Proyecto Plataforma Web,0,Ninguno (Legítimo),BAJO - Correo Legítimo,0,Ninguno (Legítimo),0.067,0.004,0.115,0.1,Saludo genérico impersonal,0.038
1444,roberto.gomez@mail.com,Invitación: Taller sobre WCAG 2.2 y ARIA,0,Ninguno (Legítimo),BAJO - Correo Legítimo,0,Ninguno (Legítimo),0.064,0.006,0.104,0.1,Saludo genérico impersonal,0.044
1445,notificaciones-servipagos@logistica-express-rastreo.info,Solicitud urgente de transferencia de fondos - Confidencial,1,Spear Phishing / CEO Fraud,CRÍTICO - Phishing Confirmado (Cuarentena),1,Spear Phishing / CEO Fraud,0.744,0.987,0.676,0.45,"Dominio sospechoso con TLD de alto riesgo (.xyz, .tk, .top, etc.); Urgencia/Amenaza de bloqueo: urgente; Patrón de Spear Phishing / CEO Fraud: confidencial",0.822
1446,lucia.castro@gobierno.gob.ec,Confirmación de registro al evento Migración a la Nube,0,Ninguno (Legítimo),BAJO - Correo Legítimo,0,Ninguno (Legítimo),0.149,0.007,0.346,0.1,Saludo genérico impersonal,0.099
1447,gabriel.mendoza@logisticaexpress.com,Invitación: Taller sobre HTML5 Semántico,0,Ninguno (Legítimo),BAJO - Correo Legítimo,0,Ninguno (Legítimo),0.05,0.006,0.136,0.0,Ninguno,0.095
1448,soporte@techcorp-admin-portal.tk,Solicitud urgente de transferencia de fondos - Confidencial,1,Spear Phishing / CEO Fraud,CRÍTICO - Phishing Confirmado (Cuarentena),1,Spear Phishing / CEO Fraud,0.744,0.987,0.676,0.45,"Dominio sospechoso con TLD de alto riesgo (.xyz, .tk, .top, etc.); Urgencia/Amenaza de bloqueo: urgente; Patrón de Spear Phishing / CEO Fraud: confidencial",0.803
1449,jorge.lopez@logisticaexpress.com,Minuta de la reunión de planificación del sprint #557,0,Ninguno (Legítimo),BAJO - Correo Legítimo,0,Ninguno (Legítimo),0.121,0.007,0.266,0.1,Saludo genérico impersonal,0.015
1450,jorge.torres@logisticaexpress.com,Confirmación de registro al evento Migración a la Nube,0,Ninguno (Legítimo),BAJO - Correo Legítimo,0,Ninguno (Legítimo),0.091,0.005,0.253,0.0,Ninguno,0.149
1451,soporte@actualiza-credenciales-pagos.net,Su contraseña de correo expira hoy - Conserve su acceso,1,Password Reset / Tech Support Scam,CRÍTICO - Phishing Confirmado (Cuarentena),1,Password Reset / Tech Support Scam,0.703,0.987,0.487,0.55,"Dominio sospechoso con TLD de alto riesgo (.xyz, .tk, .top, etc.); Solicitud de credenciales/acceso: contrasena, credenciales; Saludo genérico impersonal",0.837
1452,lucia.ramirez@bancorivera.com,Invitación: Taller sobre HTML5 Semántico,0,Ninguno (Legítimo),BAJO - Correo Legítimo,0,Ninguno (Legítimo),0.05,0.006,0.136,0.0,Ninguno,0.034
1453,soporte@verificate-ahora-login.org,Solicitud urgente de transferencia de fondos - Confidencial,1,Spear Phishing / CEO Fraud,CRÍTICO - Phishing Confirmado (Cuarentena),1,Spear Phishing / CEO Fraud,0.681,0.987,0.676,0.2,Urgencia/Amenaza de bloqueo: urgente; Patrón de Spear Phishing / CEO Fraud: confidencial,0.785
1454,luis.sanchez@empresa.edu.ec,Recordatorio: Mantenimiento programado de API REST,0,Ninguno (Legítimo),BAJO - Correo Legítimo,0,Ninguno (Legítimo),0.067,0.005,0.115,0.1,Saludo genérico impersonal,0.071
1455,sofia.vargas@techcorp.com,Recordatorio: Mantenimiento programado de API REST,0,Ninguno (Legítimo),BAJO - Correo Legítimo,0,Ninguno (Legítimo),0.111,0.005,0.311,0.0,Ninguno,0.097
1456,sofia.torres@techcorp.com,Invitación: Taller sobre WCAG 2.2 y ARIA,0,Ninguno (Legítimo),BAJO - Correo Legítimo,0,Ninguno (Legítimo),0.064,0.006,0.104,0.1,Saludo genérico impersonal,0.085
1457,notificaciones-banconacional@logistica-express-rastreo.info,Solicitud urgente de transferencia de fondos - Confidencial,1,Spear Phishing / CEO Fraud,CRÍTICO - Phishing Confirmado (Cuarentena),1,Spear Phishing / CEO Fraud,0.744,0.987,0.676,0.45,"Dominio sospechoso con TLD de alto riesgo (.xyz, .tk, .top, etc.); Urgencia/Amenaza de bloqueo: urgente; Patrón de Spear Phishing / CEO Fraud: confidencial",0.924
1458,fernando.rodriguez@servicio-cliente.com,Consulta sobre la entrega del módulo Arquitectura Cliente-Servidor,0,Ninguno (Legítimo),BAJO - Correo Legítimo,0,Ninguno (Legítimo),0.125,0.006,0.279,0.1,Saludo genérico impersonal,0.075
1459,notificaciones-plataformaeducativa@banc0-verificacion-segura.com,Notificación de entrega fallida - Su paquete #14784 requiere pago de arancel,1,Package Delivery Scam,ALTO - Probable Phishing (Bloqueo Preventivo),1,Package Delivery Scam,0.599,0.986,0.441,0.2,Fraude de paquetería o aduanas: numero de rastreo; Saludo genérico impersonal,0.817
1460,jorge.perez@mail.com,Invitación: Taller sobre JavaScript Moderno ES6+,0,Ninguno (Legítimo),BAJO - Correo Legítimo,0,Ninguno (Legítimo),0.064,0.006,0.104,0.1,Saludo genérico impersonal,0.133
1461,gabriel.mendoza@empresa.com,Invitación: Taller sobre CSS Responsivo,0,Ninguno (Legítimo),BAJO - Correo Legítimo,0,Ninguno (Legítimo),0.119,0.005,0.262,0.1,Saludo genérico impersonal,0.012
1462,maria.rodriguez@servicio-cliente.com,Resumen semanal de actividades del equipo Soporte Técnico,0,Ninguno (Legítimo),BAJO - Correo Legítimo,0,Ninguno (Legítimo),0.143,0.006,0.401,0.0,Ninguno,0.13
1463,elena.castro@empresa.edu.ec,Minuta de la reunión de planificación del sprint #629,0,Ninguno (Legítimo),BAJO - Correo Legítimo,0,Ninguno (Legítimo),0.072,0.006,0.126,0.1,Saludo genérico impersonal,0.067
1464,ana.lopez@empresa.edu.ec,Recordatorio: Mantenimiento programado de Base de Datos,0,Ninguno (Legítimo),BAJO - Correo Legítimo,0,Ninguno (Legítimo),0.142,0.006,0.327,0.1,Saludo genérico impersonal,0.045
1465,soporte@seguridad-cuenta-alert.online,URGENTE: Suspención temporal de su cuenta bancaria por actividad sospechosa,1,Credential Harvesting,CRÍTICO - Phishing Confirmado (Cuarentena),1,Credential Harvesting,0.82,0.986,0.752,0.65,"Protocolo HTTP no seguro (inseguro para credenciales/pagos); Urgencia/Amenaza de bloqueo: actividad sospechosa, bloqueada, inmediatamente; Solicitud de credenciales/acceso: portal de verificacion; Saludo genérico impersonal",0.95
1466,elena.gomez@logisticaexpress.com,Factura de servicio #708 de Febrero,0,Ninguno (Legítimo),BAJO - Correo Legítimo,0,Ninguno (Legítimo),0.091,0.007,0.252,0.0,Ninguno,0.015
1467,notificaciones-megamarket@techcorp-admin-portal.tk,Factura vencida #22963 - Notificación final de cobro judicial,1,Fake Invoice / Malware Attachment,CRÍTICO - Phishing Confirmado (Cuarentena),1,Fake Invoice / Malware Attachment,0.818,0.986,0.54,0.94,"Dominio sospechoso con TLD de alto riesgo (.xyz, .tk, .top, etc.); Archivo adjunto ejecutable o empaquetado de riesgo (.exe, .zip, .js, etc.); Amenaza legal o cobro de facturas: cobro judicial, factura vencida; Saludo genérico impersonal",0.941
1468,soporte@seguridad-cuenta-alert.online,Su contraseña de correo expira hoy - Conserve su acceso,1,Password Reset / Tech Support Scam,CRÍTICO - Phishing Confirmado (Cuarentena),1,Password Reset / Tech Support Scam,0.669,0.987,0.57,0.3,"Solicitud de credenciales/acceso: contrasena, credenciales; Saludo genérico impersonal",0.917
1469,carlos.vargas@empresa.edu.ec,Factura de servicio #310 de Septiembre,0,Ninguno (Legítimo),BAJO - Correo Legítimo,0,Ninguno (Legítimo),0.121,0.008,0.266,0.1,Saludo genérico impersonal,0.109
1470,notificaciones-banconacional@actualiza-credenciales-pagos.net,Factura vencida #71339 - Notificación final de cobro judicial,1,Fake Invoice / Malware Attachment,CRÍTICO - Phishing Confirmado (Cuarentena),1,Fake Invoice / Malware Attachment,0.818,0.986,0.54,0.94,"Dominio sospechoso con TLD de alto riesgo (.xyz, .tk, .top, etc.); Archivo adjunto ejecutable o empaquetado de riesgo (.exe, .zip, .js, etc.); Amenaza legal o cobro de facturas: cobro judicial, factura vencida; Saludo genérico impersonal",0.931
1471,camila.rios@techcorp.com,Recordatorio: Mantenimiento programado de Servicio de Autenticación,0,Ninguno (Legítimo),BAJO - Correo Legítimo,0,Ninguno (Legítimo),0.069,0.005,0.119,0.1,Saludo genérico impersonal,0.118
1472,valentina.morales@empresa.edu.ec,Reunión de seguimiento - Proyecto Auditoría de Seguridad,0,Ninguno (Legítimo),BAJO - Correo Legítimo,0,Ninguno (Legítimo),0.065,0.004,0.182,0.0,Ninguno,0.075
1473,sofia.perez@techcorp.com,Resumen semanal de actividades del equipo Desarrollo,0,Ninguno (Legítimo),BAJO - Correo Legítimo,0,Ninguno (Legítimo),0.053,0.006,0.146,0.0,Ninguno,0.015
1474,fernando.fernandez@servicio-cliente.com,Reunión de seguimiento - Proyecto Diseño UX/UI,0,Ninguno (Legítimo),BAJO - Correo Legítimo,0,Ninguno (Legítimo),0.112,0.007,0.311,0.0,Ninguno,0.044
1475,maria.rios@empresa.com,Invitación: Taller sobre Arquitectura Cliente-Servidor,0,Ninguno (Legítimo),BAJO - Correo Legítimo,0,Ninguno (Legítimo),0.115,0.004,0.324,0.0,Ninguno,0.04
1476,sofia.rios@logisticaexpress.com,Factura de servicio #734 de Septiembre,0,Ninguno (Legítimo),BAJO - Correo Legítimo,0,Ninguno (Legítimo),0.115,0.007,0.321,0.0,Ninguno,0.08
1477,soporte@seguridad-cuenta-alert.online,Su contraseña de correo expira hoy - Conserve su acceso,1,Password Reset / Tech Support Scam,CRÍTICO - Phishing Confirmado (Cuarentena),1,Password Reset / Tech Support Scam,0.669,0.987,0.57,0.3,"Solicitud de credenciales/acceso: contrasena, credenciales; Saludo genérico impersonal",0.854
1478,notificaciones-plataformaeducativa@logistica-express-rastreo.info,Su contraseña de correo expira hoy - Conserve su acceso,1,Password Reset / Tech Support Scam,CRÍTICO - Phishing Confirmado (Cuarentena),1,Password Reset / Tech Support Scam,0.705,0.987,0.493,0.55,"Dominio sospechoso con TLD de alto riesgo (.xyz, .tk, .top, etc.); Solicitud de credenciales/acceso: contrasena, credenciales; Saludo genérico impersonal",0.857
1479,luis.gomez@mail.com,Reunión de seguimiento - Proyecto Plataforma Web,0,Ninguno (Legítimo),BAJO - Correo Legítimo,0,Ninguno (Legítimo),0.119,0.005,0.263,0.1,Saludo genérico impersonal,0.079
1480,patricia.morales@mail.com,Confirmación de registro al evento Plataforma Web,0,Ninguno (Legítimo),BAJO - Correo Legítimo,0,Ninguno (Legítimo),0.094,0.005,0.263,0.0,Ninguno,0.123
1481,soporte@soporte-urgente-banco.xyz,Notificación de entrega fallida - Su paquete #44025 requiere pago de arancel,1,Package Delivery Scam,CRÍTICO - Phishing Confirmado (Cuarentena),1,Package Delivery Scam,0.71,0.986,0.523,0.53,"Dominio sospechoso con TLD de alto riesgo (.xyz, .tk, .top, etc.); Urgencia/Amenaza de bloqueo: urgente; Fraude de paquetería o aduanas: numero de rastreo; Saludo genérico impersonal",0.95
1482,notificaciones-logisticaexpress@banc0-verificacion-segura.com,Factura vencida #30120 - Notificación final de cobro judicial,1,Fake Invoice / Malware Attachment,CRÍTICO - Phishing Confirmado (Cuarentena),1,Fake Invoice / Malware Attachment,0.756,0.986,0.54,0.69,"Archivo adjunto ejecutable o empaquetado de riesgo (.exe, .zip, .js, etc.); Amenaza legal o cobro de facturas: cobro judicial, factura vencida; Saludo genérico impersonal",0.928
1483,andres.lopez@bancorivera.com,Confirmación de registro al evento Diseño UX/UI,0,Ninguno (Legítimo),BAJO - Correo Legítimo,0,Ninguno (Legítimo),0.14,0.007,0.391,0.0,Ninguno,0.126
1484,patricia.torres@bancorivera.com,Resumen semanal de actividades del equipo Infraestructura,0,Ninguno (Legítimo),BAJO - Correo Legítimo,0,Ninguno (Legítimo),0.111,0.006,0.311,0.0,Ninguno,0.119
1485,andres.vargas@techcorp.com,Consulta sobre la entrega del módulo WCAG 2.2 y ARIA,0,Ninguno (Legítimo),BAJO - Correo Legítimo,0,Ninguno (Legítimo),0.125,0.006,0.279,0.1,Saludo genérico impersonal,0.106
1486,ana.torres@empresa.com,Consulta sobre la entrega del módulo HTML5 Semántico,0,Ninguno (Legítimo),BAJO - Correo Legítimo,0,Ninguno (Legítimo),0.15,0.005,0.35,0.1,Saludo genérico impersonal,0.03
1487,camila.fernandez@techcorp.com,Confirmación de registro al evento Migración a la Nube,0,Ninguno (Legítimo),BAJO - Correo Legítimo,0,Ninguno (Legítimo),0.073,0.006,0.203,0.0,Ninguno,0.017
1488,patricia.lopez@bancorivera.com,Confirmación de registro al evento Auditoría de Seguridad,0,Ninguno (Legítimo),BAJO - Correo Legítimo,0,Ninguno (Legítimo),0.139,0.007,0.388,0.0,Ninguno,0.106
1489,luis.sanchez@servicio-cliente.com,Consulta sobre la entrega del módulo JavaScript Moderno ES6+,0,Ninguno (Legítimo),BAJO - Correo Legítimo,0,Ninguno (Legítimo),0.125,0.006,0.279,0.1,Saludo genérico impersonal,0.018
1490,lucia.martinez@techcorp.com,Consulta sobre la entrega del módulo WCAG 2.2 y ARIA,0,Ninguno (Legítimo),BAJO - Correo Legítimo,0,Ninguno (Legítimo),0.083,0.004,0.233,0.0,Ninguno,0.031
1491,notificaciones-techcorp@banc0-verificacion-segura.com,Solicitud urgente de transferencia de fondos - Confidencial,1,Spear Phishing / CEO Fraud,CRÍTICO - Phishing Confirmado (Cuarentena),1,Spear Phishing / CEO Fraud,0.681,0.987,0.676,0.2,Urgencia/Amenaza de bloqueo: urgente; Patrón de Spear Phishing / CEO Fraud: confidencial,0.805
1492,soporte@verificate-ahora-login.org,Factura vencida #25819 - Notificación final de cobro judicial,1,Fake Invoice / Malware Attachment,CRÍTICO - Phishing Confirmado (Cuarentena),1,Fake Invoice / Malware Attachment,0.756,0.986,0.54,0.69,"Archivo adjunto ejecutable o empaquetado de riesgo (.exe, .zip, .js, etc.); Amenaza legal o cobro de facturas: cobro judicial, factura vencida; Saludo genérico impersonal",0.898
1493,fernando.rios@empresa.com,Solicitud de revisión de código - Pull Request #666,0,Ninguno (Legítimo),BAJO - Correo Legítimo,0,Ninguno (Legítimo),0.069,0.006,0.119,0.1,Saludo genérico impersonal,0.144
1494,soporte@verificate-ahora-login.org,Factura vencida #82036 - Notificación final de cobro judicial,1,Fake Invoice / Malware Attachment,CRÍTICO - Phishing Confirmado (Cuarentena),1,Fake Invoice / Malware Attachment,0.756,0.986,0.54,0.69,"Archivo adjunto ejecutable o empaquetado de riesgo (.exe, .zip, .js, etc.); Amenaza legal o cobro de facturas: cobro judicial, factura vencida; Saludo genérico impersonal",0.988
1495,notificaciones-banconacional@logistica-express-rastreo.info,URGENTE: Suspención temporal de su cuenta bancaria por actividad sospechosa,1,Credential Harvesting,CRÍTICO - Phishing Confirmado (Cuarentena),1,Credential Harvesting,0.883,0.987,0.752,0.9,"Protocolo HTTP no seguro (inseguro para credenciales/pagos); Dominio sospechoso con TLD de alto riesgo (.xyz, .tk, .top, etc.); Urgencia/Amenaza de bloqueo: actividad sospechosa, bloqueada, inmediatamente; Solicitud de credenciales/acceso: portal de verificacion; Saludo genérico impersonal",0.913
1496,andres.mendoza@bancorivera.com,Confirmación de registro al evento Plataforma Web,0,Ninguno (Legítimo),BAJO - Correo Legítimo,0,Ninguno (Legítimo),0.147,0.006,0.343,0.1,Saludo genérico impersonal,0.036
1497,maria.rios@servicio-cliente.com,Recordatorio: Mantenimiento programado de Servicio de Autenticación,0,Ninguno (Legítimo),BAJO - Correo Legítimo,0,Ninguno (Legítimo),0.11,0.005,0.308,0.0,Ninguno,0.086
1498,elena.sanchez@mail.com,Factura de servicio #815 de Agosto,0,Ninguno (Legítimo),BAJO - Correo Legítimo,0,Ninguno (Legítimo),0.121,0.008,0.266,0.1,Saludo genérico impersonal,0.149
1499,roberto.perez@mail.com,Reunión de seguimiento - Proyecto Integración API REST,0,Ninguno (Legítimo),BAJO - Correo Legítimo,0,Ninguno (Legítimo),0.067,0.004,0.115,0.1,Saludo genérico impersonal,0.073
1500,lucia.perez@servicio-cliente.com,Invitación: Taller sobre JavaScript Moderno ES6+,0,Ninguno (Legítimo),BAJO - Correo Legítimo,0,Ninguno (Legítimo),0.113,0.004,0.317,0.0,Ninguno,0.081
